Keyword;Avg. monthly searches
procreate brushes for painting;480
painting procreate brushes;40
procreate brushes painting;40
best painting brushes procreate;30
procreate oil painting brushes;30
digital painting procreate brushes;10
procreate brushes free painting;10
procreate oil painting brushes free;10
digital painting procreate brushes free;0
procreate brushes free download painting;0
procreate free brushes painting;0
painting brushes on procreate;0
procreate brushes oil paintings;0