christmas tshirt designs;880
ugly christmas sweater pattern;880
cute christmas tee shirts;880
cute ugly xmas sweater;720
xmas sweater design;720
ugly christmas sweater background;590
christmas tree shirt design;590
cute christmas treats;590
3d ugly christmas sweater;480
ugly christmas sweater crochet;260
ugly christmas sweater svg;210
ugly sweater png;210
printable christmas sweater;170
ugly christmas sweater craft;170
christmas sweater printable;170
sublimation ideas for christmas;140
christmas sweater png;140
ugly christmas sweaters png;140
christmas graphic tee men;110
mens christmas graphic tees;110
printable ugly christmas sweater;110
funny christmas shirts diy;110
christmas sublimation designs;110
ugly christmas sweater vector;90
family christmas shirts svg;90
funny christmas shirt svg;90
ugly christmas sweater graphic;70
christmas character png;70
christmas shirt png;70
christmas sublimation designs free;50
free sublimation designs downloads;50
ugly christmas sweater art;50
ugly christmas sweater wallpaper;50
funny christmas shirt designs;50
christmas tree shirt diy;50
cute christmas tees;50
cute christmas tee;50
holiday shirt design;40
holiday shirt designs;40
christmas sweater pattern png;40
christmas shirt designs png;30
funny christmas graphic tee;30
sublimation christmas gift ideas;30
christmas hoodie design;30
christmas hoodie designs;30
ugly sweater pattern png;30
christmas pajama png;30
santa shirt png;30
holiday t shirt design;20
retro santa png;20
ugly christmas sweater illustration;20
christmas plaid png;20
teacher christmas shirt svg;20
teacher christmas shirts svg;20
christmas tree shirt svg;20
handprint christmas tree shirt;20
leopard print christmas shirt;20
leopard print christmas shirts;20
retro christmas png;20
christmas design on tshirt;10
christmas gnome sublimation designs;10
christmas party tshirt design;10
christmas retro png;10
christmas shirt png free;10
christmas sublimation earring designs;10
christmas t shirt png;10
christmas tree sublimation designs;10
christmas tshirt design ideas;10
christmas tshirt designs svg;10
christmas vacation sublimation designs;10
coquette christmas tree png;10
cute christmas sublimation designs;10
free christmas sublimation designs;10
funny christmas shirt png;10
funny christmas sublimation designs;10
holiday shirt design ideas;10
merry christmas quotes png;10
sublimation christmas ornaments ideas;10
sublimation christmas stocking ideas;10
tshirt design for christmas;10
vintage christmas graphic tee;10
winter sublimation designs;10
christmas sweater design png;10
merry christmas shirt svg;10
ugly christmas sweater quilt;10
christmas tote bag pattern;10
ugly christmas png;10
ugly christmas tree png;10
art teacher christmas shirt;10
christmas teacher shirt svg;10
christmas teacher shirts svg;10
family christmas shirts cricut;10
family christmas shirts diy;10
family christmas shirts png;10
kindergarten teacher christmas shirt;10
matching christmas shirts svg;10
christmas shirt sublimation;10
christmas t shirt sublimation;10
couples christmas shirts svg;10
iron man christmas drawing;10
boxer dog christmas shirt;10
christmas pj designs;10
christmas tree shirt pattern;10
reindeer shirt design;10
santa claus shirt png;10
christmas quotes png;10
christmas tshirt png;10
coquette christmas png;10
sublimation designs downloads;10
ugly christmas sweater diy;5
ugly christmas sweaters diy;5
ugly xmas sweater diy;5
ugly christmas sweater drawing;4
ugly christmas sweater party;3
ugly xmas sweater party;3
ugly christmas sweater design;1
ugly xmas sweater design;1
christmas graphic tees;1
graphic tee christmas;1
ugly christmas sweater template;1
christmas graphic tee;1
christmas graphic tee kids;0
christmas graphic tees kids;0
girls christmas graphic tee;0
baby first christmas crafts;0
baby first christmas handprint;0
baby first christmas keepsake;0
baby first christmas svg;0
christmas tote bag diy;0
christmas sublimation designs kids;0
christmas sublimation designs shirts;0
christmas sublimation designs cups;0
christmas sublimation designs tumbler;0
christmas sublimation designs pink;0
christmas sublimation designs mug;0
christmas sublimation designs family;0
christmas sublimation designs boys;0
sublimation tumbler designs christmas;0
sublimation mug designs christmas;0
christmas cup sublimation designs;0
kids christmas sublimation designs;0
sublimation designs for christmas;0
grinch christmas sublimation designs;0
merry christmas sublimation designs;0
sublimation christmas ornament designs;0
christmas ornaments sublimation designs;0
christmas tshirt designs sublimation;0
teacher christmas sublimation designs;0
vintage christmas sublimation designs;0
western christmas sublimation designs;0
3d sublimation christmas designs;0
retro christmas png images;0
retro christmas pngs;0
christmas tree retro png;0
retro vintage christmas png;0
retro christmas aesthetic png;0
retro christmas shirt png;0
funny christmas shirts png;0
sarcastic christmas png;0
vintage christmas sublimation;0
pink christmas sublimation designs;0
pink christmas sublimation;0
coquette christmas pngs;0
coquette png christmas;0
coquette christmas stickers png;0
coquette christmas icon png;0
christmas coquette bow png;0
christmas tshirt designs family;0
christmas tshirt designs funny;0
christmas tshirt designs christian;0
christmas tshirt design png;0
christmas tshirt designs green;0
christmas tshirt designs diy;0
white christmas tshirt design;0
christmas theme tshirt designs;0
christmas tshirt designs vector;0
christmas tshirt designs simple;0
2026 christmas tshirt design;0
christmas tshirt designs black;0
kids christmas tshirt design;0
christmas tshirt designs snoopy;0
christmas logo design tshirt;0
christmas tshirt design men;0
christmas tshirt designs gold;0
christmas tshirt design aesthetic;0
company christmas tshirt design;0
christmas tree tshirt design;0
christmas tshirt design family;0
graphic tshirt design christmas;0
green christmas tshirt design;0
christmas design in tshirt;0
christmas tshirt design jesus;0
christmas tshirt design kids;0
design tshirt merry christmas;0
marry christmas design tshirt;0
minimalist christmas tshirt design;0
tshirt printing design christmas;0
christmas tshirt print design;0
pink christmas tshirt design;0
christmas tshirt design red;0
retro christmas tshirt design;0
christmas tshirt design sublimation;0
christmas tshirt design svg;0
simple christmas tshirt design;0
vintage christmas tshirt design;0
christmas tshirt design 2026;0
christmas 2026 tshirt design;0
png sublimation designs downloads;0
christmas sweater free printable;0
retro santa claus png;0
png christmas quotes;0
christmas tumbler ideas sublimation;0
sublimation christmas craft ideas;0
sublimation cup ideas christmas;0
christmas ideas sublimation;0
sublimation mugs ideas christmas;0
sublimation projects ideas christmas;0
sublimation christmas blanket ideas;0
sublimation christmas ideas diy;0
christmas sublimation ideas free;0
christmas sublimation ideas grinch;0
christmas mug sublimation ideas;0
christmas sublimation ornament ideas;0
sublimation puzzle ideas christmas;0
christmas printables for shirts;0
png christmas character;0
cute christmas character png;0
disney character christmas png;0
slot character png christmas;0
winter sublimation designs free;0
winter sublimation ideas;0
winter sublimation tumblers;0
winter tumbler ideas sublimation;0
sublimation designs winter;0
winter sublimation;0
christmas shirt png kids;0
christmas shirt pngs;0
christmas shirt png aesthetic;0
merry christmas shirt png;0
t-shirt christmas png;0
t-shirt christmas designs png;0
disney christmas shirt png;0
christmas png for shirt;0
grinch christmas shirt png;0
christmas shirt ideas png;0
christmas tee png;0
winter holiday shirt designs;0
happy holiday shirt design;0
t shirt design holiday;0
winter t-shirt png;0
png winter shirt;0
diy xmas shirt ideas;0
christmas graphic tee outfit;0
christmas graphic tee design;0
christmas graphic tees funny;0
christmas graphic tee ideas;0
christmas graphic tees grinch;0
christmas graphic tees aesthetic;0
retro christmas graphic tees;0
boys christmas graphic tee;0
kids christmas graphic tee;0
christmas holiday graphic tees;0
trendy christmas graphic tees;0
christmas tree graphic tee;0
styling christmas graphic tee;0
christmas png tshirt;0
christmas tshirt ideas png;0
merry christmas shirt designs;0
merry christmas shirt diy;0
merry christmas shirt print;0
merry christmas print shirt;0
merry christmas design shirt;0
merry christmas embroidery shirt;0
merry christmas shirt logo;0
kids tee designs winter;0
winter graphic tee design;0
winter tee shirt designs;0
winter design tee;0
winter tee design;0
christmas sweater png aesthetic;0
pink christmas sweater png;0
cute christmas sweater png;0
ugly sweater christmas png;0
red christmas sweater png;0
sweater christmas png;0
mens christmas sweater png;0
ugly christmas sweater embroidery;0
ugly christmas sweater kindergarten;0
quilted ugly christmas sweater;0
ugly xmas sweater drawing;0
xmas ugly sweater party;0
ugly xmas sweater craft;0
crochet ugly xmas sweater;0
ugly xmas sweater illustration;0
ugly xmas sweater pattern;0
christmas hoodie design ideas;0
christmas hoodie design png;0
cute christmas hoodie designs;0
merry christmas hoodie design;0
christmas design hoodie;0
red hoodie christmas design;0
black hoodie christmas design;0
diy hoodie design christmas;0
christmas design on hoodie;0
hoodie design for christmas;0
christmas design for hoodie;0
winter hoodie png;0
xmas sweater designs;0
xmas sweater nail designs;0
winter sweatshirt png;0
ugly sweater pngs;0
ugly sweater ideas png;0
ugly sweater navideño png;0
christmas tote bags diy;0
christmas tote bag design;0
christmas tote bag crochet;0
christmas tote bags sewing;0
christmas tote bag art;0
embroidery tote bag christmas;0
tote bag christmas design;0
quilted christmas tote bag;0
christmas tote bag craft;0
christmas tote bag cricut;0
christmas tote bag cute;0
tote bag designs christmas;0
christmas tote bag embroidery;0
handprint tote bag christmas;0
handmade christmas tote bag;0
christmas tote bag mockup;0
christmas tote bag sewing;0
christmas tote bag svg;0
bleach christmas png;0
christmas bleached shirts diy;0
bleached christmas shirts diy;0
christmas onesie png;0
baby first christmas art;0
baby first christmas background;0
baby first christmas crochet;0
baby first christmas diy;0
baby first christmas drawing;0
baby first christmas design;0
baby first christmas embroidery;0
baby first christmas footprint;0
baby first christmas graphic;0
baby first christmas illustration;0
first christmas baby keepsakes;0
baby first christmas needlepoint;0
baby first christmas scrapbook;0
baby first christmas wallpaper;0
plaid christmas png;0
leopard christmas png;0
family christmas shirts logo;0
family christmas shirts cute;0
family christmas shirts design;0
family christmas shirts sublimation;0
matching christmas shirts diy;0
matching christmas shirts cricut;0
matching christmas shirts cute;0
baby christmas shirt design;0
diy baby christmas shirts;0
diy baby christmas shirt;0
baby christmas embroidery shirt;0
toddler christmas graphic tee;0
diy kids holiday shirt;0
cute mom christmas shirts;0
teacher christmas shirt designs;0
teacher christmas shirts png;0
christmas teacher shirt design;0
diy teacher christmas shirt;0
nurse christmas shirts svg;0
cricut christmas nurse shirts;0
postpartum nurse christmas shirt;0
christmas nurse shirt designs;0
couples christmas shirts cute;0
couples christmas shirts cricut;0
couples christmas shirts diy;0
diy couples christmas shirts;0
diy bleach shirt christmas;0
bleach christmas shirts diy;0
bleach shirt design christmas;0
iron bead art christmas;0
iron man christmas art;0
christmas iron beads pattern;0
christmas iron man wallpaper;0
iron pearls patterns christmas;0
christmas iron beads 3d;0
christmas sublimation t-shirt;0
christmas sublimation shirt designs;0
christmas shirt ideas sublimation;0
christmas sublimation t-shirt design;0
christmas pocket design;0
christmas background front door;0
christmas front porch background;0
diy christmas shirts funny;0
funny christmas shirt cricut;0
funny christmas shirt diy;0
funny christmas shirt prints;0
funny christmas party shirt;0
retro christmas shirt design;0
retro christmas t-shirt design;0
vintage christmas shirt designs;0
vintage christmas shirt svg;0
diy vintage christmas shirt;0
pink christmas shirt design;0
pink christmas shirt diy;0
diy pink christmas shirt;0
cute christmas teen outfits;0
cute christmas teen nails;0
cute christmas teen gifts;0
cute christmas outfit teens;0
cute teenage christmas gifts;0
christmas tee cute;0
cute christmas tee outfits;0
christmas shirt designs reindeer;0
nutcracker shirt png;0
diy christmas shirt tree;0
christmas tree shirt crochet;0
christmas tree shirt craft;0
embroidery christmas tree shirt;0
christmas tree shirt png;0
christmas tree quilted shirt;0
quilt christmas tree shirt;0
christmas tree shirt sewing;0
plaid christmas shirt design;0
western christmas shirt designs;0
mama christmas shirts svg;0
dental christmas shirts svg;0
cute dental christmas shirts;0
christmas dental shirts designs;0
christmas pajama set png;0
christmas pajama pants png;0
christmas pj shirt design;0
christmas pj design;0
christmas eve box teens;0
christmas dog shirt design;0
christmas cat t-shirt design;0
christmas party long sleeve;0
cute cheer christmas shirts;0
groovy christmas png;0
christmas tshirt design;0
holiday png bundle;0
sublimation ideas christmas;0
funny holiday png;0
winter shirt png;0
holiday tee png;0
christmas apparel png;0
christmas crewneck png;0
holiday sweatshirt png;0
christmas bleach png;0
winter apparel png;0
bleached christmas png;0
sublimation shirt christmas;0
pocket design christmas;0
gingerbread shirt png;0
snowman tee png;0
xmas pj png;0
reindog shirt png;0
christmas raglan png;0
