minecraft christmas texture pack;880
christmas letter ideas;880
christmas quilt set;880
holiday sets;880
holiday setting;880
holiday pyjama set;880
christmas kitties;880
christmas kitty;880
kitschy christmas;880
winter hiking kit;880
xmas cookie kit;880
holiday set;880
christmas ornament pack;720
holiday package;720
christmas nail set;720
winter sets for women;720
holiday makeup sets;720
winter set for women;720
holiday set makeup;720
christmas kit kat;720
christmas ornament embroidery kit;720
needlepoint christmas stockings kit;720
vehicle winter survival kit;720
winter car survival kit;720
winter kit for car;720
barbie holiday collection;720
holiday barbie doll collection;720
christmas fat quarter bundle;590
christmas kitchen island decor;590
christmas needlepoint kit;590
hello kitty christmas gift;590
christmas package;480
christmas card set;480
christmas set makeup;480
christmas set sephora;480
winter sets women;480
winter set women;480
holiday card set;480
holiday kitchen towel;480
christmas collections;480
holiday collections;480
christmas collection;480
holiday collection;480
christmas fabric bundle;390
holiday table settings;390
patrick ta holiday set;390
felt christmas ornaments kit;390
minecraft christmas resource pack;320
christmas set up;320
christmas kitsch;320
christmas paint kit;320
christmas stocking embroidery kit;320
christmas tree kit;320
decorate christmas cookies kit;320
holiday cookie decorating kit;320
christmas ornament collection;320
winter kit;320
christmas bundle gift;260
rat pack christmas;260
estee lauder holiday set;260
xmas candle gift set;260
beaded christmas tree kit;260
christmas decor kit;260
christmas kit;260
winter collection;260
winter collections;260
bundle up for winter;210
christmas bundles;210
christmas care package;210
winter bundle up;210
winter bundled up;210
holiday packing;210
christmas jesus set;210
christmas set women;210
christmas ornament making kit;210
crimson christmas quilt kit;210
winter home emergency kit;210
mac holiday collection;210
christmas bundle;210
holiday pack;210
xmas bundle;210
christmas backgrounds;201
christmas decorations bundle;170
holiday bundle;170
holiday bundles;170
winter packing;170
christmas place setting;170
christmas set beauty;170
christmas set design;170
holiday card pack;170
christmas set for women;170
winter set men;170
clinique holiday set;170
xmas cookie set;170
christmas book nook kit;170
winter kitten heels;170
holiday kits;170
christmas movie collection;170
katherine collection christmas;170
holiday collection scentsy;170
christmas pack;170
holiday kit;170
winter pack;170
christmas packaging;140
christmas tree bundles;140
holiday travel packages;140
winter pack list;140
winter packing list;140
xmas packaging;140
christmas food gift set;140
christmas jewelry set;140
winter street style;140
winter 2 piece sets;140
amika holiday set;140
nyx holiday set;140
christmas diamond painting kit;140
christmas nails kit;140
christmas punch needle kit;140
tilda christmas quilt kit;140
holiday cookie kit;140
holiday craft kit;140
winter collection in pakistan;140
winter collection maria b;140
opi holiday 2026 collection;140
winter collection pakistani;140
christmas resource pack;110
holiday pack list;110
holiday packing checklist;110
holiday packing list;110
minecraft winter texture pack;110
holiday pack checklist;110
christmas set outfit;110
fenty holiday set;110
olaplex holiday set;110
holiday earring set;110
holiday lounge set;110
rare beauty holiday set;110
christmas balloon arch kit;110
christmas gift wrap kit;110
makeup kit christmas;110
holiday kit list;110
holiday kitchen decor;110
holiday kitchen decorations;110
holiday kitten heels;110
round top collection christmas;110
xmas survival kit;110
holiday collection owala;110
victoria secret holiday collection;110
christmas lights bundle;90
christmas packaging ideas;90
christmas wrapping paper bundle;90
christmas bauble pack;90
winter package;90
christmas sets nails;90
xmas packaging ideas;90
christmas gift set 2026;90
christmas set nails;90
glow recipe holiday set;90
holiday dinnerware set;90
holiday tea set;90
jo malone holiday set;90
sephora favorites holiday set;90
christmas activity kit;90
christmas bead kit;90
christmas village kit;90
christmas wrapping kit;90
holiday makeup kit;90
chanel holiday collection 2026;90
lenox holiday collection;90
xmas set;90
hot pack winter;70
asics gel-1130 holiday pack;70
christmas package clipart;70
christmas settings;70
hot chocolate christmas set;70
holiday set outfit;70
rhode holiday gift set;70
tree hut holiday set;70
xmas gift set ideas;70
christmas bracelet kit;70
christmas kit gift;70
christmas kitchen photoshoot;70
handmade christmas card kit;70
winter kitchen;70
winter kitchen decor;70
bubble holiday kit;70
holiday survival kit ideas;70
winter car kit list;70
winter driving kit;70
christmas collection decor;70
christmas houses collection;70
christmas snow globe collection;70
le creuset christmas collection;70
ralph lauren christmas collection;70
christmas collection 2026;70
winter collection chanel;70
dove holiday collection;70
holiday collection dior;70
winter collection zara;70
bundle of christmas cards;50
christmas package design;50
christmas package ideas;50
christmas packaging design;50
christmas ribbon bundle;50
christmas set skincare;50
harry potter christmas set;50
winter set clothes;50
winter quilt set;50
holiday pants set;50
holiday wine gift set;50
holiday wrapping paper set;50
oribe holiday set;50
pajama set holiday;50
christmas cookie baking kit;50
christmas sewing kit;50
christmas sugar cookie kit;50
christmas tree embroidery kit;50
glossier holiday kit;50
oreo holiday cookie kit;50
sincerely yours holiday kit;50
christmas book collection;50
christmas collection makeup;50
winter collection for women;50
winter collection ladies;50
dior holiday collection 2026;50
fenty beauty holiday collection;50
holiday collection makeup;50
morphe holiday collection;50
ralph lauren holiday collection;50
winter collection uniqlo;50
winter collection women;50
zara holiday collection;50
winter jacket;40
a pack for christmas;40
christmas tree ornament bundle;40
holiday gift bundle;40
holiday gift bundles;40
snack pack christmas;40
xmas nativity set;40
christmas ribbon set;40
ysl holiday set;40
christmas garland kit;40
christmas needle felting kit;40
christmas ornament paint kit;40
christmas ornament painting kit;40
christmas tree craft kit;40
holiday baking kit;40
holiday kitchen sink cookies;40
holiday lip kit;40
winter quilt kit;40
lenox christmas collection;40
winter collection men;40
louis vuitton holiday collection;40
lv holiday collection;40
opi holiday collection;40
winter bundle;40
christmas background iphone;33
christmas packing list;30
christmas set clothes;30
christmas set up ideas;30
crown affair holiday set;30
roman holiday set;30
vs pink holiday set;30
christmas tree quilt kit;30
napoli christmas kit;30
winter kitchen decor ideas;30
holiday beauty kit;30
laneige holiday kit;30
winter car care kit;30
winter travel car kit;30
billie eilish christmas collection;30
vs christmas collection;30
winter clothing collection;30
winter collection clothes;30
diptyque holiday collection;30
glossier holiday collection;30
holiday collection clothes;30
holiday collection clothing;30
kylie cosmetics holiday collection;30
christmas assets;30
winter backgrounds;27
sephora holiday gift sets;22
christmas bundle svg;20
christmas package gift;20
fashionsimsta holiday bundle 1;20
pack for europe winter;20
winter travel packing;20
christmas set food;20
christmas set up photography;20
christmas set up table;20
christmas settings icon;20
christmas lps set;20
jesus christmas set up;20
lv winter set;20
winter set nails;20
co ord set holiday;20
holiday decor set;20
holiday jewelry set;20
lps holiday set;20
real techniques holiday set;20
red holiday set;20
christmas art set;20
the holiday set design;20
white christmas set design;20
holiday lip kit sephora;20
kitchen sink holiday cookies;20
winter care kit;20
winter driving emergency kit;20
winter first aid kit;20
winter olympic kit;20
winter vehicle kit;20
xmas kitchen decor ideas;20
christmas collection ideas;20
christmas collection poster;20
christmas elf collection;20
bin saeed winter collection;20
marc jacobs winter collection;20
swarovski christmas collection;20
holiday collection taylor;20
van cleef holiday collection;20
winter collection 2026;20
winter collection pakistani brands;20
xmas collections;20
xmas collection;20
christmas star;14
christmas lego set;12
bundle of joy christmas;10
christmas balls pack;10
christmas bundle basket;10
christmas bundle food;10
christmas bundle gift ideas;10
christmas bundle ideas;10
christmas bundle names;10
christmas bundle promo;10
christmas bundle sale;10
christmas design bundle;10
christmas font bundle;10
christmas games bundle;10
christmas gift bundle ideas;10
christmas ornament svg bundle;10
christmas packaging design inspiration;10
christmas png bundle;10
christmas snack bundle;10
christmas sublimation bundle;10
christmas village bundle;10
christmas wine bundle;10
christmas wreath bundle;10
holiday body bundle scentsy;10
holiday clean bundle scentsy;10
holiday makeup bundle;10
holiday makeup bundles;10
stardew valley winter bundle;10
toca boca christmas pack;10
winter svg bundle;10
5-4-3-2-1 packing winter;10
cabin packing list winter;10
christmas emoji pack;10
christmas eve pack;10
christmas pack 3;10
christmas pack food;10
christmas pack gift;10
christmas pack ideas;10
christmas pack lunch;10
christmas pack lunch ideas;10
christmas pack png;10
christmas tree pack up;10
christmas wallpaper pack;10
christmas wine pack;10
holiday packaging design;10
holiday packing ideas;10
holiday packing list summer;10
pack with me winter;10
rat pack christmas party;10
sims 4 christmas pack;10
sims 4 winter pack;10
v winter package;10
winter face pack;10
winter pack bts;10
winter pack lunch ideas;10
winter package bts;10
winter package bts 2026;10
winter vacation packing;10
christmas embroidery set;10
christmas eve set up;10
christmas set design ideas;10
christmas set dinner;10
christmas set photography;10
pack for beach holiday;10
scentsy holiday 5 pack;10
xmas gift pack ideas;10
xmas packaging design;10
christmas crib set images;10
christmas hoodie set;10
christmas kurta set;10
christmas set for photoshoot;10
christmas set gift ideas;10
christmas set list;10
christmas set lunch;10
christmas set mm2;10
christmas set of nails;10
christmas set photo;10
christmas set up studio;10
christmas village display set;10
coord set for winter;10
cord set winter;10
sims 4 christmas set;10
winter coat set;10
winter set design;10
winter set up;10
3 piece winter set;10
holiday set design;10
holiday set up;10
holiday sets clothes;10
innisfree holiday set;10
ralph lauren winter set;10
winter set outfit;10
winter set royale high;10
candle holiday gift set;10
dior holiday set 2026;10
holiday gift set ideas;10
holiday icon set;10
holiday set dior;10
holiday workout set;10
milk makeup holiday set;10
mod vanilla holiday set;10
rhode holiday trio set;10
xmas dinner set up;10
xmas set mm2;10
xmas village set up;10
zara holiday set;10
christmas break survival kit;10
christmas junk journal kit;10
christmas kit card;10
christmas kit gift ideas;10
christmas kit ideas;10
christmas kit kat sleigh;10
christmas kitchen aesthetic;10
christmas letter kit;10
christmas movie kit;10
christmas movie night kit;10
christmas recovery kit;10
christmas tree diy kit;10
christmas wreath embroidery kit;10
meal kit christmas gift;10
playdough christmas tree kit;10
rustic christmas countdown kit;10
diy holiday cocktail kit;10
diy holiday survival kit;10
diy winter survival kit;10
family holiday survival kit;10
funny winter survival kit;10
holiday cocktail kit gift;10
holiday drink kit;10
holiday emergency kit;10
holiday kitchen ideas;10
holiday kitchen island decor;10
holiday medical kit;10
holiday nail kit;10
holiday ornament kit;10
holiday pamper kit;10
holiday recovery kit;10
holiday self care kit;10
holiday sugar cookie kit;10
holiday survival kit gift;10
holiday travel kit;10
jennie holiday kit;10
kit kat holiday cabin;10
pixi holiday kit;10
winter blues survival kit;10
winter break survival kit;10
winter car kit diy;10
winter clothes kit;10
winter cold survival kit;10
winter football training kit;10
winter house kit;10
winter kit gift;10
winter kit rhode;10
winter kitty party theme;10
winter makeup kit;10
winter rescue kit;10
winter running kit;10
winter simmer pot kit;10
winter skin care kit;10
winter storm prep kit;10
winter survival kit ideas;10
winter survival kit tags;10
winter truck kit;10
xmas kitchen;10
xmas kitty;10
christmas collection candles;10
christmas collection clothes;10
christmas collection clothing;10
christmas collection coming soon;10
christmas collection dress;10
christmas collection fashion;10
christmas collection jewelry;10
christmas collection name ideas;10
christmas collection names;10
christmas collection quotes;10
christmas gift collection;10
christmas jewellery collection;10
christmas seamless pattern collection;10
essence christmas collection;10
glass christmas tree collection;10
h&m christmas collection;10
jo malone christmas collection;10
kiko christmas collection 2026;10
kylie christmas collection;10
kylie jenner christmas collection;10
mac christmas collection;10
mac cosmetics christmas collection;10
park hill collection christmas;10
vintage christmas ornament collection;10
christmas collection taylor swift;10
christmas collection tops;10
christmas collection women;10
christmas collection zara;10
christmas stamp collection;10
dior christmas collection 2026;10
dior winter collection 2026;10
gulahmed winter collection 2026;10
hussain rehar winter collection;10
ikea christmas collection 2026;10
jacquemus winter collection;10
junaid jamshed winter collection;10
new collection autumn winter;10
sarojini nagar winter collection;10
winter collection 2026;10
winter collection abaya;10
winter collection ads;10
winter collection available;10
winter collection banner;10
winter collection brands;10
winter collection candles;10
winter collection coming soon;10
winter collection design;10
winter collection dress;10
winter collection dress design;10
winter collection ethnic;10
winter collection fashion;10
winter collection for mens;10
winter collection gucci;10
winter collection hoodies;10
winter collection ideas;10
winter collection jacket;10
winter collection jersey;10
winter collection jewelry;10
winter collection ladies suit;10
winter collection logo;10
winter collection menswear;10
winter collection name ideas;10
winter collection names;10
winter collection new arrival;10
winter collection of suits;10
winter collection photoshoot;10
winter collection poster;10
winter jewellery collection;10
bts holiday collection 2026;10
enhypen holiday collection;10
fenty holiday collection;10
holiday capsule collection;10
holiday collection chanel;10
holiday collection fashion;10
holiday collection jewelry;10
holiday collection names;10
holiday collection scentsy 2026;10
holiday decor collection;10
holiday gift collection;10
khaadi unstitched winter collection;10
kylie holiday collection;10
kylie jenner holiday collection;10
nars holiday collection;10
new yorker winter collection;10
prada holiday collection 2026;10
qalamkar winter collection;10
ritu kumar winter collection;10
scentsy holiday collection 2026;10
too faced holiday collection;10
winter collection perfume;10
winter collection quotes;10
winter collection sale;10
winter collection suits;10
winter collection sweater;10
winter collection t shirt;10
winter collection text;10
winter collection velvet;10
winter collection video;10
winter collection wallpaper;10
winter collection website;10
winter unstitched collection;10
ysl holiday collection;10
ysl winter collection;10
zara winter collection 2026;10
zudio winter collection;10
christmas assets 3d;10
christmas assets png;10
christmas assets vtuber;10
christmas clipart bundle;10
christmas clipart collection;10
christmas clipart set;10
christmas design assets;10
christmas game assets;10
christmas graphics bundle;10
christmas vector pack;10
christmas vector set;10
xmas tree collection;10
christmas backdrop;9
winter iphone background;8
christmas gift set;5
christmas letter;5
christmas set gift;5
christmas kitchen decor;5
kitchen christmas decor;5
xmas kitchen decor;5
xmas kitchen decorations;5
christmas table setting ideas;4
christmas bed set;3
ysl holiday gift set;3
christmas kitchen towels;3
xmas kitchen towel;3
holiday kitchen;2
christmas gift pack ideas;1
christmas sets;1
christmas setting;1
christmas setting table;1
christmas table setting;1
set a christmas table;1
table settings christmas;1
battery pack christmas lights;1
xmas crib set;1
holiday sets sephora;1
holiday set sephora;1
winter sets;1
winter setting;1
xmas table settings;1
xmas mug set;1
christmas kitchen decor ideas;1
christmas kitchen ideas;1
christmas quilt kit;1
emergency car kit winter;1
holiday kit sephora;1
sephora holiday kits;1
winter emergency kit;1
winter survival kit;1
winter vehicle emergency kit;1
christmas kitchen;1
embroidery christmas kit;1
holiday collection taylor swift;1
christmas set;1
christmas village collection;1
winter set;1
holiday decor bundle;0
winter elf bundle;0
disney christmas fanny pack;0
font pack christmas;0
winter night face pack;0
winter skin care pack;0
christmas bundles design;0
christmas bundle poster;0
christmas bundle packaging;0
christmas bundle drawing;0
christmas wreath ribbon bundle;0
christmas bundle ads;0
mary kay christmas bundles;0
bundle of christmas trees;0
christmas gift box bundle;0
christmas balloon bundle;0
christmas activity bundle;0
christmas alphabet svg bundle;0
christmas wall art bundle;0
winter and christmas bundle;0
christmas bundle background;0
christmas bundle banner;0
christmas bundle card;0
christmas bundle clipart;0
christmas bundle promo poster;0
christmas bundle design;0
christmas bundle deal;0
christmas bundle diy;0
christmas bundle post design;0
christmas bundle flyer design;0
christmas ornament bundle diy;0
disney christmas bundle;0
diy christmas gift bundle;0
christmas bundle flyer;0
christmas bundle for boyfriend;0
christmas flower bundle;0
christmas food bundle poster;0
christmas bundle grocery;0
church christmas graphics bundle;0
bundle of christmas gifts;0
family bundle christmas gifts;0
hair bundle christmas tree;0
christmas hair bundle;0
christmas bundle illustration;0
christmas ornament bundle ideas;0
christmas present bundle ideas;0
christmas candle bundle ideas;0
scentsy christmas bundle ideas;0
kids christmas bundle;0
bundle of christmas lights;0
christmas lipgloss bundle ideas;0
merry christmas svg bundle;0
christmas mega bundle;0
merry christmas bundle;0
christmas makeup bundle;0
mini christmas bundle;0
christmas bundle offer;0
bundle of christmas balls;0
christmas bundle png;0
christmas bundle photoshoot;0
christmas bundle package;0
christmas bundle promotion;0
christmas bundle product;0
christmas bundle photography;0
christmas bundle product shoot;0
christmas ribbon bundle ideas;0
christmas bundle skincare;0
christmas snowman bundle;0
christmas treat bundle;0
christmas thrift bundle;0
christmas templates bundle;0
christmas tree svg bundle;0
christmas bundle vector;0
christmas bundle video;0
vintage christmas bundle;0
christmas wallpaper bundle;0
whimsical christmas clipart bundle;0
watercolor christmas clipart bundle;0
christmas wedding invitations bundle;0
winter bundled up outfit;0
winter bundles;0
winter bundled up aesthetic;0
winter bundles aespa;0
winter bundle outfit;0
winter bundle gift;0
winter outfits bundle;0
winter aespa bundle;0
winter fur bundle 2026;0
bundled up funny winter;0
winter scarf bundled up;0
winter outfits bundled up;0
bundled up winter aesthetic;0
wcue winter bundle;0
free fire winter bundle;0
winter fur bundle combo;0
winter clipart bundle;0
ff winter bundle;0
wcue winter fur bundle;0
bundle baby for winter;0
bundle up in winter;0
winter bundle up outfit;0
bundle up winter outfits;0
winter png bundle;0
winter solstice bundle;0
winter style bundle;0
holiday bundle packaging;0
holiday bundle 2026 wcue;0
holiday bundle poster;0
holiday bundle product photography;0
holiday bundle ideas;0
holiday bundle design;0
holiday bundle email;0
holiday bundle scentsy;0
holiday bundle wcue;0
holiday bundle graphic;0
holiday bundle food poster;0
wcue holiday bundle 2026;0
skincare holiday bundle;0
holiday laundry bundle;0
holiday surprise bundles;0
holiday bundles ad;0
holiday bundle ads;0
holiday gift bundle ideas;0
holiday clean bundle;0
holiday bundle photography;0
holiday product bundle;0
holiday bundle sale;0
holiday wreath sash bundle;0
scentsy holiday wax bundle;0
xmas bundles;0
bundle xmas;0
xmas gift bundle;0
bundled up winter art;0
christmas package ideas boxes;0
christmas packed lunch;0
a christmas package;0
jewelry christmas packaging;0
pack christmas gifts;0
christmas pack aesthetic;0
christmas kids activity pack;0
christmas sticker pack aesthetic;0
aesthetic christmas icon pack;0
christmas plum cake packaging;0
christmas pack for boyfriend;0
christmas pack canva;0
christmas pack cookies;0
sticker pack christmas;0
pack up christmas decorations;0
christmas cookie gift pack;0
christmas kids pack;0
christmas pack design;0
christmas pack design ideas;0
christmas pack diy;0
christmas gift pack drawing;0
christmas dessert pack;0
ora dance pack christmas;0
dandys world christmas pack;0
christmas drink pack;0
christmas eve starter pack;0
christmas ephemera pack;0
christmas edit pack;0
christmas pack for kids;0
pack gift for christmas;0
forever living christmas pack;0
christmas pack ground;0
christmas pack game;0
christmas pack gift ideas;0
small christmas gift pack;0
christmas hot chocolate pack;0
christmas pack illustration;0
christmas cookie pack ideas;0
icon pack christmas;0
christmas journal pack;0
christmas pack kids;0
kids christmas gift pack;0
kids christmas party pack;0
kids christmas craft pack;0
christmas pack list;0
christmas luxury pack;0
christmas lights pack;0
merry christmas sticker pack;0
christmas movie snack pack;0
pack with me christmas;0
christmas social media pack;0
merry christmas wolf pack;0
christmas mystery pack;0
merry christmas pack;0
charm pack christmas ornaments;0
pack christmas ornaments;0
christmas pack photography;0
christmas pack post;0
christmas charm pack quilt;0
charm pack christmas quilts;0
christmas pack round;0
the rat pack christmas;0
christmas pack skincare;0
christmas pack sticker;0
christmas snacks pack;0
christmas stream pack;0
christmas pack twitter;0
christmas treats pack;0
christmas pack ui game;0
christmas pack up ideas;0
pack up christmas;0
christmas pack vector;0
christmas value pack;0
pack for christmas vacation;0
vintage christmas sticker pack;0
christmas variety pack;0
christmas pack with me;0
christmas pack wine;0
christmas cookies 3 pack;0
3d christmas pack;0
4 pack christmas cupcakes;0
christmas 6 pack;0
6 pack christmas gift;0
christmas cupcakes 6 pack;0
winter packing outfits;0
winter packing capsule;0
winter packaging design;0
winter package design;0
winter packing aesthetic;0
winter travel capsule packing;0
winter pack aespa;0
winter aespa pack png;0
best winter face pack;0
pack travel bag winter;0
winter pack cover page;0
winter pack cover;0
winter clothes pack;0
pack for winter camp;0
pack for colorado winter;0
winter pack design;0
winter pack dandys world;0
dti winter pose pack;0
pack winter europe;0
winter pack front page;0
winter pack first page;0
winter pack gift;0
winter glowing face pack;0
winter starter pack gift;0
winter girls photocard pack;0
winter glow pack;0
winter pack ideas;0
winter pack icon;0
pack for winter japan;0
japan winter pack list;0
winter jacket tech pack;0
pack light japan winter;0
pack liste klassenfahrt winter;0
pack for korea winter;0
winter pack lunch;0
winter weekend pack list;0
pack new york winter;0
pack winter outfits;0
winter pack png;0
pack for rome winter;0
pack winter suitcase;0
winter starter pack aesthetic;0
sticker pack winter aespa;0
pack liste urlaub winter;0
urlaubs pack liste winter;0
v winter package 2026;0
winter scene pack video;0
winter pack worksheet;0
winter pack with me;0
1 week winter packing;0
pack 10 days winter;0
winter 2 weeks packing;0
2 week winter packing;0
winter 3d icon pack;0
winter packing 4 days;0
packing 5 days winter;0
5 day winter packing;0
eric winter 6 pack;0
packliste 7 tage winter;0
holiday packing outfits;0
holiday packing aesthetic;0
winter holiday outfits packing;0
packing light summer holiday;0
girls holiday pack list;0
5 day holiday packing;0
holiday pack aesthetic;0
pack beach holiday;0
pack holiday ideas brownie;0
holiday bag pack;0
holiday pack cover page;0
holiday cottage welcome pack;0
holiday pack design;0
holiday pack essentials;0
pack for holiday game;0
island holiday pack list;0
week holiday pack list;0
holiday pack list summer;0
holiday pack ideas;0
pack in holiday;0
kids holiday pack list;0
kiko pack holiday;0
kids holiday pack;0
kids holiday activity pack;0
holiday pack list men;0
pack with me holiday;0
pack my holiday bag;0
rhode holiday pack;0
rat pack holiday party;0
holiday pack up;0
holiday pack with me;0
1 week holiday packing;0
1 month holiday packing;0
holiday packing 2 weeks;0
3 days holiday packing;0
3 weeks holiday packing;0
holiday packing 5 nights;0
holiday scent circle 5-pack;0
holiday packing 6 days;0
6 day holiday packing;0
7 days holiday packing;0
xmas package;0
xmas package design;0
xmas packaging design boxes;0
xmas package ideas;0
xmas package flyer;0
xmas packaging design creative;0
xmas package gift;0
xmas packaging luxury;0
xmas cake box packaging;0
xmas gift set packaging;0
xmas pr package;0
xmas giveaway package;0
diy xmas gift package;0
xmas presents packing;0
xmas delivery package;0
xmas gifts packaging;0
cute xmas packaging;0
xmas cosmetics packaging;0
package design xmas;0
xmas cookies pack;0
xmas pack design;0
pack for xmas;0
xmas gift pack;0
xmas icon pack;0
xmas png pack;0
xmas stickers pack;0
sticker pack xmas;0
xmas starter pack;0
christmas graphic packaging;0
christmas graphic design packaging;0
christmas package graphic design;0
christmas package graphic;0
holiday graphic packaging;0
christmas design packaging;0
christmas design package;0
christmas design packaging boxes;0
christmas design packaging ideas;0
classic christmas packaging design;0
jar packaging design christmas;0
christmas packaging food design;0
christmas chocolate packaging design;0
christmas packaging design perfume;0
christmas jewelry packaging design;0
christmas package design poster;0
christmas gift pack design;0
sticker pack design christmas;0
winter design packaging;0
winter design package;0
winter season package design;0
cozy winter packaging design;0
winter gloves packaging design;0
winter chocolate packaging design;0
winter holiday packaging design;0
winter packing design;0
winter beverage packaging design;0
winter packaging design products;0
packaging winter design;0
holiday design packaging;0
holiday package design poster;0
holiday beauty packaging design;0
package design holiday;0
holiday packing list design;0
holiday gift packaging design;0
holiday packages poster design;0
holiday product packaging design;0
holiday edition packaging design;0
packaging design holiday;0
starter pack holiday design;0
christmas art packaging;0
christmas package art;0
christmas package nail art;0
art deco christmas packaging;0
christmas packaging art;0
christmas illustration packaging;0
christmas illustration packaging design;0
christmas illustration package;0
christmas illustration for packaging;0
christmas illustration sticker pack;0
christmas packing illustration;0
christmas packages illustration;0
christmas package illustration;0
christmas illustration pack;0
christmas set photoshoot;0
christmas set aesthetic;0
christmas set almond;0
christmas set acrylic nails;0
christmas set anime;0
christmas set acrylic;0
christmas set ads;0
christmas set almond nails;0
christmas set at home;0
home alone christmas set;0
christmas set wall art;0
christmas set background;0
christmas set blue;0
christmas set backdrop;0
christmas set build;0
christmas set brown;0
christmas set banner;0
christmas set baby;0
christmas set beige;0
christmas set black;0
christmas set canva;0
christmas set cosmetics;0
christmas set candle;0
christmas set cookies;0
christmas set couple;0
christmas set cake;0
christmas set crochet;0
christmas set clipart;0
christmas set design photography;0
christmas set design stage;0
christmas set decor;0
christmas set decoration;0
christmas set discord;0
christmas set design table;0
christmas set design nails;0
christmas set dress;0
christmas set design editorial;0
christmas set editorial;0
christmas set elegant;0
christmas set easy;0
christmas engagement set up;0
christmas vector element set;0
christmas set for photography;0
christmas set for kids;0
christmas set family photos;0
christmas set sims 4;0
eos holiday set;0
christmas set family;0
christmas set for photos;0
christmas set for baby;0
christmas set fashion;0
christmas set for boys;0
christmas set for church;0
christmas set green;0
christmas family gift set;0
green christmas pj set;0
golden christmas set;0
cozy christmas gift set;0
christmas set home;0
christmas set ideas;0
christmas set ideas photography;0
christmas set illustration;0
christmas set icon;0
christmas set ideas nails;0
christmas set inspiration;0
christmas set in studio;0
christmas set ip;0
christmas set menu ideas;0
christmas jet set radio;0
jam christmas gift set;0
junes journey christmas set;0
christmas jewelry gift set;0
christmas junk set nails;0
christmas junk set;0
christmas set kids;0
christmas set kitchen;0
kids christmas gift set;0
christmas kitchen set design;0
christmas set lamb rack;0
christmas set living room;0
christmas set long nails;0
christmas lobby set up;0
christmas set menu photography;0
christmas set menu design;0
christmas set menu poster;0
christmas set minimalist;0
christmas set menu dinner;0
christmas set menu food;0
christmas set mini session;0
christmas set minimal;0
christmas set menu photoshoot;0
christmas set nails almond;0
christmas set nails short;0
christmas set nails pink;0
christmas set nails simple;0
christmas set nails square;0
christmas set nails red;0
christmas set nails long;0
christmas set nails white;0
christmas set nails blue;0
christmas set nails easy;0
christmas set nails medium;0
christmas set outdoor;0
christmas set of 3;0
christmas set outside;0
red christmas set outfit;0
christmas set profile;0
christmas set pfp;0
christmas set photography 2026;0
christmas set packaging;0
christmas set poster;0
christmas set photography studio;0
christmas set photoshoot ideas;0
christmas set pink;0
christmas set red;0
christmas set red nails;0
christmas restaurant set up;0
christmas set studio;0
christmas set simple;0
christmas set short nails;0
christmas set shooting;0
christmas set simple nails;0
christmas set stage;0
christmas set snow;0
christmas set sticker;0
christmas set square;0
christmas set table;0
christmas set table ideas;0
christmas set the table;0
christmas set toes;0
christmas set theatre;0
christmas set up outdoor;0
christmas set vector;0
christmas set video;0
christmas set vintage;0
christmas village set design;0
vintage christmas set design;0
vintage christmas nail set;0
christmas set white;0
christmas set wallpaper;0
christmas set with piano;0
christmas set white nails;0
christmas set with fireplace;0
christmas set with bows;0
women’s christmas pj set;0
gel x christmas set;0
xl christmas set;0
christmas set yp;0
christmas table set yp;0
christmas/new years nail set;0
book your christmas set;0
christmas new years set;0
1st christmas set up;0
christmas setup for 2;0
christmas set 2026;0
christmas set up 2026;0
christmas photo set 2026;0
christmas 2026 set;0
set 3 christmas tree;0
christmas set 3d;0
70s christmas set;0
90s christmas set up;0
90s christmas set;0
winter sets outfits;0
winter sets nails;0
winter set of nails;0
winter sets outfits hijab;0
winter set skirt;0
winter sets outfits skirt;0
winter coord set;0
matching set winter outfit;0
jeans set outfit winter;0
winter set aesthetic;0
winter set acrylic nails;0
winter set aespa;0
winter set almond;0
winter set alo;0
autumn/winter birthday set;0
winter art set;0
aesthetic pajama set winter;0
winter set brown;0
winter set black;0
winter set black women;0
winter set boys;0
winter set beige;0
winter set baby;0
winter set baby girl;0
winter set baby blue;0
winter set blazer;0
winter set crochet;0
winter set classy;0
winter set casual;0
winter set comfy;0
winter set cute;0
winter set chic;0
winter set coat;0
winter set dress;0
winter set design fashion;0
winter set design theatre;0
winter set design photography;0
winter set diy;0
winter set dressing;0
winter kurti set design;0
denim set for winter;0
winter cot set design;0
winter set elegant;0
eric winter on set;0
winter emoji set;0
winter ethnic coord set;0
set elemen winter;0
winter embroidered cord set;0
winter cord set ethnic;0
engagement set up winter;0
winter set for kids;0
winter set for hijab;0
winter set for man;0
winter set for boys;0
winter set from shein;0
winter set fashion;0
winter set for wedding;0
winter set for baby;0
winter set fancy;0
winter set fits;0
winter set going out;0
winter set girl;0
winter set grey;0
winter girls cord set;0
green winter set;0
grey winter set hijab;0
winter set for girl;0
grey skirt set winter;0
grey winter co-ord set;0
winter set hijab;0
winter set hoodie;0
winter set hijab outfit;0
winter set home;0
winter set hat;0
winter highness set pubg;0
hijab skirt set winter;0
winter set ideas;0
winter set illustration;0
winter set icon;0
winter set in home;0
lulu set in winter;0
ipad winter set up;0
winter shoot set ideas;0
winter set jacket;0
jeans set for winter;0
winter jet set;0
jacket cord set winter;0
winter jumper set;0
winter set kids;0
winter set knit;0
winter set korean;0
velvet kurta set winter;0
kurta set winter;0
winter kurti cord set;0
kids winter outfit set;0
winter set look;0
winter set leggings;0
winter cord set long;0
winter lounge wear set;0
winter luxury set;0
light blue set winter;0
matching linen set winter;0
winter lash set;0
winter set modest;0
winter set melton;0
winter set (mask,hat,scarf);0
winter set mockup;0
winter matching set skirt;0
winter set nails short;0
winter set nails almond;0
winter set nails simple;0
winter set nails blue;0
winter set nails square;0
red winter nail set;0
brown winter nail set;0
winter cord set new;0
navy blue winter set;0
full set nails winter;0
winter plain nail set;0
winter set outfit women;0
winter set outfit hijab;0
winter set outdoor;0
winter set off shoulder;0
winter set ootd;0
winter set old money;0
winter set outfit ideas;0
winter set photoshoot;0
winter set pink;0
winter set photo;0
winter set pants;0
winter set photography;0
winter set pattern;0
winter set profile;0
winter set plus size;0
winter set pfp;0
winter quad set;0
dti winter quest set;0
winter sun set quotes;0
winter set rust;0
winter set room;0
winter set red;0
red matching set winter;0
red set winter outfit;0
ramadan winter set;0
winter set shein;0
winter set styling;0
winter set style;0
winter set sims 4;0
winter set short nails;0
winter set scarf;0
winter set shorts;0
winter set sewing;0
winter set the tone;0
winter set trendy;0
winter set table;0
winter set toddler;0
top skirt set winter;0
turkish cord set winter;0
two set winter;0
winter set up ideas;0
winter set up childcare;0
winter set up preschool;0
winter set up table;0
winter set up aespa;0
winter set up ipad;0
winter set up classroom;0
winter outfit set up;0
winter bedroom set up;0
winter set vector;0
winter set video;0
winter set velvet;0
winter coat set velvet;0
velvet winter cord set;0
winter vo ord set;0
winter set with skirt;0
winter set with coat;0
winter set women outfit;0
winter set with scarf;0
winter set with jacket;0
winter set with boots;0
winter set wear;0
winter set white;0
winter set wool;0
winter set with lace;0
winter gel x set;0
winter yoga set;0
y2k set winter;0
yellow cord set winter;0
alo yoga winter set;0
yellow set outfit winter;0
yellow set winter;0
butter yellow winter set;0
yoga set outfit winter;0
zara set outfit winter;0
set zara winter;0
zara winter cord set;0
winter 2 set;0
2 pieces set winter;0
winter set 2026;0
set winter 2026;0
2pcs set women winter;0
2pc winter set;0
winter 3 pcs set;0
3d winter nail set;0
sims 4 winter set;0
holiday set nails;0
holiday set up photography;0
holiday set skincare;0
holiday sets summer;0
holiday setting table;0
holiday table settings green;0
holiday sets outfits;0
holiday matching set outfit;0
almond holiday set;0
holiday nail set almond;0
dior holiday set aesthetic;0
holiday acrylic set;0
holiday set nails almond;0
holiday set beauty;0
holiday bed set up;0
blue holiday set;0
brown holiday set;0
holiday brunch set up;0
makeup brush set holiday;0
beach holiday set;0
holiday breakfast set up;0
chic holiday set;0
cute holiday set;0
holiday cozy set;0
cosmetic holiday set;0
coord set holiday;0
holiday set design photography;0
holiday desk set up;0
holiday evening set;0
holiday gift set editorial;0
holiday set farmasi;0
holiday full set nails;0
holiday family set;0
nail set for holiday;0
french tip holiday set;0
holiday set gift;0
holiday gift set packaging;0
green holiday set;0
holiday gym set;0
holiday sticker set;0
jet set holiday;0
holiday knit set;0
kiko milano holiday set;0
holiday kitchen gift set;0
kerastase holiday set;0
holiday linen set;0
holiday lash set;0
holiday mini set up;0
makeup set up holiday;0
holiday set nails square;0
short holiday nails set;0
holiday nail set summer;0
summer holiday outfits set;0
holiday party outfit set;0
men holiday outfit set;0
holiday set packaging;0
holiday set photography;0
holiday set package;0
holiday set photoshoot;0
2 piece holiday set;0
holiday set rhode;0
red holiday nail set;0
holiday set summer;0
holiday set table;0
holiday table set ups;0
holiday set up table;0
holiday set unboxing;0
holiday vendor set up;0
holiday village set up;0
holiday lip value set;0
winter holiday set;0
white holiday set;0
holiday nail set white;0
yellow holiday set;0
sephora holiday set 2026;0
xmas set up;0
xmas set photography;0
xmas sets;0
xmas set nails;0
xmas setting table;0
xmas setting;0
xmas set up table;0
xmas set design;0
xmas set up ideas;0
xmas settings icon;0
xmas set gift;0
xmas nail sets;0
xmas decor table settings;0
xmas table setting simple;0
setting up xmas tree;0
xmas table settings red;0
xmas gift set diy;0
table xmas set up;0
retro xmas table setting;0
xmas set dinner;0
xmas afternoon tea set;0
xmas nail set almond;0
xmas beauty set;0
xmas box set;0
xmas bar set up;0
xmas balloon set up;0
xmas buffet set up;0
xmas baking set;0
xmas candle set;0
cute xmas pj set;0
xmas cosmetics set;0
xmas decor set;0
xmas dj set;0
xmas dinner table set;0
xmas table set design;0
set 24 xmas deco;0
xmas food set;0
xmas food set up;0
xmas gift set gourmet;0
xmas gift set up;0
xmas lunch set up;0
xmas list set out;0
xmas set menu poster;0
xmas mini set;0
xmas nail set short;0
simple xmas nail set;0
nail set xmas;0
red xmas nail set;0
white xmas nail set;0
outdoor xmas set up;0
xmas set photoshoot;0
xmas set photo;0
pajama set xmas;0
xmas party set up;0
pink xmas set;0
xmas photo set up;0
xmas photoshoot set up;0
red xmas set;0
xmas table set ups;0
set menu xmas;0
xmas set table;0
xmas tree set;0
xmas studio set up;0
xmas set vector;0
white xmas set;0
xmas wallpaper set;0
white xmas set up;0
christmas graphic set;0
christmas design setup;0
christmas nativity set design;0
christmas theatre set design;0
christmas design nail set;0
stage set design christmas;0
christmas lights set design;0
christmas concert set design;0
christmas aesthetic set design;0
blue christmas set design;0
christmas box set design;0
christmas editorial set design;0
christmas set design fashion;0
american girl kit christmas;0
christmas cookies for kids;0
christmas craft kids;0
christmas ornaments for kids;0
kids christmas;0
kids christmas party ideas;0
winter kita;0
holiday crafts for kids;0
holiday diy kit;0
kids winter;0
winter crafts for kids;0
christmas collection caption;0
christmas collection kurtis;0
christmas kitchen collection;0
fun christmas set design;0
filipino christmas set design;0
set design for christmas;0
christmas gift set design;0
christmas house set design;0
luxury christmas set design;0
modern christmas set design;0
christmas musical set design;0
minimalist christmas set design;0
christmas movie set design;0
christmas photoshoot set design;0
christmas play set design;0
christmas party set design;0
christmas product set design;0
christmas program set design;0
pink christmas set design;0
red christmas set design;0
christmas tv set design;0
set design christmas tree;0
table set design christmas;0
christmas theme set design;0
christmas town set design;0
traditional christmas set design;0
christmas set up design;0
christmas wonderland set design;0
winter sets design;0
winter suit set design;0
winter coord sets design;0
cord set design winter;0
winter coords set design;0
winter fashion set design;0
winter forest set design;0
winter nail set design;0
nails design winter set;0
winter table set design;0
winter theme set design;0
holiday photoshoot set design;0
holiday gift set design;0
holiday studio set design;0
christmas clipart sets;0
winter clipart set;0
christmas icon set vector;0
christmas art set up;0
christmas setting art;0
nail art christmas set;0
art set christmas gift;0
christmas nail art sets;0
christmas clip art set;0
canva christmas element set;0
christmas element set;0
a christmas kitchen;0
christmas ideas kids;0
christmas everywhere kit alternatives;0
christmas first aid kit;0
christmas kit beauty;0
christmas cookie kit boxes;0
baking kit christmas gifts;0
kit brawl stars christmas;0
christmas kit connor;0
christmas kit cookies;0
christmas kit candle;0
christmas kit cosmetics;0
christmas pr kit;0
christmas kit design;0
christmas kit diy;0
christmas dessert kit;0
diy christmas gift kit;0
christmas eve kit printable;0
christmas everywhere kit;0
eartha kit christmas;0
christmas morning emergency kit;0
christmas eve emergency kit;0
christmas kit for kids;0
cocktail kit gift christmas;0
christmas gifts kit;0
s’mores kit christmas gift;0
christmas kit hen decor;0
christmas kit hen;0
kit harrington christmas;0
christmas hot coco kit;0
hangover kit christmas;0
hot chocolate christmas kit;0
gift kit ideas christmas;0
cookie kit ideas christmas;0
christmas pr kit ideas;0
christmas journal kit;0
christmas journaling kit;0
christmas kit kat wrapper;0
christmas kit kids;0
christmas kit kat house;0
christmas lip kit;0
christmas light viewing kit;0
christmas kit men;0
christmas morning mimosa kit;0
nail kit christmas gift;0
embroidery christmas ornaments kit;0
christmas kit packaging;0
christmas kit present;0
play dough christmas kit;0
quilted christmas tree kit;0
remembering christmas kit;0
rhode christmas kit;0
christmas kit skincare;0
kit connor christmas tree;0
christmas tree kit crochet;0
kit kat christmas treats;0
su christmas wishes kit;0
christmas wallpaper kit;0
2 christmas kittens;0
kit connor christmas 2026;0
3 christmas kittens;0
christmas kitchen sims 4;0
winter kitchen tea outfit;0
winter kitten heels outfit;0
winter kitchen island decor;0
winter kitchen aesthetic;0
winter kitchen bloxburg;0
winter kids crafts;0
kids winter fashion;0
kita angebote winter;0
kita winter basteln u3;0
kita u3 angebote winter;0
winter kit aesthetic;0
winter survival kit aesthetic;0
winter brand kit;0
kit connor winter outfit;0
winter kit diy;0
winter kit design;0
winter play doh kit;0
winter diy cookie kit;0
winter emergency kit gift;0
winter kit for men;0
winter kit football;0
kit for winter;0
winter kit gift ideas;0
winter survival kit gifts;0
kit gameoverse winter;0
kit harington winter;0
kit harrington winter style;0
winter homeless kit;0
winter kit ideas;0
travel kit winter;0
winter kit military;0
mini winter survival kit;0
real madrid kit winter;0
winter medicine kit;0
winter kit outfit;0
winter football kit outfit;0
winter power outage kit;0
soccer kit outfit winter;0
winter playdoh kit;0
winter prep kit;0
pr kit winter;0
press kit winter;0
winter play dough kit;0
the winter kit rhode;0
winter skin kit;0
winter starter kit;0
winter tactical kit;0
the winter kit;0
ukraine winter kit;0
winter kita 3 jahre;0
winter kitchen sims 4;0
holiday kitchen cabinet decor;0
holiday kitchen table decor;0
holiday treats for kids;0
kids holiday crafts;0
holiday decor christmas kitchen;0
diy holiday decorations kitchen;0
holiday kit aesthetic;0
first aid kit holiday;0
holiday art kit;0
holiday kit beauty;0
holiday brand kit;0
beach holiday kit;0
holiday care kit;0
holiday survival kit christmas;0
cosmetic holiday kit;0
holiday kit design;0
holiday play dough kit;0
holiday drink kit gift;0
diy holiday craft kit;0
emergency kit for holiday;0
holiday kit for kids;0
period kit for holiday;0
holiday kit gift;0
glossier holiday kit 2026;0
girls holiday survival kit;0
gisou holiday kit;0
holiday movie watching kit;0
holiday survival kit tag;0
holiday simmer pot kit;0
holiday playdough kit;0
holiday kit ideas;0
holiday cocktail infusion kit;0
mom holiday survival kit;0
holiday movie night kit;0
holiday kit packaging;0
holiday kit photography;0
holiday potpourri simmering kit;0
holiday pr kit;0
holiday press kit;0
vitamin holiday kit packaging;0
retail survival kit holiday;0
rhode holiday kit;0
holiday kit skincare;0
work holiday survival kit;0
holiday teacher survival kit;0
holiday kit video;0
holiday wellness kit;0
holiday welcome kit;0
spellbinders holiday kit 2026;0
xmas kitchen window decor;0
xmas kitty pfp;0
xmas kitchen sink cookies;0
xmas kitchen table decor;0
xmas decorations ideas kitchen;0
kitchen window xmas garland;0
hello kitty xmas cards;0
kitchen xmas wreath;0
hello kitty xmas pfp;0
kitchen island xmas;0
diy xmas kitchen towels;0
hello kitty xmas cookies;0
xmas kitchen table centerpiece;0
red xmas kitchen;0
kit connor xmas;0
diy xmas cookie kit;0
xmas gift kit;0
xmas kit;0
xmas pr kit;0
xmas press kit;0
christmas design kitchen;0
christmas design kitchen towel;0
christmas hello kitty design;0
christmas kitchen design ideas;0
kitchen counter christmas design;0
cupboard design kitchen christmas;0
christmas interior design kitchen;0
christmas poster design kitchen;0
christmas kite design;0
kitchen design christmas;0
winter design kite;0
kitchen design winter;0
winter garden kitchen design;0
outdoor kitchen design winter;0
winter interior design kitchen;0
holiday kitchen design;0
holiday home kitchen design;0
kitschy christmas graphic;0
kitchen christmas graphic;0
christmas kitchen graphic design;0
hello kitty christmas graphic;0
christmas digital kit;0
christmas illustration kitchen;0
kitty christmas illustration;0
christmas hello kitty illustration;0
christmas kitsch illustration;0
kitsch christmas tree illustration;0
cozy christmas kitchen illustration;0
kitschy christmas illustration;0
vintage christmas kitten illustration;0
christmas kitchen illustration art;0
christmas kitten illustration;0
christmas kitchen illustration;0
christmas collections ideas;0
christmas collection display;0
christmas collection fashion poster;0
christmas tree collection decor;0
christmas collection moodboard;0
christmas collection flyer;0
christmas wooden collection;0
christmas drawing collection;0
christmas tree collection display;0
latest christmas dress collection;0
christmas crochet collection;0
christmas collection ads;0
christmas collection aesthetic;0
christmas collection announcement;0
christmas art collection;0
christmas accessories collection;0
christmas app icons collection;0
christmas collection banner;0
christmas collection background;0
christmas collection bags;0
christmas collection beauty;0
christmas collection box ideas;0
christmas bedding collection;0
christmas collection mood board;0
christmas collection campaign;0
christmas collection cake;0
christmas collection canva;0
christmas collection cushion;0
christmas collection churidar;0
christmas collection design;0
christmas collection dropping soon;0
christmas collection display ideas;0
christmas collection dress kerala;0
christmas collection dress poster;0
christmas collection drop;0
christmas collection dress 2026;0
christmas collection dress indian;0
christmas collection email;0
christmas elements collection;0
eos christmas collection;0
essence christmas collection 2026;0
christmas emoji collection;0
christmas collection for kids;0
christmas collection for women;0
christmas collection fashion banner;0
christmas collection fashion indian;0
christmas collection frock;0
christmas collection font;0
christmas collection fabric;0
christmas collection for babies;0
christmas collection fashion man;0
christmas collection graphic;0
christmas collection gucci;0
christmas gingerbread collection;0
christmas lip gloss collection;0
christmas gift box collection;0
christmas glass collection;0
christmas home collection;0
holiday christmas collection;0
zara home christmas collection;0
hrh collection christmas;0
christmas collection illustration;0
christmas collection is here;0
christmas collection is coming;0
christmas collection insta story;0
christmas tree collection ideas;0
christmas card collection ideas;0
christmas cookie jar collection;0
christmas jellycats collection;0
jelly cat christmas collection;0
jellycat collection christmas;0
christmas collection kids;0
kiko milano christmas collection;0
christmas kpop collection;0
christmas collection launch;0
christmas collection launching soon;0
christmas collection loading;0
christmas collection logo;0
christmas collection website layout;0
lipgloss christmas collection;0
christmas collection men;0
christmas mug collection display;0
christmas make up collection;0
christmas collection newsletter;0
nails christmas collection;0
new christmas collection;0
new collection poster christmas;0
christmas new collection dress;0
new collection for christmas;0
christmas collection outfit;0
collection of christmas ornaments;0
christmas tree ornaments collection;0
collection of christmas trees;0
christmas collection photoshoot;0
christmas collection poster design;0
christmas collection packaging;0
christmas collection product;0
christmas collection photography;0
christmas collection perfume;0
christmas print collection;0
christmas pattern design collection;0
christmas collection reel;0
christmas collection rings video;0
rae dunn collection christmas;0
retro christmas collection;0
red christmas collection;0
rhode christmas collection;0
christmas collection sarees;0
christmas collection shoot;0
winter collection caption;0
winter collection khaddar;0
winter collection male;0
winter collection new;0
eos holiday collection;0
christmas vector bundle;0
christmas collection skincare;0
christmas collection sign;0
christmas collection salwar;0
christmas collection store;0
christmas collection sticker;0
victorias secret christmas collection;0
christmas collection teaser;0
christmas collection text;0
christmas collection themes;0
christmas collection template;0
christmas collection typography;0
christmas collection video;0
christmas collection vector;0
vanwalk christmas collection;0
vintage christmas tree collection;0
christmas village collection display;0
christmas collection wallpaper;0
christmas collection website banner;0
christmas collection website;0
winter christmas collection;0
womens christmas collection;0
christmas collection dress women;0
christmas collection zara kids;0
scentsy christmas collection 2026;0
christmas dress collection 2026;0
opi christmas 2026 collection;0
sims 4 christmas collection;0
winter collection outfits;0
winter collection for kids;0
winter collection poster design;0
winter collection illustration;0
winter collection 2026 pakistani;0
winter collection creative;0
winter eid collection;0
winter collection aesthetic;0
winter collection announcement;0
winter collection accessories;0
winter collection advertisement;0
winter collection arrived;0
winter collection aespa;0
winter collection ad creative;0
winter collection announcement video;0
winter collection boys;0
winter collection banner design;0
winter collection background;0
winter collection baby girl;0
winter collection baby;0
winter collection baby boy;0
winter collection branding;0
winter collection boutique;0
winter collection board;0
winter collection creative ads;0
winter collection campaign;0
winter collection crochet;0
winter collection clothing brand;0
winter collection design poster;0
winter collection drawing;0
winter collection design fashion;0
winter collection display;0
winter collection drop;0
winter collection design ideas;0
winter collection eastern;0
winter collection editorial;0
winter collection email;0
winter collection embroidery;0
winter collection email marketing;0
winter collection event;0
europe winter collection;0
elegant winter collection;0
eos winter collection;0
winter collection for boys;0
winter collection girls dress;0
winter collection graphic design;0
winter collection grid;0
winter collection graphic;0
winter collection gown;0
winter collection group;0
winter collection gala design;0
winter collection green;0
gym winter collection;0
winter collection hijab;0
winter collection home decor;0
winter collection horizontal;0
winter collection highlight cover;0
winter collection handmade;0
winter collection highlight;0
winter collection haul;0
winter collection high fashion;0
winter collection home;0
winter collection indian;0
winter collection instagram post;0
winter collection is here;0
winter collection inspiration;0
winter collection instagram story;0
winter collection is coming;0
winter collection indian outfits;0
j. winter collection;0
winter collection jeans;0
winter collection japan;0
jellycat collection winter;0
japanese winter collection;0
winter collection kids;0
winter collection kids wear;0
winter collection kurtis;0
winter collection korean;0
winter collection kids banner;0
winter collection key visual;0
winter collection kashmir;0
boys kids winter collection;0
winter collection launch;0
winter collection logo design;0
winter collection lookbook;0
winter collection launch poster;0
winter collection launching soon;0
winter collection loading;0
winter collection luxury;0
winter collection launch ideas;0
winter collection live now;0
winter collection mood board;0
winter collection men 2026;0
winter collection model;0
winter collection men outfits;0
winter collection magazine cover;0
winter collection meesho;0
winter collection magazine;0
winter collection marketing;0
winter collection neck design;0
winter collection night suit;0
winter collection newsletter;0
new winter collection boy;0
winter collection outfits men;0
winter collection old money;0
winter collection on meesho;0
winter collection of women;0
winter collection offer;0
winter collection office;0
winter collection photoshoot ideas;0
winter collection pakistani dresses;0
winter collection photography;0
new winter collection quotes;0
winter collection runway;0
winter collection reel;0
winter collection reel ideas;0
winter collection reels men;0
winter collection release;0
the row winter collection;0
farm rio winter collection;0
chanel winter collection runway;0
represent winter collection;0
winter collection shoot;0
winter collection streetwear;0
winter collection shoot ideas;0
winter collection shooting;0
winter collection sketch;0
winter collection story;0
winter collection sale poster;0
winter collection teaser;0
winter collection tops;0
winter collection template;0
winter collection theme;0
winter collection typography;0
winter collection teaser post;0
winter collection traditional;0
winter collection trend;0
winter collection theme board;0
winter collection line up;0
winter collection pop up;0
winter collection for university;0
unique winter collection;0
winter collection video ideas;0
winter collection vintage;0
winter collection versace;0
winter collection visual merchandising;0
winter collection vogue;0
winter collection videography;0
winter collection vector;0
victoria beckham winter collection;0
winter collection website banner;0
winter collection women outfit;0
winter collection women casual;0
winter collection women 2026;0
winter collection word;0
winter collection window display;0
winter collection western;0
winter collection written;0
winter collection wardrobe;0
zellbury winter collection 2026;0
zara collection 2026 winter;0
zimmerman winter collection;0
winter collection 1990;0
chanel winter collection 1995;0
dior winter collection 1990;0
fall-winter 2018/19 pre-collection chanel;0
winter collection 2026 women;0
winter collection 2026 poster;0
winter collection 2026/2026;0
winter collection 26;0
winter 3 piece collection;0
winter collection sims 4;0
winter collection 90s;0
dior winter collection 90s;0
versace winter collection 90s;0
chanel winter collection 90s;0
holiday collection photoshoot;0
holiday collection 2026;0
holiday collection banner;0
holiday collection campaign;0
holiday collection shoot;0
holiday collection email;0
holiday collection poster;0
kiko holiday collection;0
holiday shot glasses collection;0
lexington holiday collection;0
loewe holiday collection;0
holiday postcard collection;0
holiday collection aesthetic;0
holiday collection ads;0
holiday collection bag;0
holiday collection beauty;0
holiday barbie collection display;0
holiday collection coming soon;0
holiday collection cd;0
holiday collection design;0
holiday collection dress;0
the holiday dvd collection;0
holiday collection editorial;0
eos holiday collection 2026;0
enhypen holiday collection 2026;0
enhypen holiday collection photocard;0
holiday collection fashion poster;0
holiday collection fashion shoot;0
holiday collection fashion 2026;0
holiday collection fashion campaign;0
guerlain holiday collection;0
gucci holiday collection;0
jungkook holiday collection 2026;0
holiday collection kids;0
holiday collection launch;0
lexington company holiday collection;0
holiday collection men;0
holiday collection marketing;0
taylor holiday merch collection;0
miumiu holiday collection;0
holiday make up collection;0
holiday collection newsletter;0
new holiday collection;0
holiday collection prada;0
holiday pattern collection;0
rhode holiday collection;0
holiday resort collection;0
holiday collection skincare;0
summer holiday collection;0
holiday collection teaser;0
tet holiday collection;0
holiday collection video;0
winter holiday collection;0
scentsy holiday wax collection;0
ysl beauty holiday collection;0
zara 2026 holiday collection;0
holiday collection 2026 scentsy;0
xmas collection dress;0
xmas collection fashion;0
xmas collection kids;0
xmas collection kurti;0
xmas collection women apparel;0
xmas collection jewelry;0
xmas collection 2026;0
xmas cake collection;0
collection xmas;0
christmas design collection;0
christmas assets illustration;0
christmas assets vector;0
christmas assets canva;0
christmas tree assets;0
christmas gfx assets;0
minecraft christmas assets;0
christmas graphic assets;0
christmas graphic design assets;0
vtuber assets christmas;0
christmas scrapbook assets;0
christmas decor assets;0
christmas lights assets;0
nightmare before christmas assets;0
christmas beauty assets;0
assets for editing christmas;0
christmas gifts assets;0
christmas theme game assets;0
merry christmas assets;0
christmas poster assets;0
pink christmas assets;0
christmas social assets;0
christmas themed assets;0
vintage christmas assets;0
winter game assets;0
winter design assets;0
winter assets;0
winter sale assets;0
holiday assets;0
winter graphics bundle;0
holiday graphics bundle;0
winter design bundle;0
holiday design bundle;0
holiday clipart bundle;0
christmas digital bundle;0
winter digital bundle;0
holiday digital bundle;0
winter vector bundle;0
christmas art bundle;0
winter art bundle;0
christmas illustration bundle;0
xmas pack;0
christmas graphic pack;0
winter graphic pack;0
holiday graphic pack;0
christmas design pack;0
winter design pack;0
holiday design pack;0
christmas clipart pack;0
winter clipart pack;0
holiday clipart pack;0
winter vector pack;0
christmas art pack;0
christmas digital pack;0
holiday digital pack;0
winter graphic set;0
holiday graphic set;0
christmas design set;0
winter design set;0
holiday design set;0
holiday clipart set;0
winter vector set;0
winter element set;0
holiday element set;0
christmas design kit;0
winter design kit;0
holiday design kit;0
christmas graphic kit;0
winter graphic kit;0
winter digital kit;0
christmas creator kit;0
winter creator kit;0
holiday creator kit;0
christmas crafting kit;0
winter crafting kit;0
christmas illustration kit;0
christmas graphic collection;0
winter graphic collection;0
holiday design collection;0
winter clipart collection;0
christmas digital resources;0
winter digital resources;0
mega christmas bundle;0
mega winter bundle;0
mega holiday bundle;0
huge christmas bundle;0
huge winter bundle;0
huge holiday bundle;0
massive christmas bundle;0
massive winter bundle;0
big christmas bundle;0
big holiday bundle;0
giant christmas bundle;0
ultimate christmas bundle;0
ultimate winter bundle;0
ultimate holiday bundle;0
winter illustration bundle;0
xmas graphic kit;0
christmas watercolor bundle;0