christmas quilt set;880
christmas ornament pack;720
holiday package;720
christmas ornament embroidery kit;720
needlepoint christmas stockings kit;720
christmas fat quarter bundle;590
christmas needlepoint kit;590
christmas package;480
christmas stocking embroidery kit;320
christmas care package;210
crimson christmas quilt kit;210
christmas backgrounds;201
christmas set design;170
christmas packaging;140
holiday travel packages;140
xmas packaging;140
tilda christmas quilt kit;140
holiday craft kit;140
christmas gift wrap kit;110
christmas packaging ideas;90
christmas wrapping paper bundle;90
winter package;90
xmas packaging ideas;90
christmas wrapping kit;90
christmas package clipart;70
handmade christmas card kit;70
christmas package design;50
christmas package ideas;50
christmas packaging design;50
winter quilt set;50
holiday wrapping paper set;50
christmas sewing kit;50
christmas tree embroidery kit;50
christmas tree craft kit;40
winter quilt kit;40
christmas background iphone;33
christmas tree quilt kit;30
christmas assets;30
winter backgrounds;27
christmas bundle svg;20
christmas package gift;20
christmas art set;20
the holiday set design;20
white christmas set design;20
christmas design bundle;10
christmas font bundle;10
christmas ornament svg bundle;10
christmas packaging design inspiration;10
christmas png bundle;10
christmas sublimation bundle;10
winter svg bundle;10
christmas pack png;10
christmas wallpaper pack;10
holiday packaging design;10
rat pack christmas party;10
v winter package;10
winter package bts;10
winter package bts 2026;10
christmas embroidery set;10
christmas set design ideas;10
xmas packaging design;10
winter set design;10
holiday set design;10
christmas junk journal kit;10
christmas tree diy kit;10
christmas wreath embroidery kit;10
diy holiday cocktail kit;10
holiday ornament kit;10
winter kitty party theme;10
christmas seamless pattern collection;10
winter collection design;10
winter collection dress design;10
winter collection logo;10
winter collection wallpaper;10
christmas assets 3d;10
christmas assets png;10
christmas assets vtuber;10
christmas clipart bundle;10
christmas clipart collection;10
christmas clipart set;10
christmas design assets;10
christmas game assets;10
christmas graphics bundle;10
christmas vector pack;10
christmas vector set;10
winter iphone background;8
christmas quilt kit;1
embroidery christmas kit;1
font pack christmas;0
christmas bundles design;0
christmas bundle packaging;0
christmas bundle drawing;0
christmas gift box bundle;0
christmas alphabet svg bundle;0
christmas wall art bundle;0
christmas bundle background;0
christmas bundle clipart;0
christmas bundle design;0
christmas bundle diy;0
christmas bundle post design;0
christmas bundle flyer design;0
christmas ornament bundle diy;0
diy christmas gift bundle;0
church christmas graphics bundle;0
christmas bundle illustration;0
merry christmas svg bundle;0
christmas bundle png;0
christmas bundle package;0
christmas templates bundle;0
christmas tree svg bundle;0
christmas bundle vector;0
christmas wallpaper bundle;0
whimsical christmas clipart bundle;0
watercolor christmas clipart bundle;0
winter clipart bundle;0
winter png bundle;0
holiday bundle packaging;0
holiday bundle design;0
holiday bundle graphic;0
bundled up winter art;0
christmas package ideas boxes;0
a christmas package;0
jewelry christmas packaging;0
christmas sticker pack aesthetic;0
christmas plum cake packaging;0
christmas pack canva;0
sticker pack christmas;0
christmas pack design;0
christmas pack design ideas;0
christmas pack diy;0
christmas gift pack drawing;0
christmas eve starter pack;0
christmas pack illustration;0
christmas journal pack;0
kids christmas party pack;0
kids christmas craft pack;0
merry christmas sticker pack;0
christmas charm pack quilt;0
charm pack christmas quilts;0
christmas pack sticker;0
christmas pack vector;0
vintage christmas sticker pack;0
3d christmas pack;0
winter packaging design;0
winter package design;0
winter aespa pack png;0
winter pack design;0
winter starter pack gift;0
winter pack png;0
winter starter pack aesthetic;0
sticker pack winter aespa;0
v winter package 2026;0
winter 3d icon pack;0
holiday pack design;0
rat pack holiday party;0
xmas package;0
xmas package design;0
xmas packaging design boxes;0
xmas package ideas;0
xmas package flyer;0
xmas packaging design creative;0
xmas package gift;0
xmas packaging luxury;0
xmas cake box packaging;0
xmas gift set packaging;0
xmas pr package;0
xmas giveaway package;0
diy xmas gift package;0
xmas delivery package;0
xmas gifts packaging;0
cute xmas packaging;0
xmas cosmetics packaging;0
package design xmas;0
xmas pack design;0
xmas png pack;0
xmas stickers pack;0
sticker pack xmas;0
xmas starter pack;0
christmas graphic packaging;0
christmas graphic design packaging;0
christmas package graphic design;0
christmas package graphic;0
holiday graphic packaging;0
christmas design packaging;0
christmas design package;0
christmas design packaging boxes;0
christmas design packaging ideas;0
classic christmas packaging design;0
jar packaging design christmas;0
christmas packaging food design;0
christmas chocolate packaging design;0
christmas packaging design perfume;0
christmas jewelry packaging design;0
christmas package design poster;0
christmas gift pack design;0
sticker pack design christmas;0
winter design packaging;0
winter design package;0
winter season package design;0
cozy winter packaging design;0
winter gloves packaging design;0
winter chocolate packaging design;0
winter holiday packaging design;0
winter packing design;0
winter beverage packaging design;0
winter packaging design products;0
packaging winter design;0
holiday design packaging;0
holiday package design poster;0
holiday beauty packaging design;0
package design holiday;0
holiday packing list design;0
holiday gift packaging design;0
holiday packages poster design;0
holiday product packaging design;0
holiday edition packaging design;0
packaging design holiday;0
starter pack holiday design;0
christmas art packaging;0
christmas package art;0
christmas package nail art;0
art deco christmas packaging;0
christmas packaging art;0
christmas illustration packaging;0
christmas illustration packaging design;0
christmas illustration package;0
christmas illustration for packaging;0
christmas illustration sticker pack;0
christmas packing illustration;0
christmas packages illustration;0
christmas package illustration;0
christmas illustration pack;0
christmas set wall art;0
christmas set background;0
christmas set canva;0
christmas set crochet;0
christmas set clipart;0
christmas set design photography;0
christmas set design stage;0
christmas set design table;0
christmas set design nails;0
christmas set design editorial;0
christmas vector element set;0
christmas set illustration;0
christmas kitchen set design;0
christmas set menu design;0
christmas set packaging;0
christmas set sticker;0
christmas set vector;0
christmas village set design;0
vintage christmas set design;0
christmas set wallpaper;0
christmas set 3d;0
winter art set;0
winter set crochet;0
winter set cute;0
winter set design fashion;0
winter set design theatre;0
winter set design photography;0
winter set diy;0
winter kurti set design;0
winter cot set design;0
winter set illustration;0
winter set mockup;0
winter set pattern;0
winter set sewing;0
winter set vector;0
3d winter nail set;0
cute holiday set;0
holiday set design photography;0
holiday gift set packaging;0
holiday sticker set;0
holiday party outfit set;0
holiday set packaging;0
holiday set package;0
holiday set unboxing;0
xmas set design;0
xmas gift set diy;0
xmas box set;0
cute xmas pj set;0
xmas table set design;0
xmas party set up;0
xmas set vector;0
xmas wallpaper set;0
christmas graphic set;0
christmas design setup;0
christmas nativity set design;0
christmas theatre set design;0
christmas design nail set;0
stage set design christmas;0
christmas lights set design;0
christmas concert set design;0
christmas aesthetic set design;0
blue christmas set design;0
christmas box set design;0
christmas editorial set design;0
christmas set design fashion;0
christmas craft kids;0
kids christmas party ideas;0
holiday crafts for kids;0
holiday diy kit;0
winter crafts for kids;0
fun christmas set design;0
filipino christmas set design;0
set design for christmas;0
christmas gift set design;0
christmas house set design;0
luxury christmas set design;0
modern christmas set design;0
christmas musical set design;0
minimalist christmas set design;0
christmas movie set design;0
christmas photoshoot set design;0
christmas play set design;0
christmas party set design;0
christmas product set design;0
christmas program set design;0
pink christmas set design;0
red christmas set design;0
christmas tv set design;0
set design christmas tree;0
table set design christmas;0
christmas theme set design;0
christmas town set design;0
traditional christmas set design;0
christmas set up design;0
christmas wonderland set design;0
winter sets design;0
winter suit set design;0
winter coord sets design;0
cord set design winter;0
winter coords set design;0
winter fashion set design;0
winter forest set design;0
winter nail set design;0
nails design winter set;0
winter table set design;0
winter theme set design;0
holiday photoshoot set design;0
holiday gift set design;0
holiday studio set design;0
christmas clipart sets;0
winter clipart set;0
christmas icon set vector;0
christmas art set up;0
christmas setting art;0
nail art christmas set;0
art set christmas gift;0
christmas nail art sets;0
christmas clip art set;0
canva christmas element set;0
christmas cookie kit boxes;0
christmas kit design;0
christmas kit diy;0
diy christmas gift kit;0
christmas eve kit printable;0
eartha kit christmas;0
christmas journal kit;0
christmas journaling kit;0
christmas kit kat wrapper;0
embroidery christmas ornaments kit;0
christmas kit packaging;0
quilted christmas tree kit;0
christmas tree kit crochet;0
christmas wallpaper kit;0
winter kids crafts;0
winter kit diy;0
winter kit design;0
winter diy cookie kit;0
winter starter kit;0
kids holiday crafts;0
diy holiday decorations kitchen;0
holiday art kit;0
holiday kit design;0
diy holiday craft kit;0
holiday kit packaging;0
vitamin holiday kit packaging;0
diy xmas kitchen towels;0
diy xmas cookie kit;0
christmas design kitchen;0
christmas design kitchen towel;0
christmas hello kitty design;0
christmas kitchen design ideas;0
kitchen counter christmas design;0
cupboard design kitchen christmas;0
christmas interior design kitchen;0
christmas poster design kitchen;0
christmas kite design;0
kitchen design christmas;0
winter design kite;0
kitchen design winter;0
winter garden kitchen design;0
outdoor kitchen design winter;0
winter interior design kitchen;0
holiday kitchen design;0
holiday home kitchen design;0
kitschy christmas graphic;0
kitchen christmas graphic;0
christmas kitchen graphic design;0
hello kitty christmas graphic;0
christmas digital kit;0
christmas illustration kitchen;0
kitty christmas illustration;0
christmas hello kitty illustration;0
christmas kitsch illustration;0
kitsch christmas tree illustration;0
cozy christmas kitchen illustration;0
kitschy christmas illustration;0
vintage christmas kitten illustration;0
christmas kitchen illustration art;0
christmas kitten illustration;0
christmas kitchen illustration;0
christmas drawing collection;0
christmas crochet collection;0
christmas art collection;0
christmas collection background;0
christmas collection box ideas;0
christmas collection canva;0
christmas collection design;0
christmas collection font;0
christmas collection graphic;0
christmas gift box collection;0
christmas collection illustration;0
christmas collection logo;0
christmas collection website layout;0
christmas collection poster design;0
christmas collection packaging;0
christmas print collection;0
christmas pattern design collection;0
christmas vector bundle;0
christmas collection sticker;0
christmas collection template;0
christmas collection typography;0
christmas collection vector;0
christmas collection wallpaper;0
winter collection poster design;0
winter collection illustration;0
winter collection banner design;0
winter collection background;0
winter collection crochet;0
winter collection design poster;0
winter collection drawing;0
winter collection design fashion;0
winter collection design ideas;0
winter collection embroidery;0
winter collection graphic design;0
winter collection graphic;0
winter collection gala design;0
winter collection handmade;0
winter collection logo design;0
winter collection neck design;0
winter collection sketch;0
winter collection template;0
winter collection typography;0
winter collection vector;0
holiday collection design;0
holiday pattern collection;0
christmas design collection;0
christmas assets illustration;0
christmas assets vector;0
christmas assets canva;0
christmas tree assets;0
christmas gfx assets;0
christmas graphic assets;0
christmas graphic design assets;0
vtuber assets christmas;0
christmas scrapbook assets;0
christmas decor assets;0
christmas lights assets;0
nightmare before christmas assets;0
christmas beauty assets;0
assets for editing christmas;0
christmas gifts assets;0
christmas theme game assets;0
merry christmas assets;0
christmas poster assets;0
pink christmas assets;0
christmas social assets;0
christmas themed assets;0
vintage christmas assets;0
winter game assets;0
winter design assets;0
winter assets;0
winter sale assets;0
holiday assets;0
winter graphics bundle;0
holiday graphics bundle;0
winter design bundle;0
holiday design bundle;0
holiday clipart bundle;0
christmas digital bundle;0
winter digital bundle;0
holiday digital bundle;0
winter vector bundle;0
christmas art bundle;0
winter art bundle;0
christmas illustration bundle;0
christmas graphic pack;0
winter graphic pack;0
holiday graphic pack;0
christmas design pack;0
winter design pack;0
holiday design pack;0
christmas clipart pack;0
winter clipart pack;0
holiday clipart pack;0
winter vector pack;0
christmas art pack;0
christmas digital pack;0
holiday digital pack;0
winter graphic set;0
holiday graphic set;0
christmas design set;0
winter design set;0
holiday design set;0
holiday clipart set;0
winter vector set;0
christmas design kit;0
winter design kit;0
holiday design kit;0
christmas graphic kit;0
winter graphic kit;0
winter digital kit;0
christmas crafting kit;0
winter crafting kit;0
christmas illustration kit;0
christmas graphic collection;0
winter graphic collection;0
holiday design collection;0
winter clipart collection;0
christmas digital resources;0
winter digital resources;0
winter illustration bundle;0
xmas graphic kit;0
