watercolor cliparts;880
clipart watercolor;880
watercolor flowers blue;880
watercolor background pink;880
watercolor splashes;880
watercolor flowers purple;720
transparent background clipart;720
watercolor wreath;720
watercolor wreath christmas;720
watercolor wreaths;720
watercolor christmas wreath;720
watercolor illustrations;720
greenery watercolor;720
watercolor greenery;720
transparent watercolors;720
watercolor flowers abstract;590
watercolor flowers border;590
watercolor flowers vase;590
watercolor flower borders;590
watercolor birds clipart;590
watercolor flowers bouquet;480
sun clipart transparent;480
watercolor butterflies;480
watercolor fairies;480
watercolor dinosaurs;480
wedding clipart images;390
nursery rhymes clipart;390
watercolor borders;390
whimsical clipart;390
watercolor sea animals;390
field of flowers watercolor;320
watercolor flowers yellow;320
star clipart transparent;320
watercolor background paper;320
png watercolor;320
watercolor brush strokes;320
watercolor flowers card;260
watercolor flowers wallpaper;260
watercolor flowers lavender;260
watercolor flowers transparent;260
fire clipart transparent;260
transparent flower clipart;260
watercolor coffee cups;260
transparent watercolor flowers;260
watercolor flower transparent;260
watercolor tulip clipart;210
wedding clipart border;210
watercolor art flowers;210
watercolor flowers field;210
watercolor flowers png;210
watercolor flowers simple;210
watercolor flowers print;210
watercolor flowers printable;210
watercolor flowers red;210
watercolor flowers white;210
watercolor flowers wreath;210
camera clipart transparent;210
leaf clipart transparent;210
watercolor wreath flowers;210
watercolor painting background;210
watercolor splashes background;210
watercolor farm animals;210
pastel png;210
wedding couple clipart;170
wedding veil clipart;170
watercolor flowers art;170
watercolor flowers fabric;170
volleyball clipart transparent;170
maple leaves watercolor;170
rainbow clipart pastel;170
watercolor flower png;170
watercolor art for nursery;170
watercolor jellyfish clipart;140
watercolor flowers design;140
free transparent clipart;140
cute watercolor animals;140
watercolor background wash;140
watercolor birds flying;140
watercolor pumpkins clipart;140
watercolor aesthetic;140
watercolor beach houses;140
watercolor ocean animals;110
watercolor flowers frame;110
watercolor flowers pattern;110
glasses clipart transparent;110
sparkle clipart transparent;110
eucalyptus leaves watercolor;110
watercolor greenery background;110
watercolor dog clipart;90
earth clipart transparent;90
light bulb clipart transparent;90
watercolor leaves background;90
watercolor texture background;90
watercolor background texture;90
watercolor splashes png;90
whimsical christmas trees clipart;90
aesthetic watercolor wallpaper;90
watercolor bird houses;90
watercolor splash png;90
pastel flower png;90
watercolor pink bow clipart;70
watercolor rainbow clipart;70
watercolor animals art;70
wedding clipart indian;70
wedding clipart png;70
watercolor flowers green;70
watercolor flowers peonies;70
watercolor flowers vintage;70
disco ball clipart transparent;70
food clipart transparent;70
grass clipart transparent;70
moon clipart transparent;70
wave clipart transparent;70
watercolor leaves art;70
watercolor leaves border;70
watercolor leaves png;70
watercolor leaves print;70
watercolor background blue;70
cute pastel rainbow clipart;70
oil pastel clipart;70
watercolor graphics;70
watercolor roses wallpaper;70
watercolor birds art;70
watercolor birds images;70
watercolor birds nest;70
watercolor leaves clipart;50
watercolor animals cute;50
wedding ceremony clipart;50
wedding venue clipart;50
watercolor flowers outline;50
watercolor flowers rose;50
watercolor flowers vector;50
bed clipart transparent;50
eyes clipart transparent;50
frame clipart transparent;50
sticky note clipart transparent;50
junk journal clipart;50
watercolor background painting;50
pastel heart clipart;50
pastel stars clipart;50
watercolor paint splashes;50
watercolor roses clipart;50
watercolor paper texture png;50
watercolor pumpkins background;50
abstract watercolor butterflies;50
aesthetic watercolor background;50
watercolor fabric print;50
watercolor fabric prints;50
watercolor print fabric;50
pastel goth png;50
watercolor unicorn clipart;40
funny wedding clipart;40
wedding card clipart;40
wedding clipart funny;40
boho watercolor;40
mini watercolor flowers;40
watercolor flowers illustration;40
watercolor flowers template;40
watercolor ginkgo leaves;40
watercolor background green;40
watercolor greenery border;40
watercolor roses background;40
watercolor roses simple;40
watercolor seamless pattern;40
whimsical flowers clipart;40
whimsical heart clipart;40
transparent orange watercolor;40
pink watercolor flowers png;40
watercolor animals simple;30
beach wedding clipart;30
watercolor animals png;30
wedding clipart church;30
wedding clipart frame;30
wedding decorations clipart;30
wedding clipart simple;30
boho watercolor painting;30
watercolor flowers stickers;30
dinosaur clipart transparent;30
horse clipart transparent;30
watercolor background art;30
watercolor background dark;30
watercolor background design;30
watercolor background hd;30
watercolor background purple;30
watercolor background red;30
pastel border clipart;30
pastel christmas tree clipart;30
pastel dinosaur clipart;30
pastel goth clipart;30
pastel unicorn clipart;30
watercolor flowers graphics;30
watercolor roses png;30
whimsical clipart free;30
aesthetic watercolor art;30
aesthetic watercolor flowers;30
watercolor png transparent;30
printable watercolor art;30
pastel yellow star png;30
hand painted clipart;30
watercolor flowers;22
watercolor clipart flowers;20
sunflower watercolor clipart;20
watercolor astronaut clipart;20
watercolor dragonfly clipart;20
watercolor elephant clipart;20
watercolor farm clipart;20
watercolor grass clipart;20
watercolor horse clipart;20
christmas tree watercolor clipart;20
watercolor animals for nursery;20
wedding clipart cartoon;20
wedding clipart design;20
wedding clipart hindu;20
silver wedding rings clipart;20
boho watercolor art;20
boho watercolor flowers;20
watercolor flowers bunch;20
watercolor flowers circle;20
watercolor flowers corner;20
watercolor flowers hydrangea;20
watercolor flowers invitation;20
watercolor flowers leaves;20
watercolor flowers procreate;20
watercolor flowers realistic;20
watercolor flowers tulips;20
watercolor wreath card;20
watercolor eucalyptus wreath;20
watercolor leaves pattern;20
watercolor leaves wallpaper;20
watercolor rose leaves;20
watercolor background aesthetic;20
watercolor background brown;20
watercolor background wallpaper;20
watercolor garden background;20
watercolor background nature;20
watercolor background orange;20
watercolor background pastel;20
watercolor background vector;20
watercolor background yellow;20
watercolor underwater background;20
flower clipart pastel;20
greenery watercolor png;20
pastel backpack clipart;20
pastel disco ball clipart;20
pastel lollipop clipart;20
watercolor greenery clipart;20
nursery room clipart;20
watercolor roses border;20
watercolor roses in vase;20
chinese watercolor birds;20
watercolor floral seamless pattern;20
watercolor woodland animals png;20
whimsical pumpkin clipart;20
whimsical snowman clipart;20
whimsical tree clipart;20
watercolor brush strokes png;20
watercolor mountains png;20
transparent watercolor technique;20
tree watercolor png;20
watercolor margarita png;20
watercolor teddy bear png;20
watercolor vines png;20
watercolor elements;20
watercolor safari animals clipart;20
watercolor t-shirt design;20
watercolor fruits png;20
acrylic paint clipart;20
watercolor clipart animals;10
watercolor clipart christmas;10
baseball watercolor clipart;10
dinosaur watercolor clipart;10
giraffe watercolor clipart;10
greenery watercolor clipart;10
ice cream watercolor clipart;10
leaf watercolor clipart;10
nautical watercolor clipart;10
nurse watercolor clipart;10
ocean watercolor clipart;10
safari watercolor clipart;10
watercolor alphabet clipart;10
watercolor animal clipart;10
watercolor clipart png;10
watercolor donut clipart;10
watercolor eucalyptus clipart;10
watercolor hummingbird clipart;10
watercolor lighthouse clipart;10
watercolor moon clipart;10
watercolor owl clipart;10
floral png clipart;10
geometric watercolor animals;10
watercolor animals clipart;10
watercolor animals elephant;10
watercolor animals nursery;10
watercolor travel clipart;10
watercolor turtle clipart;10
yellow watercolor clipart;10
wedding clipart background;10
wedding clipart blue;10
wedding clipart christian;10
wedding clipart colour;10
wedding clipart couple;10
wedding clipart cute;10
wedding clipart flower;10
wedding clipart ganesh;10
wedding clipart hd;10
wedding envelope clipart;10
wedding clipart line art;10
wedding clipart logo;10
wedding clipart new;10
wedding clipart png hd;10
wedding clipart transparent;10
wedding clipart vector;10
wedding knot clipart;10
wedding leaf clipart;10
wedding ribbon clipart;10
wedding rose clipart;10
wedding theme clipart;10
boho watercolor background;10
boho watercolor clipart;10
boho watercolor rainbow;10
boho watercolor wallpaper;10
watercolor boho pattern;10
watercolor flowers aesthetic;10
watercolor flowers doodle;10
watercolor flowers garland;10
watercolor flowers hd;10
watercolor flowers loose;10
watercolor flowers minimalist;10
watercolor flowers modern;10
watercolor flowers orange;10
watercolor flowers png hd;10
watercolor flowers seamless pattern;10
watercolor flowers set;10
watercolor flowers sunflowers;10
watercolor flowers wedding;10
blue watercolor wreath;10
watercolor advent wreath;10
watercolor wreath border;10
watercolor wreath simple;10
green watercolor wreath;10
rose watercolor wreath;10
simple watercolor leaves;10
sunflower wreath watercolor;10
watercolor christmas leaves;10
watercolor greenery wreath;10
watercolor laurel wreath;10
watercolor lavender wreath;10
watercolor leaves card;10
watercolor leaves corner;10
watercolor leaves design;10
watercolor leaves frame;10
watercolor leaves wreath;10
watercolor leaves illustration;10
watercolor leaves invitation;10
watercolor leaves procreate;10
watercolor leaves transparent;10
watercolor leaves vector;10
watercolor magnolia leaves;10
watercolor background abstract;10
watercolor background animation;10
watercolor background beige;10
watercolor background black;10
watercolor background border;10
watercolor background calligraphy;10
watercolor background canva;10
watercolor background cards;10
watercolor background christmas;10
watercolor background circle;10
watercolor background colorful;10
watercolor background dark blue;10
watercolor background effect;10
watercolor background forest;10
watercolor background iphone;10
watercolor background frame;10
watercolor background galaxy;10
watercolor background gold;10
watercolor background gray;10
watercolor background invitation;10
watercolor background leaves;10
watercolor background light;10
watercolor background light blue;10
watercolor background mandala;10
watercolor background multicolor;10
watercolor background neutral;10
watercolor background ombre;10
watercolor background phone;10
watercolor background photoshop;10
watercolor background plain;10
watercolor background portrait;10
watercolor background procreate;10
watercolor background quotes;10
watercolor background rainbow;10
watercolor background scenery;10
watercolor background sky;10
watercolor background splash;10
watercolor background teal;10
watercolor background template;10
watercolor background transparent;10
watercolor background vertical;10
watercolor background video;10
watercolor background violet;10
watercolor background white;10
watercolor unicorn background;10
pastel boho rainbow clipart;10
pastel clipart flowers;10
pastel ice cream clipart;10
watercolor background 4k;10
watercolor greenery frame;10
watercolor greenery png;10
elephant nursery clipart;10
nursery animal clipart;10
nursery clipart free;10
nursery word clipart;10
plant nursery clipart;10
watercolor roses frame;10
elegant floral clipart;10
rustic watercolor background;10
watercolor birds png;10
woodland animals watercolor clipart;10
merry christmas watercolor clipart;10
loose watercolor pumpkins;10
watercolor butterflies background;10
watercolor butterflies png;10
whimsical frame clipart;10
whimsical house clipart;10
whimsical santa clipart;10
whimsical sun clipart;10
farm animals watercolor clipart;10
watercolor butterflies images;10
watercolor farm animals png;10
watercolor food clipart;10
watercolor sea animals clipart;10
watercolor wallpaper aesthetic;10
aesthetic watercolor jellyfish;10
aesthetic watercolor landscape;10
aesthetic watercolor stickers;10
watercolor foggy mountains;10
watercolor mountains and lake;10
bird watercolor png;10
boho rainbow watercolor;10
cat watercolor png;10
earth watercolor png;10
elephant watercolor png;10
house watercolor png;10
hydrangea watercolor png;10
peacock watercolor png;10
ribbon watercolor png;10
sky watercolor png;10
watercolor globe png;10
watercolor mountains night;10
watercolor planner stickers;10
watercolor png background;10
watercolor png black;10
watercolor png blue;10
watercolor png flower;10
watercolor png green;10
watercolor png pink;10
watercolor png purple;10
watercolor png yellow;10
watercolor rocky mountains;10
blue watercolor transparent;10
lion watercolor png;10
mermaid watercolor png;10
orchid watercolor png;10
owl watercolor png;10
rainbow watercolor png;10
rose watercolor png;10
transparent watercolor background;10
transparent watercolor butterfly;10
transparent watercolor drawing;10
transparent watercolor leaves;10
transparent watercolor palette;10
transparent watercolor sunflower;10
unicorn watercolor png;10
watercolor brush vector png;10
watercolor bundle;10
watercolor bundles;10
watercolor png orange;10
watercolor png red;10
watercolor splash transparent;10
watercolor stain png;10
watercolor turtle png;10
leaves png watercolor;10
printable watercolor wall art;10
watercolor boho clipart;10
watercolor floral clipart free;10
watercolor floral wreath clipart;10
watercolor flower print fabric;10
watercolor shirt design;10
woodland watercolor clipart;10
cute pastel png;10
pastel png aesthetic;10
pastel png transparent;10
pastel rainbow heart png;10
pastel watercolor png;10
watercolor floral art prints;10
pastel logo png;10
alcohol ink png;10
hand drawn watercolor flowers;10
hand painted flowers png;10
watercolor halloween cat;10
watercolor halloween costume;10
watercolor halloween pictures;10
watercolor halloween wallpaper;10
loose watercolor pumpkins;10
watercolor butterflies background;10
watercolor butterflies png;10
whimsical frame clipart;10
whimsical house clipart;10
whimsical santa clipart;10
whimsical sun clipart;10
farm animals watercolor clipart;10
watercolor butterflies images;10
watercolor farm animals png;10
watercolor food clipart;10
watercolor sea animals clipart;10
watercolor wallpaper aesthetic;10
aesthetic watercolor jellyfish;10
aesthetic watercolor landscape;10
aesthetic watercolor stickers;10
watercolor foggy mountains;10
watercolor mountains and lake;10
bird watercolor png;10
boho rainbow watercolor;10
cat watercolor png;10
earth watercolor png;10
elephant watercolor png;10
house watercolor png;10
hydrangea watercolor png;10
peacock watercolor png;10
ribbon watercolor png;10
sky watercolor png;10
watercolor globe png;10
watercolor mountains night;10
watercolor planner stickers;10
watercolor png background;10
watercolor png black;10
watercolor png blue;10
watercolor png flower;10
watercolor png green;10
watercolor png pink;10
watercolor png purple;10
watercolor png yellow;10
watercolor rocky mountains;10
blue watercolor transparent;10
lion watercolor png;10
mermaid watercolor png;10
orchid watercolor png;10
owl watercolor png;10
rainbow watercolor png;10
rose watercolor png;10
transparent watercolor background;10
transparent watercolor butterfly;10
transparent watercolor drawing;10
transparent watercolor leaves;10
transparent watercolor palette;10
transparent watercolor sunflower;10
unicorn watercolor png;10
watercolor brush vector png;10
watercolor bundle;10
watercolor bundles;10
watercolor png orange;10
watercolor png red;10
watercolor splash transparent;10
watercolor stain png;10
watercolor turtle png;10
leaves png watercolor;10
printable watercolor wall art;10
watercolor boho clipart;10
watercolor floral clipart free;10
watercolor floral wreath clipart;10
watercolor flower print fabric;10
watercolor shirt design;10
woodland watercolor clipart;10
cute pastel png;10
pastel png aesthetic;10
pastel png transparent;10
pastel rainbow heart png;10
pastel watercolor png;10
watercolor floral art prints;10
pastel logo png;10
alcohol ink png;10
hand drawn watercolor flowers;10
hand painted flowers png;10
watercolor landscapes;8
wedding clipart;6
wedding cliparts;6
watercolor background;6
watercolor backgrounds;6
wedding rings clipart;3
roses in watercolor;3
watercolor roses;3
watercolor birds;3
watercolor of roses;3
watercolor of birds;3
butterflies in watercolor;3
mountains in watercolor;3
watercolor mountains;3
watercolor of mountains;3
watercolor animals;2
watercolor pumpkins;2
watercolor flowers clipart;1
watercolor flowers tattoo;1
watercolor flowers background;1
watercolor leaves;1
leaves in watercolor;1
transparent heart clipart;1
watercolor background floral;1
watercolor mushrooms;1
houses in watercolor;1
watercolor houses;1
watercolor clipart bundle;0
watercolor clipart vintage;0
watercolor clipart set;0
gym watercolor clipart;0
watercolor baby elephant clipart;0
watercolor clipart wedding;0
watercolor clipart birthday;0
watercolor clipart princess;0
watercolor paint brush clipart;0
cute farm watercolor clipart;0
pencil watercolor clipart;0
watercolor fairy garden clipart;0
watercolor clipart aesthetic;0
bride and groom watercolor clipart;0
watercolor artist clipart;0
polar bear watercolor clipart;0
watercolor clipart butterfly;0
watercolor clipart background;0
watercolor clipart baby;0
watercolor clipart birds;0
watercolor clipart beach;0
watercolor clipart blue;0
watercolor clipart bow;0
watercolor clipart cat;0
watercolor clipart collage;0
watercolor clipart drinks;0
daisy clipart watercolor;0
dragon watercolor clipart;0
watercolor christmas decor clipart;0
baby dino watercolor clipart;0
earth watercolor clipart;0
watercolor clipart food;0
watercolor clipart family;0
watercolor clipart fruit;0
vintage floral watercolor clipart;0
watercolor clipart girl;0
watercolor clipart garden;0
watercolor gardening clipart;0
golf watercolor clipart;0
grapes watercolor clipart;0
house clipart watercolor;0
watercolor honey bee clipart;0
watercolor hippo clipart;0
hydrangea watercolor clipart;0
hibiscus watercolor clipart;0
watercolor christmas house clipart;0
watercolor clipart images;0
italy clipart watercolor;0
island watercolor clipart;0
watercolor juice clipart;0
jesus watercolor clipart;0
jungle animals watercolor clipart;0
watercolor mason jar clipart;0
japanese watercolor clipart;0
watercolor clipart kids;0
watercolor clipart kitchen;0
kitten watercolor clipart;0
kid watercolor clipart;0
koala clipart watercolor;0
kindergarten clipart watercolor;0
watercolor clipart letters;0
watercolor lady clipart;0
lilac watercolor clipart;0
london watercolor clipart;0
lemons watercolor clipart;0
watercolor clipart mermaid;0
watercolor music notes clipart;0
mediterranean watercolor clipart;0
mouse watercolor clipart;0
music clipart watercolor;0
martini watercolor clipart;0
math watercolor clipart;0
watercolor clipart nature;0
nativity scene watercolor clipart;0
watercolor nursery clipart;0
watercolor christmas ornaments clipart;0
octopus watercolor clipart;0
watercolor oranges clipart;0
orchid watercolor clipart;0
watercolor outer space clipart;0
office watercolor clipart;0
watercolor clipart preppy;0
watercolor clipart plants;0
watercolor peonies clipart;0
purple flower watercolor clipart;0
pool watercolor clipart;0
queen watercolor clipart;0
quail watercolor clipart;0
watercolor road clipart;0
watercolor red barn clipart;0
roses watercolor clipart;0
watercolor rose floral clipart;0
roadtrip watercolor clipart;0
rabbit watercolor clipart;0
race cars watercolor clipart;0
red flowers watercolor clipart;0
watercolor clipart star;0
watercolor stop sign clipart;0
squirrel watercolor clipart;0
sweet christmas watercolor clipart;0
watercolor scissors clipart;0
watercolor clipart tree;0
teacher clipart watercolor;0
tractor watercolor clipart;0
underwater watercolor clipart;0
undersea watercolor clipart;0
usa watercolor clipart;0
watercolor clipart vintage botanical;0
vintage christmas watercolor clipart;0
watercolor vineyard clipart;0
volcano watercolor clipart;0
watercolor vase clipart;0
watercolor volleyball clipart;0
watercolor clipart woodland animals;0
xmas watercolor clipart;0
yoga clipart watercolor;0
watercolor new york clipart;0
yellow watercolor flower clipart;0
zebra watercolor clipart;0
free floral clipart png;0
floral design clipart png;0
floral border wedding clipart png;0
watercolor floral clipart png;0
wedding floral clipart png;0
watercolor animals paintings;0
watercolor animals illustration;0
watercolor animals for kids;0
baby animals watercolor;0
watercolor australian animals;0
watercolor animals in love;0
watercolor sea animals tattoo;0
watercolor animals deer;0
watercolor animals aesthetic;0
watercolor animals abstract;0
watercolor animals and flowers;0
watercolor animals and plants;0
watercolor animals and nature;0
watercolor animals baby;0
watercolor animals birthday;0
watercolor animals bunny;0
watercolor animals bird;0
watercolor animals blue;0
watercolor animals bear;0
watercolor animals background;0
watercolor animals butterfly;0
watercolor animals black and white;0
watercolor animals christmas;0
watercolor animals cartoon;0
watercolor animals cow;0
watercolor animals colorful;0
watercolor animals card;0
watercolor animals collage;0
watercolor animals canva;0
watercolor animals dog;0
watercolor animals duck;0
watercolor animals drinking;0
watercolor animals design;0
watercolor animals dancing;0
watercolor animals eating;0
watercolor animals eyes;0
watercolor animals funny;0
watercolor animals forest;0
watercolor animals farm;0
watercolor animals fish;0
watercolor animals family;0
watercolor animals for children;0
watercolor animals flamingo;0
watercolor animals free printable;0
watercolor animals giraffe;0
watercolor animals goat;0
watercolor animals goose;0
watercolor animals green;0
animals in glasses watercolor;0
watercolor garden animals;0
ghost animals watercolor;0
watercolor group of animals;0
watercolor animals horse;0
watercolor animals hedgehog;0
animals hugging watercolor;0
watercolor animals ideas;0
watercolor animals in clothes;0
watercolor animals in forest;0
watercolor animals in nature;0
watercolor animals inspiration;0
watercolor animals invitation;0
watercolor animals jellyfish;0
watercolor animals jungle;0
watercolor baby jungle animals;0
japanese watercolor animals;0
cute jungle animals watercolor;0
watercolor jungle animals png;0
watercolor animals kids;0
animals for kids watercolor;0
watercolor animals love;0
watercolor animals lion;0
watercolor animals landscape;0
watercolor animals ladybug;0
land animals watercolor;0
little watercolor animals;0
watercolor animals mouse;0
watercolor animals monkey;0
watercolor mini animals;0
marine animals watercolor;0
mother and baby animals watercolor;0
watercolor mosaic animals;0
watercolor animals nature;0
watercolor animals ocean;0
watercolor animals otter;0
watercolor animals owl;0
watercolor animals octopus;0
watercolor ocean animals cute;0
wet on wet watercolor animals;0
watercolor animals party;0
watercolor animals pattern;0
watercolor animals penguin;0
watercolor animals panda;0
watercolor animals printables;0
watercolor animals paint;0
watercolor animals poster;0
watercolor animals pictures;0
watercolor animals playing;0
watercolor animals peeking;0
quick watercolor animals;0
quirky animals watercolor;0
watercolor animals realistic;0
watercolor animals reading;0
watercolor animals rabbit;0
watercolor animals red;0
watercolor animals red panda;0
watercolor resist animals;0
rainforest animals watercolor;0
watercolor animals sea;0
watercolor animals safari;0
watercolor animals sketch;0
watercolor animals stickers;0
watercolor animals tattoo;0
watercolor animals tiger;0
watercolor animals turtle;0
watercolor animals together;0
watercolor art two animals;0
under water animals watercolor;0
watercolor underwater animals;0
watercolor animals video;0
vintage animals watercolor;0
watercolor animals wallpaper;0
watercolor animals with balloons;0
watercolor animals with flowers;0
watercolor animals whimsical;0
watercolor animals with background;0
watercolor animals woodland;0
watercolor animals with pen;0
watercolor animals with clothes;0
xmas animals watercolor;0
watercolor zentangle animals;0
2 animals watercolor;0
3 animals watercolor;0
wedding clipart free png;0
wedding clipart png background;0
pink wedding clipart;0
wedding mahal clipart;0
girl wedding clipart;0
wedding invitation background clipart;0
wedding god clipart;0
wedding clipart aesthetic;0
clipart wedding clip art;0
wedding aisle clipart;0
wedding clipart black;0
wedding clipart black & white;0
wedding clipart box design;0
wedding clipart barat;0
wedding clipart bride;0
wedding clipart canva;0
wedding clipart corner;0
wedding clipart colorful;0
wedding clipart drawing;0
wedding clipart dil;0
wedding clipart dulha dulhan;0
wedding clipart dulha;0
wedding dance clipart;0
wedding dancing clipart;0
wedding guest dress clipart;0
wedding clipart english;0
wedding clipart elephant;0
elegant wedding clipart;0
eucalyptus wedding clipart;0
wedding events clipart;0
wedding entrance clipart;0
wedding clipart floral;0
wedding clipart flower girl;0
wedding clipart ganpati;0
wedding clipart green;0
wedding clipart golden;0
wedding clipart groom;0
gujrati wedding clipart;0
wedding clipart hd png;0
wedding clipart heart;0
wedding clipart haldi;0
hindu wedding clipart black;0
hijab wedding clipart;0
wedding card clipart hindu;0
hindu wedding thali clipart;0
wedding clipart invitation;0
wedding clipart icon;0
wedding clipart islamic;0
baby shower animal clipart;0
baby shower clipart;0
baby shower clipart boy;0
baby shower clipart free;0
baby shower clipart girl;0
baby shower clipart images;0
baby shower clipart png;0
baby shower invitation clipart;0
elephant baby shower clipart;0
urdu wedding clipart;0
wedding clipart kalash;0
boho watercolor palette;0
woodland baby shower clipart;0
wedding clipart ideas;0
indian wedding clipart png transparent;0
wedding invites clipart;0
wedding invitation text clipart;0
jesus wedding clipart;0
wedding jaggo clipart;0
wedding card jhumar clipart;0
jai bhim wedding clipart;0
ganesh ji wedding clipart;0
wedding clipart kannada;0
wedding clipart kids;0
radha krishna wedding clipart;0
wedding couple kissing clipart;0
kashi yatra wedding clipart;0
kerala wedding clipart;0
krishna wedding clipart;0
wedding clipart line;0
wedding clipart logo png;0
love clipart wedding;0
wedding card line clipart;0
wedding logo design clipart;0
wedding clipart muslim;0
wedding clipart marathi;0
wedding clipart multicolor;0
mountain wedding clipart;0
muslim wedding clipart free;0
malay wedding clipart;0
wedding murugan clipart;0
wedding clipart name;0
wedding name plate clipart;0
wedding card name clipart;0
new wedding clipart black & white;0
wedding clipart outline;0
wedding outfit clipart;0
wedding oorvalam clipart;0
wedding guest outfit clipart;0
clipart of wedding;0
odia wedding clipart;0
clipart wedding ring on a finger;0
wedding clipart png black;0
wedding clipart purple;0
wedding clipart party;0
wedding pagdi clipart;0
wedding quote clipart;0
wedding clipart red;0
wedding clipart ring;0
wedding clipart round;0
wedding ring ceremony clipart;0
wedding clipart shubh vivah;0
wedding clipart sang;0
wedding clipart shape;0
wedding clipart swastik;0
wedding clipart stickers;0
wedding clipart swagat;0
sister wedding clipart;0
wedding sang clipart png;0
wedding clipart text;0
wedding clipart tamil;0
wedding title clipart;0
wedding thamboolam clipart;0
wedding urvalam clipart;0
wedding umbrella clipart;0
up wedding clipart;0
urdu wedding card clipart;0
wedding clipart vintage;0
wedding vidai clipart;0
vintage wedding cake clipart;0
wedding varghodo clipart;0
victorian wedding clipart;0
wedding clipart watercolor;0
wedding clipart whimsical;0
yellow wedding clipart;0
1st wedding anniversary clipart;0
3 tier wedding cake clipart;0
32nd wedding anniversary clipart;0
wedding 3d clipart;0
50 wedding anniversary clipart;0
60th wedding clipart;0
baby shower clipart background;0
baby shower clipart printable;0
baby shower clipart green;0
boho baby shower clipart;0
pumpkin baby shower clipart;0
baby shower moon clipart;0
baby shower image clipart;0
mexican baby shower clipart;0
baby boy baby shower clipart;0
baby shower decorations clipart;0
baby shower bunny clipart;0
baby boy and girl shower clipart png;0
baby shower airplane theme clipart;0
baby shower boy and girl clipart;0
baby shower clipart blue;0
baby shower dress clipart;0
dinosaur baby shower clipart;0
baby shower mom dad clipart;0
duck baby shower clipart;0
baby shower elements clipart;0
girl baby shower clipart purple;0
goose baby shower clipart;0
baby shower boy or girl clipart;0
baby shower clipart hd;0
hello kitty baby shower clipart;0
honey bee baby shower clipart;0
baby shower clipart indian;0
baby shower ideas clipart;0
baby shower krishna clipart;0
lavender baby shower clipart;0
lemon baby shower clipart;0
little pumpkin baby shower clipart;0
baby shower lady clipart;0
baby shower mother clipart;0
neutral baby shower clipart;0
baby shower clipart outline;0
orange baby shower clipart;0
baby shower clipart purple;0
baby shower props clipart;0
baby shower pink clipart;0
baby shower rainbow clipart;0
peter rabbit baby shower clipart;0
baby shower round clipart;0
red baby shower clipart;0
baby shower clipart set;0
baby shower clipart twins;0
baby shower themes clipart;0
baby shower teddy bear clipart;0
baby shower toys clipart;0
baby shower teddy clipart;0
under the sea baby shower clipart;0
vintage baby shower clipart;0
western baby shower clipart;0
baby shower women clipart;0
baby shower watercolor clipart;0
baby shower clipart yellow;0
boho watercolor ideas;0
boho watercolor template;0
boho watercolor tattoo;0
watercolor boho paintings;0
watercolor flower boho;0
geometrical watercolor boho art;0
boho clip art watercolor flowers;0
boho watercolor art easy;0
boho watercolor art inspiration;0
watercolor paintings boho art;0
boho art painting watercolor;0
boho chic watercolor art;0
aesthetic watercolor boho art;0
watercolor animals boho;0
boho animal watercolor;0
boho watercolor birthday card;0
boho watercolor bookmark;0
boho watercolor birds;0
boho watercolor baby;0
boho watercolor christmas cards;0
boho watercolor cards;0
boho watercolor christmas;0
watercolor boho chic;0
cute boho watercolor;0
boho watercolor dress;0
boho watercolor decor;0
diy boho watercolor art;0
boho watercolor easy;0
boho watercolor florals;0
boho flower bouquet watercolor;0
boho flowers watercolor png;0
boho floral watercolor;0
boho rainbow floral watercolor;0
boho watercolor green;0
boho baby girl watercolor;0
boho girl watercolor;0
boho watercolor illustration;0
boho watercolor invitation;0
boho watercolor landscape;0
boho leaves watercolor;0
modern boho watercolor;0
watercolor boho moon;0
boho nursery watercolor;0
boho chic nursery watercolor;0
boho style watercolor painting;0
boho rainbow watercolor painting;0
boho watercolor sun;0
simple watercolor boho;0
boho style watercolor;0
boho watercolor wall art;0
watercolor flowers allover;0
watercolor flowers bunch png;0
watercolor flowers bookmark;0
watercolor flowers background wallpapers;0
watercolor flowers black;0
watercolor flowers collage;0
watercolor flowers canva;0
watercolor flowers cutout;0
watercolor flowers cute;0
watercolor flowers chinese;0
watercolor flowers colorful;0
watercolor flowers composition;0
watercolor flowers digital;0
watercolor flowers daman;0
watercolor flowers dark;0
watercolor flowers daffodil;0
watercolor flowers digital art;0
watercolor flowers dahlia;0
watercolor flowers elements;0
watercolor flowers envelope;0
watercolor flowers elegant;0
watercolor flowers for kids;0
watercolor flowers full page;0
watercolor flowers forget me not;0
watercolor flowers for invitation;0
watercolor flowers fineliner;0
watercolor flowers from above;0
watercolor flowers gold;0
watercolor flowers gift card;0
watercolor flowers greeting card;0
watercolor flowers graphic;0
watercolor flowers gif;0
watercolor flowers growing;0
watercolor flowers glitter;0
watercolor flowers graphic design;0
watercolor flowers green and white;0
watercolor flowers hibiscus;0
watercolor flowers horizontal;0
watercolor flowers hanging;0
watercolor flowers heart;0
watercolor flowers hortensia;0
watercolor flowers individual;0
watercolor flowers in field;0
watercolor flowers imgbb;0
watercolor flowers japanese;0
watercolor flowers jar;0
watercolor flowers jasmine;0
mason jar with flowers watercolor;0
watercolor jungle flowers;0
watercolor flowers in jars;0
jasmin flowers watercolor;0
watercolor jar of flowers;0
watercolor flowers kids;0
watercolor flowers kids art;0
watercolor flowers kindergarten;0
watercolor flowers kids craft;0
watercolor flowers for kindergarten;0
watercolor art for kids flowers;0
watercolor for kids flowers;0
kosmos flowers watercolor;0
watercolor flowers lily;0
watercolor flowers lillies;0
watercolor flowers lotus;0
watercolor flowers line art;0
watercolor flowers letter;0
watercolor flowers leaf;0
watercolor flowers mothers day card;0
watercolor flowers mini;0
watercolor flowers messy;0
watercolor flowers motifs;0
watercolor flowers meadow;0
watercolor flowers magnolia;0
watercolor flowers macbook wallpaper;0
watercolor flowers minimal;0
watercolor flowers marigold;0
watercolor flowers no stem;0
watercolor flowers name;0
watercolor flowers neutral;0
watercolor flowers nature;0
watercolor flowers name cards;0
watercolor flowers new;0
watercolor flowers nursery;0
watercolor flowers night;0
watercolor flowers orchid;0
watercolor flowers outlined in ink;0
watercolor flowers on card;0
watercolor flowers on nails;0
watercolor flowers on vine;0
watercolor flowers on dark background;0
watercolor flowers on wall;0
watercolor flowers on pottery;0
watercolor flowers quote;0
watercolor flowers with quote;0
watercolor flowers reference;0
watercolor flowers ring;0
watercolor flowers round;0
watercolor flowers rose pink;0
watercolor flowers rainbow;0
watercolor flowers red pink;0
watercolor flowers repeat;0
watercolor flowers red rose;0
watercolor flowers simple card;0
watercolor flowers still life;0
watercolor flowers tiny;0
watercolor flowers tropical;0
watercolor flowers tut;0
watercolor flowers unique;0
watercolor umbrella with flowers;0
close up watercolor flowers;0
watercolor flowers violet;0
watercolor flowers vase paintings;0
watercolor flowers vibrant;0
watercolor flowers variety;0
watercolor flowers with black ink;0
watercolor flowers wallpaper iphone;0
watercolor flowers wedding invitations;0
watercolor flowers wallpaper desktop;0
watercolor flowers with background;0
watercolor xmas flowers;0
watercolor flowers yellow and orange;0
watercolor flowers yellow and pink;0
yellow and purple watercolor flowers;0
yellow flowers watercolor illustration;0
loose watercolor flowers yellow;0
watercolor yellow flowers background;0
pink orange yellow watercolor flowers;0
simple watercolor flowers yellow;0
watercolor yellow flowers pattern;0
watercolor thank you flowers;0
zinnias flowers watercolor;0
zentangle flowers with watercolor;0
zentangle watercolor flowers;0
watercolor zinnia flowers;0
watercolor 2 flowers;0
preppy clipart transparent;0
school clipart transparent;0
transparent clipart aesthetic;0
watercolor wreath diy;0
tropical wreath watercolor;0
watercolor realistic leaves;0
watercolor hydrangea leaves;0
watercolor leaves monstera;0
watercolor leaves on the ground;0
watercolor leaves practice;0
watercolor leaves realistic;0
2d watercolor flowers;0
watercolor flowers set of 3;0
3 flowers watercolor;0
watercolor flowers 3d;0
watercolor flowers bouquet 3d;0
3d watercolor paper flowers;0
3 watercolor flowers;0
watercolor flowers 4k;0
4 watercolor flowers;0
5 minute watercolor flowers;0
transparent clipart background images;0
cinnamoroll clipart transparent;0
botanical clipart transparent;0
blue clipart transparent;0
donuts png transparent clipart image;0
deer clipart transparent;0
evil eye clipart transparent;0
hibiscus flower clipart transparent;0
green clipart transparent;0
gift clipart transparent;0
cute girl clipart transparent background;0
hydrangea clipart transparent;0
kids clipart transparent background;0
kids clipart transparent;0
lace clipart transparent;0
clipart mushroom transparent background;0
transparent pngs basket clipart;0
retro clipart with transparent background;0
rosette png transparent clipart;0
transparent scrapbook clipart;0
y2k clipart transparent;0
21 clipart transparent;0
watercolor wreath floral;0
watercolor wreath christmas easy;0
watercolor wreath floral easy;0
watercolor christmas cards wreath;0
watercolor art christmas wreath;0
wreaths watercolor;0
watercolor winter wreaths;0
lavender flower wreath watercolor;0
mistletoe wreath watercolor;0
watercolor wreath autumn;0
watercolor wreath art;0
autumn leaves wreath watercolor;0
apple wreath watercolor;0
autumn wreath watercolor simple;0
watercolor a wreath;0
watercolor wreath bow;0
watercolor wreath blue;0
watercolor wreath background;0
blue flower wreath watercolor;0
watercolor bird wreath;0
watercolor boxwood wreath;0
christmas wreath with bow watercolor;0
blue watercolor floral wreath;0
watercolor blueberry wreath;0
cherry blossom wreath watercolor;0
watercolor wreath christmas cards;0
watercolor wreath christmas simple;0
christmas floral wreath watercolor;0
watercolor christmas wreath diy;0
watercolor holiday cards wreath;0
christmas wreath watercolor card;0
door wreath watercolor;0
wreath on door watercolor;0
watercolor door with wreath;0
floral wreath drawing watercolor;0
christmas wreath drawing watercolor;0
watercolor daisy wreath;0
wreath drawing watercolor;0
door with christmas wreath watercolor;0
easy watercolor floral wreath;0
easter flower watercolor wreath;0
flower wreath watercolor simple;0
gold wreath watercolor;0
grapevine wreath watercolor;0
green leaf wreath watercolor;0
watercolor flower wreath gold;0
green floral wreath watercolor;0
watercolor wreath heart;0
watercolor wreath holly;0
harvest wreath watercolor;0
watercolor flower heart wreath;0
holiday watercolor wreath;0
hydrangea wreath watercolor;0
heart shaped watercolor wreath;0
christmas cards handmade watercolor wreath;0
watercolor wreath illustration;0
wreath in watercolor;0
christmas wreath watercolor ideas;0
christmas wreath in watercolor;0
christmas wreath illustration watercolor;0
watercolor jar wreath;0
watercolor wreath leaf;0
olive leaf wreath watercolor;0
lemon watercolor wreath;0
lilac wreath watercolor;0
leave wreath watercolor;0
loose florals watercolor wreath;0
mushroom wreath watercolor;0
magnolia wreath watercolor;0
merry christmas wreath watercolor;0
watercolor name wreath;0
watercolor wreath on door;0
watercolor wreath of flowers;0
watercolor olive wreath;0
oval floral wreath watercolor;0
watercolor bow on wreath;0
olive branch wreath watercolor;0
watercolor wreath pink;0
watercolor poinsettia wreath;0
pine wreath watercolor;0
salt watercolor painting wreath;0
watercolor pumpkin wreath;0
watercolor painting christmas wreath;0
pink watercolor flower wreath;0
pink christmas wreath watercolor;0
q tip watercolor wreath;0
red floral wreath watercolor;0
red roses wreath watercolor;0
rustic wreath watercolor;0
red christmas wreath watercolor;0
watercolor pink rose wreath;0
watercolor salt christmas wreath;0
watercolor wreath wedding;0
xmas watercolor wreath;0
watercolor leaves corner border;0
watercolor tree with leaves;0
watercolor winter leaves;0
leaves bouquet watercolor;0
tree watercolor no leaves;0
watercolor leaves allover;0
watercolor leaves abstract;0
watercolor leaves and vines;0
watercolor leaves and berries;0
watercolor leaves and branches;0
watercolor leaves aesthetic;0
watercolor leaves and ladybugs;0
watercolor leaves and stems;0
watercolor leaves bunch;0
watercolor leaves blue;0
watercolor leaves bookmark;0
watercolor leaves bouquet;0
watercolor leaves brown;0
watercolor leaves branches;0
watercolor leaves banner;0
watercolor leaves craft;0
watercolor leaves circle;0
watercolor leaves canva;0
watercolor leaves colorful;0
watercolor leaves composition;0
watercolor fall leaves cards;0
watercolor leaves doodle;0
watercolor leaves digital;0
dried leaves watercolor;0
small watercolor leaves daman;0
eucalyptus leaves watercolor illustration;0
easy watercolor paintings leaves;0
watercolor effect leaves;0
watercolor leaves falling;0
watercolor leaves for kids;0
watercolor leaves flowers;0
watercolor leaves fall kids;0
watercolor leaves for flowers;0
watercolor filler leaves;0
watercolor leaves green;0
watercolor leaves garland;0
blue green leaves watercolor;0
gingko leaves watercolor;0
golden leaves watercolor;0
botanical watercolor leaves green;0
geometric with leaves watercolor pattern;0
green watercolor leaves border;0
leaves on ground watercolor;0
watercolor green leaves pattern;0
hanging leaves watercolor;0
watercolor hibiscus leaves;0
watercolor leaves ideas;0
watercolor leaves invite;0
watercolor leaves image;0
watercolor leaves in vase;0
leaves in the wind watercolor;0
botanical illustration watercolor leaves;0
fall leaves in watercolor;0
watercolor leaves jungle;0
japanese maple leaves watercolor;0
jungle leaves watercolor png;0
watercolor leaves kids;0
watercolor leaves kids craft;0
autumn leaves watercolor kids;0
watercolor leaves landscape;0
watercolor leaves motif;0
watercolor fall maple leaves;0
montesera leaves watercolor;0
matcha leaves watercolor;0
moringa leaves watercolor;0
mango leaves watercolor;0
maple leaves watercolor painting;0
watercolor leaves nails;0
watercolor fall leaves nails;0
watercolor tree with no leaves;0
nature leaves watercolor;0
nature study watercolor leaves;0
negative watercolor leaves;0
watercolor leaves on tree;0
watercolor leaves on ground;0
watercolor leaves outline;0
watercolor leaves on branch;0
watercolor of fall leaves;0
olive leaves watercolor art prints;0
pile of leaves watercolor;0
oak leaves and acorns watercolor;0
olive tree leaves watercolor;0
orange watercolor leaves;0
watercolor leaves preschool;0
watercolor leaves printable;0
watercolor leaves purple;0
watercolor using real leaves;0
watercolor rose with leaves;0
roses leaves watercolor;0
red leaves watercolor;0
watercolor roses and leaves;0
rose leaves watercolor painting;0
watercolor with real leaves;0
watercolor painting with real leaves;0
watercolor leaves simple;0
watercolor leaves shadow;0
watercolor leaves seamless pattern;0
watercolor leaves stickers;0
watercolor leaves set;0
watercolor leaves shading;0
watercolor leaves study;0
safari watercolor leaves;0
simple watercolor paintings leaves;0
simple watercolor fall leaves;0
watercolor leaves tropical;0
watercolor leaves texture;0
watercolor leaves tree;0
watercolor leaves trail;0
watercolor art using leaves;0
watercolor using leaves;0
watercolor leaves vines;0
watercolor vine leaves;0
watercolor leaves wedding invitation;0
watercolor leaves with pen;0
watercolor leaves with gold;0
watercolor leaves with flowers;0
watercolor leaves wall art;0
yellow leaves watercolor;0
watercolor zentangle leaves;0
4 leaves clover watercolor;0
botanical flowers bunch png clipart;0
botanical clipart png;0
watercolor illustrations people;0
watercolor illustrations simple;0
watercolor illustrations book;0
watercolor illustrations animals;0
watercolor illustrations cute;0
watercolor illustrations kids;0
kitchen watercolor art food illustrations;0
floral illustrations watercolor;0
christmas card art watercolor illustrations;0
watercolor character illustrations;0
baby illustrations watercolor;0
watercolor winter illustrations;0
watercolor flowers illustrations;0
birds in watercolor illustrations;0
watercolor illustrations aesthetic;0
watercolor illustrations art;0
watercolor art fashion illustrations;0
watercolor anime art illustrations;0
watercolor and colored pencil illustrations;0
watercolor branding illustrations;0
watercolor illustrations birthday;0
watercolor illustrations beach;0
watercolor illustrations birds;0
watercolor illustrations blue;0
story book illustrations watercolor;0
childrens book watercolor illustrations;0
botanical watercolor illustrations;0
watercolor illustrations christmas;0
cup of tea watercolor illustrations;0
watercolor cat illustrations;0
children watercolor illustrations;0
cake watercolor illustrations;0
cozy watercolor illustrations;0
croquis watercolor fashion illustrations;0
watercolor illustrations digital;0
digital watercolor illustrations simple;0
digital watercolor illustrations anime;0
hand drawn watercolor illustrations;0
watercolor drink illustrations;0
dessert watercolor food illustrations;0
digital watercolor illustrations nature;0
digital watercolor illustrations food;0
watercolor illustrations easy;0
elephant watercolor painting illustrations;0
digital watercolor illustrations easy;0
watercolor illustrations food;0
watercolor illustrations for kids;0
watercolor illustrations flower;0
watercolor illustrations for books;0
watercolor illustrations forest;0
ramen watercolor food illustrations;0
meal watercolor food illustrations;0
watercolor girl illustrations;0
watercolor girl art illustrations;0
girl drawing watercolor illustrations;0
gouache and watercolor illustrations;0
green watercolor illustrations;0
watercolor girl painting illustrations;0
watercolor art girls illustrations;0
watercolor illustrations horizontal;0
watercolor house illustrations;0
watercolor house painting illustrations;0
cute animals to watercolor;0
watercolor background diy;0
watercolor background lettering;0
pastel leaves clipart;0
pastel school supplies clipart;0
watercolor greenery art;0
holiday illustrations watercolor;0
watercolor illustrations ideas;0
japanese watercolor illustrations;0
watercolor japanese art illustrations;0
kids book illustrations watercolor;0
watercolor kids art illustrations;0
watercolor kid book illustrations;0
watercolor illustrations landscape;0
line art watercolor illustrations;0
digital watercolor illustrations landscape;0
watercolor love illustrations;0
loose watercolor illustrations;0
little prince watercolor illustrations;0
watercolor love art illustrations;0
watercolor leaf illustrations;0
minimal watercolor illustrations;0
mushroom watercolor illustrations;0
mango watercolor illustrations;0
watercolor model fashion illustrations;0
watercolor medical illustrations;0
mini watercolor illustrations;0
macaron watercolor illustrations;0
magical watercolor illustrations;0
meat watercolor illustrations;0
watercolor illustrations nature;0
neurographic art watercolor illustrations;0
nutcracker christmas watercolor illustrations;0
watercolor illustrations of people;0
watercolor illustrations of buildings;0
watercolor owl illustrations;0
cup of tea art illustrations watercolor;0
watercolor illustrations procreate;0
watercolor illustrations portrait;0
watercolor paintings illustrations;0
watercolor fish painting illustrations;0
watercolor painting food illustrations;0
pen and watercolor illustrations;0
red watercolor illustrations;0
watercolor red background illustrations;0
rosemary watercolor illustrations;0
red fox art illustrations watercolor painting;0
watercolor robots illustrations;0
realistic watercolor illustrations;0
sailor watercolor illustrations;0
storybook watercolor illustrations;0
snack watercolor food illustrations;0
soft watercolor illustrations;0
small watercolor illustrations;0
watercolor toys illustrations;0
watercolor travel illustrations;0
teddy bear watercolor art illustrations;0
tiny watercolor illustrations;0
tropical watercolor illustrations;0
teapot watercolor illustrations;0
watercolor veggies food illustrations;0
vintage watercolor illustrations;0
vegetables watercolor food illustrations;0
watercolor illustrations wallpaper;0
watercolor illustrations wedding;0
yoga watercolor illustrations;0
cute watercolor animals simple;0
cute watercolor animals christmas;0
cute watercolor animals birthday;0
cute watercolor animals paintings;0
cute watercolor animals couple;0
cute watercolor animals cat;0
cute watercolor art animals;0
cute watercolor baby animals;0
cute watercolor paintings aesthetic animals;0
cute forest animals watercolor;0
cute drawings watercolor animals;0
cute family animals watercolor;0
cute farm animals watercolor;0
watercolor ideas cute animals;0
cute animals in watercolor;0
cute animals watercolor illustration;0
cute little animals watercolor;0
cute watercolor paintings of animals;0
cute safari animals watercolor;0
cute sea animals watercolor;0
two cute animals watercolor;0
junk journal clipart collection;0
junk journal clipart black and white;0
clipart junk journal;0
watercolor background patterns;0
blue pink purple watercolor background;0
watercolor background flower;0
watercolor paper background design;0
watercolor art background video;0
watercolor background architecture;0
watercolor background anime;0
watercolor background art gcse;0
watercolor background a4 size;0
watercolor background art journal;0
watercolor background aesthetic pastel;0
watercolor background animals;0
watercolor background blue sky;0
watercolor background black drawing;0
watercolor background city;0
watercolor background cream;0
watercolor background clouds;0
watercolor background computer;0
watercolor background color;0
watercolor background cartoon;0
watercolor background desktop;0
watercolor background design aesthetic;0
watercolor background digital;0
watercolor background dark red;0
watercolor background design ideas;0
watercolor background drawing ideas;0
watercolor background dark green;0
watercolor background earth tones;0
watercolor background elegant;0
watercolor background earthy;0
watercolor background elements;0
watercolor background environment;0
watercolor background elevation;0
enchanted forest watercolor background;0
watercolor background for card;0
watercolor background for kids;0
watercolor background for letter;0
watercolor background gradient;0
watercolor background green blue;0
watercolor background green pink;0
watercolor background green and blue;0
watercolor background green brown;0
watercolor background green landscape;0
watercolor background gcse;0
watercolor background gingham;0
watercolor background horizontal;0
watercolor background house;0
watercolor background heart;0
watercolor background handmade;0
watercolor background hills;0
watercolor background handlettering;0
watercolor background ideas art journals;0
watercolor background ideas aesthetic;0
watercolor background illustration;0
watercolor background ideas for portrait;0
watercolor background ipad;0
watercolor background ideas simple;0
watercolor background journal;0
watercolor background jungle;0
watercolor background jesus;0
watercolor background japan;0
watercolor background japanese;0
jellyfish watercolor painting with background;0
watercolor jellyfish with background;0
jewel tone watercolor background;0
watercolor background for journal;0
jungle theme watercolor background;0
watercolor background kids;0
kawaii watercolor background;0
background watercolor krem;0
watercolor kitchen background;0
krishna watercolor background;0
kid watercolor background;0
khaki watercolor background;0
kindergarten watercolor background;0
koi fish watercolor background;0
watercolor background laptop;0
watercolor background landscape hd;0
watercolor background lines;0
watercolor background love;0
watercolor background lilac;0
watercolor background lavender;0
watercolor background letter;0
watercolor background mountain;0
watercolor background maroon;0
watercolor background minimal;0
watercolor background macbook;0
watercolor background mac;0
watercolor background making;0
watercolor background minimalist;0
watercolor background mixed media;0
watercolor background mint green flower;0
watercolor background night;0
watercolor background night sky;0
watercolor background navy;0
watercolor background nude;0
watercolor background navy blue;0
green watercolor background nature;0
natural watercolor background;0
nantucket watercolor background;0
nautical watercolor background;0
watercolor background ocean;0
watercolor background on paper;0
watercolor background one color;0
watercolor background orange and blue;0
watercolor background olive green;0
watercolor background off white;0
watercolor background olive;0
watercolor background orange brown;0
watercolor background overlay;0
high quality watercolor background;0
quotes on watercolor background;0
watercolor background quotes inspirational;0
quote watercolor background;0
quote with watercolor background;0
quote with watercolor background tattoo;0
quick watercolor background;0
watercolor background ideas for quotes;0
watercolor background reference;0
watercolor background room;0
watercolor background red and green;0
watercolor background red and blue;0
watercolor background round;0
watercolor background red orange;0
watercolor background red and black;0
watercolor background repeat;0
watercolor background royal;0
watercolor background rain;0
watercolor background simple;0
watercolor background stripes;0
watercolor background soft;0
watercolor background solid color;0
watercolor background shades;0
watercolor background square;0
watercolor background school;0
watercolor background tattoo ideas;0
watercolor background town;0
watercolor background under the sea;0
urban background watercolor;0
undersea watercolor background;0
under water background watercolor;0
background ideas using watercolor;0
under the sea watercolor background painting;0
unique watercolor background;0
watercolor background vintage;0
watercolor background videos splash;0
watercolor background vibrant;0
watercolor background ideas vintage;0
watercolor background ideas video;0
watercolor background wallpaper laptop;0
watercolor background wedding;0
watercolor background water;0
watercolor background wedding invitation;0
watercolor background with golden foil;0
xmas watercolor background;0
watercolor background yellow and orange;0
watercolor background yellow and blue;0
watercolor background yellow green;0
watercolor background yellow and pink;0
yellow sky watercolor background;0
yellow and green watercolor background;0
watercolor art background yellow;0
yellow and white watercolor background;0
yellow and brown watercolor background;0
zentangle with watercolor background;0
zentangle on watercolor background;0
watercolor background 16:9;0
watercolor background 2 colors;0
3d watercolor background;0
blue watercolor background 4k;0
watercolor graphics christian;0
watercolor graphics design;0
pink watercolor graphics;0
floral illustration watercolor graphics;0
vintage watercolor graphics;0
watercolor fruit graphics;0
watercolor wedding graphics;0
watercolor architecture graphics;0
watercolor art graphics;0
green watercolor graphics;0
floral watercolor graphics;0
watercolor animal graphics;0
aesthetic watercolor graphics;0
architectural graphics watercolor;0
watercolor birthday graphics;0
watercolor baby graphics;0
blue watercolor graphics;0
watercolor beach graphics;0
church watercolor graphics;0
christmas graphics watercolor;0
cute watercolor graphics;0
fun watercolor graphics;0
motion graphics watercolor;0
watercolor style graphics;0
watercolor school graphics;0
watercolor sorority graphics;0
travel watercolor graphics;0
yellow watercolor graphics;0
watercolor greenery easy;0
watercolor greenery christmas;0
greenery watercolor paintings;0
greenery pattern watercolor;0
watercolor greenery card;0
greenery in watercolor;0
watercolor greenery texture;0
watercolor winter greenery;0
watercolor christmas cards greenery;0
watercolor greenery flowers;0
watercolor greenery simple;0
watercolor greenery and flowers;0
watercolor greenery bookmark;0
greenery drawing watercolor;0
watercolor floral greenery;0
watercolor flowers and greenery;0
watercolor holiday greenery;0
watercolor ideas greenery;0
watercolor greenery landscape;0
greenery leaves watercolor;0
loose watercolor greenery;0
simple greenery watercolor paintings;0
watercolor greenery tattoo;0
pastel clipart aesthetic;0
pastel cliparts;0
pastel clipart png;0
cute pastel clipart;0
star clipart pastel;0
butterflies clipart pastel;0
pastel party hat clipart;0
pastel candyland clipart;0
butterfly pastel clipart;0
pastel arrow clipart;0
pastel flowers aesthetic clipart;0
pastel animal clipart;0
pastel pink hot air balloon clipart;0
pastel abc blocks clipart;0
pastel apple clipart;0
pastel balloon arch clipart;0
bee clipart pastel;0
pastel blue butterfly clipart;0
pastel pink balloon clipart;0
pink pastel balloons clipart;0
pastel ballons clipart;0
pastel purple butterfly clipart;0
pastel blue bow clipart;0
pastel dessert clipart;0
donut clipart pastel;0
pastel dino clipart;0
pastel donuts clipart;0
pastel daisy clipart;0
pastel pink flowers clipart;0
pastel fairy clipart;0
blue flower pastel clipart;0
pastel colored flowers clipart;0
pastel frame clipart;0
pastel flower bouquet clipart;0
pastel yellow flower clipart;0
pastel grass clipart;0
pastel green clipart;0
pastel gingerbread clipart;0
pastel green butterfly clipart;0
pastel pink heart clipart;0
kawaii pastel clipart;0
pastel kids clipart;0
pastel christmas lights clipart;0
pastel candy land clipart;0
light blue soft pastel watercolor clipart;0
pastel mermaid tail clipart;0
pastel mushroom clipart;0
pastel macarons clipart;0
pastel mermaid clipart;0
pastel number 1 clipart;0
nutcracker pastel clipart;0
pastel ocean clipart;0
pastel rainbow clipart printable;0
rainbow pastel color clipart;0
pastel colour rainbow clipart;0
pastel roses clipart;0
pastel ribbon clipart;0
school pastel clipart;0
pastel sunflower clipart;0
pastel sweets clipart;0
summer clipart pastel;0
strawberry clipart pastel;0
pastel snowman clipart;0
pastel sun clipart;0
teacher clipart pastel;0
pastel circus tent clipart;0
teaching clipart pastel;0
pastel tree clipart;0
pastel watercolor clipart;0
baby nursery clipart;0
watercolor loose roses;0
green watercolor texture png;0
watercolor birds nest tutorial;0
watercolor roses procreate;0
watercolor birds of prey;0
watercolor birds to paint;0
watercolor birds wallpaper;0
pastel witch clipart;0
pastel wildflower clipart;0
pastel yellow clipart;0
watercolor splashes art;0
watercolor splashes aesthetic;0
watercolor splashes green;0
watercolor splashes blue;0
watercolor splashes texture;0
watercolor splashes design;0
soft watercolor splashes;0
watercolor water splashes;0
blue watercolor splashes;0
pastel watercolor splashes;0
red watercolor splashes;0
splashes of watercolor;0
abstract watercolor splashes;0
bright watercolor splashes;0
black watercolor splashes;0
light watercolor splashes;0
pink watercolor splashes;0
yellow watercolor splashes;0
watercolor borders design;0
watercolor borders floral;0
watercolor borders simple;0
watercolor borders for cards;0
watercolor borders easy;0
watercolor borders for project;0
watercolor borders ideas;0
page borders watercolor;0
christmas watercolor borders;0
watercolor flowers background borders;0
borders using watercolor;0
borders with watercolor;0
blue watercolor borders;0
watercolor paintings borders;0
watercolor card borders;0
watercolor rose borders;0
aesthetic watercolor borders;0
watercolor art borders;0
cute borders watercolor;0
flower borders design watercolor;0
page borders design watercolor;0
borders for watercolor;0
watercolor florals borders;0
watercolor geometric borders;0
green watercolor borders;0
borders in watercolor;0
watercolor leaf borders;0
watercolor painting with borders;0
pretty watercolor borders;0
watercolor paper borders;0
watercolor painted borders;0
nursery clipart illustrations;0
nursery clipart for kids;0
nursery cliparts;0
nursery girl clipart;0
nursery class clipart;0
baby boy nursery clipart;0
cute nursery clipart;0
boho nursery clipart;0
blue nursery clipart;0
baby girl nursery clipart;0
nursery boy clipart;0
dragon nursery watercolor clipart;0
nursery decor clipart;0
green nursery clipart;0
nursery kids clipart;0
pink nursery clipart;0
safari nursery clipart;0
nursery school clipart;0
space nursery clipart;0
nursery teacher clipart;0
welcome to nursery clipart;0
toile nursery clipart;0
vintage nursery clipart;0
whimsical nursery clipart;0
watercolor roses bouquet;0
watercolor roses painting simple;0
watercolor roses card;0
watercolor paintings flowers roses;0
roses, peonies, watercolor florals;0
watercolor simple roses;0
english roses watercolor;0
roses watercolor tattoo design;0
watercolor paintings white roses;0
watercolor roses garden;0
watercolor art for beginners roses;0
watercolor roses art;0
watercolor roses aesthetic;0
watercolor roses abstract;0
watercolor roses and peonies;0
tulips and roses watercolor;0
watercolor art ideas roses;0
white and pink roses watercolor;0
watercolor and ink roses;0
red and white roses watercolor;0
watercolor roses blue;0
watercolor roses bookmark;0
watercolor roses bunch;0
watercolor roses banner;0
red roses bouquet watercolor;0
pink watercolor roses background;0
watercolor bouquet of roses;0
watercolor beach roses;0
watercolor roses corner;0
roses watercolor card painting;0
watercolor cards roses;0
watercolor climbing roses;0
watercolor red roses clipart;0
christmas roses watercolor;0
birthday card watercolor roses;0
cabbage roses watercolor;0
colorful roses watercolor;0
watercolor roses diy;0
watercolor roses design;0
watercolor roses drawing;0
white roses drawing watercolor;0
dark roses watercolor;0
digital watercolor roses;0
dark red roses watercolor;0
dried roses watercolor;0
flower drawing watercolor roses;0
watercolor roses flowers;0
watercolor flower roses;0
flower bouquet watercolor roses;0
flower watercolor paintings roses;0
watercolor field of roses;0
roses from watercolor;0
garden of roses watercolor;0
green roses watercolor;0
girl with roses watercolor;0
watercolor roses illustration;0
watercolor roses invitation;0
roses in watercolor watercolour;0
red roses in watercolor;0
roses in a vase watercolor;0
watercolor inspo roses;0
pink roses in watercolor;0
roses in vase watercolor painting;0
watercolor roses loose;0
watercolor roses leaves;0
roses landscape watercolor;0
roses and lilies watercolor;0
little watercolor roses;0
loose watercolor flowers roses;0
light pink roses watercolor;0
metallic watercolor roses;0
mini roses watercolor;0
watercolor marker roses;0
maroon roses watercolor;0
watercolor roses nails;0
watercolor roses on fabric;0
watercolor vase of roses;0
orange roses watercolor;0
bunch of roses watercolor painting;0
watercolor art of roses;0
bouquet of roses watercolor painting;0
watercolor painting of roses;0
watercolor roses pattern;0
watercolor roses purple;0
watercolor roses print;0
watercolor roses red;0
watercolor roses sketch;0
watercolor roses stickers;0
watercolor roses side view;0
skull and roses watercolor;0
sunflower and roses watercolor painting;0
sunflower and roses watercolor;0
spray roses watercolor;0
tea roses watercolor;0
watercolor roses vintage;0
watercolor valentine roses;0
roses vase watercolor;0
valentines watercolor roses;0
vintage watercolor flowers pink roses;0
watercolor roses white;0
watercolor roses with leaves;0
watercolor roses wedding invitation;0
watercolor roses yellow;0
yellow roses watercolor painting;0
yellow roses in watercolor;0
2 roses watercolor;0
watercolor texture png transparent;0
texture watercolor png;0
watercolor grass texture png;0
pink watercolor texture png;0
watercolor wash texture png;0
brown watercolor texture png;0
blue watercolor texture png;0
beige watercolor texture png;0
sky watercolor texture png;0
watercolor birds paintings;0
watercolor birds simple;0
watercolor birds paintings simple;0
blue birds watercolor;0
watercolor blobby birds;0
drawing birds with watercolor;0
birds on branches watercolor;0
birds winter watercolor;0
mini watercolor paintings birds;0
watercolor birds abstract;0
watercolor birds and animals;0
watercolor birds and butterflies;0
watercolor birds and bees;0
ink and wash watercolor birds;0
watercolor art birds beautiful;0
two birds on a wire watercolor;0
watercolor pen and ink birds;0
watercolor sky and birds;0
watercolor birds background;0
watercolor birds blind shutter;0
watercolor birds bookmark;0
watercolor birds birthday card;0
watercolor birds birthday;0
watercolor birds blue;0
watercolor birds black;0
watercolor birds cute;0
watercolor birds cards;0
watercolor birds christmas;0
watercolor birds cartoon;0
watercolor birds cardinal;0
watercolor birds colorful;0
watercolor birds couple;0
watercolor birds christmas cards;0
watercolor birds chickadee;0
watercolor birds collage;0
watercolor birds doodle;0
watercolor birds diy;0
watercolor birds distance;0
birds drawing watercolor painting;0
birds drawing in watercolor;0
watercolor birds eye view;0
watercolor birds flying;0
watercolor birds eggs;0
watercolor birds eye;0
watercolor effect birds;0
cute easy watercolor birds;0
simple watercolor birds easy;0
watercolor birds funny;0
watercolor birds for kids;0
watercolor birds flowers;0
watercolor birds flying away;0
watercolor birds far away;0
watercolor birds forest;0
family birds watercolor;0
birds and flowers watercolor;0
fat watercolor birds;0
grumpy birds watercolor;0
green watercolor birds;0
painting watercolor grumpy birds;0
watercolor garden birds;0
humming birds in watercolor;0
watercolor humming birds;0
birds house watercolor;0
watercolor birds with hats;0
humming birds watercolor paintings;0
birds holding banner watercolor;0
birds holding ribbon watercolor;0
watercolor birds in the sky;0
watercolor birds illustration;0
watercolor birds in winter;0
watercolor birds in tree;0
watercolor birds in distance;0
watercolor birds in snow;0
watercolor birds ideas;0
watercolor birds in a row;0
watercolor birds in nest;0
japanese birds watercolor;0
watercolor birds kids;0
birds kissing watercolor;0
watercolor birds landscape;0
cute watercolor paintings little birds;0
three little birds tattoo watercolor;0
watercolor landscape with birds;0
cute love birds watercolor;0
watercolor painting love birds;0
watercolor birds on a line;0
line and wash watercolor sketches birds;0
watercolor love birds card;0
watercolor loose birds;0
little birds watercolor;0
watercolor mini birds;0
migratory birds watercolor;0
metallic watercolor birds;0
minimalist watercolor birds;0
watercolor birds nest with eggs;0
nature watercolor birds;0
birds nest watercolor painting;0
watercolor paintings nature birds;0
watercolor baby birds in nest;0
watercolor birds on a wire easy;0
watercolor birds on branches;0
watercolor birds on tree;0
watercolor birds on beach;0
watercolor birds on a fence;0
watercolor birds paintings abstract;0
watercolor birds pattern;0
watercolor birds print;0
watercolor birds peacock;0
painting ideas watercolor birds;0
watercolor quirky birds;0
quick watercolor birds;0
watercolor birds realistic;0
watercolor birds robin;0
red birds watercolor;0
realistic birds watercolor painting;0
watercolor birds singing;0
watercolor birds silhouette;0
watercolor birds sparrow;0
watercolor birds sky;0
watercolor birds silly;0
watercolor birds south africa;0
watercolor birds sketch;0
watercolor snow birds;0
watercolor birds tattoo design;0
consider the birds watercolor;0
two watercolor birds;0
watercolor valentine cards birds;0
valentine watercolor birds;0
birds eye view watercolor;0
vintage birds watercolor;0
watercolor birds with flowers;0
watercolor birds whimsical;0
watercolor birds winter;0
watercolor birds woodpecker;0
watercolor birds walking on beach;0
watercolor birds wedding;0
xmas watercolor birds;0
yellow watercolor birds;0
watercolor zentangle birds;0
2 birds watercolor;0
2 birds watercolor painting;0
3 birds watercolor;0
3 little birds watercolor tattoo;0
3 little birds watercolor;0
4 birds watercolor;0
watercolor seamless patterns;0
watercolor seamless patterns collection;0
watercolor seamless pattern imgbb;0
seamless watercolor abstract pattern;0
watercolor flower seamless pattern;0
cute seamless pattern watercolor;0
seamless patterns vintage floral watercolor;0
watercolor wildflower seamless pattern;0
watercolor geometric seamless pattern;0
panjabi abstract watercolor seamless pattern;0
seamless watercolor patterns;0
blue watercolor seamless pattern;0
watercolor botanical seamless pattern;0
watercolor butterfly seamless pattern;0
watercolor christmas seamless pattern;0
watercolor effect seamless pattern;0
seamless watercolor floral pattern neutral tones;0
watercolor flowers pattern seamless;0
green floral watercolor seamless pattern for free;0
watercolor heart seamless pattern;0
lemon watercolor seamless pattern;0
watercolor leaf seamless pattern;0
watercolor mango seamless pattern;0
watercolor rose seamless pattern;0
watercolor texture seamless pattern;0
rustic watercolor flowers;0
rustic watercolor stationery;0
rustic watercolor clipart;0
rustic watercolor christmas;0
rustic watercolor art;0
rustic watercolor landscape;0
rustic watercolor ideas;0
rustic door watercolor;0
watercolor rustic barn;0
watercolor rustic painting;0
watercolor paintings rustic;0
rustic cabin watercolor;0
rustic country watercolor artwork;0
watercolor rustic church;0
rustic barns watercolor;0
rustic farm watercolor;0
rustic floral watercolor;0
rustic farmhouse watercolor;0
rustic fence watercolor;0
rustic flower watercolor;0
watercolor inspiration rustic faces;0
rustic house watercolor;0
rustic kitchen watercolor;0
watercolor woodland animals easy;0
watercolor woodland animals christmas;0
watercolor woodland animals illustration;0
watercolor woodland animals scene;0
watercolor art woodland animals;0
watercolor winter woodland animals;0
woodland drawing forest animals watercolor;0
baby woodland animals watercolor;0
nursery woodland animals print watercolor;0
watercolor woodland animals illustrations;0
watercolor baby animals woodland creatures;0
cute woodland animals watercolor;0
woodland animals watercolor paintings;0
simple watercolor woodland animals;0
watercolor bouquets of flowers;0
bouquets watercolor;0
watercolor flower bouquets;0
wildflower bouquets watercolor;0
watercolor tulip bouquets;0
watercolor floral bouquets;0
watercolor wedding bouquets;0
easy watercolor bouquets;0
watercolor vase of flowers bouquets;0
easy watercolor flower bouquets;0
bouquets of flowers watercolor;0
springer spaniel watercolor painting;0
spring flowers drawing watercolor;0
spring roll watercolor;0
cute watercolor frame with spring flowers;0
watercolor spring animals;0
watercolor spring art kids;0
watercolor spring art easy;0
watercolor spring aesthetic;0
watercolor spring art for kids;0
aesthetic watercolor spring pastel butter yellow;0
spring watercolor wall art;0
spring animals watercolor painting;0
april spring watercolor;0
watercolor art spring landscape easy;0
spring abstract watercolor;0
watercolor spring bird;0
watercolor spring birthday card;0
watercolor spring bookmarks;0
watercolor spring blossom;0
watercolor spring bunny;0
watercolor spring break;0
watercolor spring bulbs;0
watercolor spring border;0
watercolor spring banner;0
watercolor spring butterfly;0
watercolor spring craft;0
watercolor spring crafts for kids;0
watercolor spring chicken;0
watercolor spring cottage;0
watercolor spring colors;0
watercolor spring card ideas;0
watercolor spring craft kids;0
spring watercolor city;0
watercolor spring drawing;0
watercolor spring doodles;0
watercolor spring daffodils;0
watercolor spring decor;0
spring watercolor diy;0
spring watercolor desktop wallpaper;0
spring watercolor ducks;0
spring watercolor painting duck;0
spring watercolor design;0
spring drawing for kids watercolor;0
watercolor spring elements;0
early spring watercolor;0
spring flower watercolor easy;0
watercolor spring landscape easy;0
easy spring watercolor art;0
watercolor spring flowers wallpaper;0
watercolor spring flowers free printable;0
watercolor spring flowers paintings;0
watercolor spring forest;0
watercolor spring field;0
watercolor spring flower wreath;0
watercolor spring flowers border;0
watercolor spring flowers card;0
watercolor spring garden;0
watercolor spring girl;0
watercolor spring gnome;0
watercolor spring garland;0
watercolor spring graphics;0
spring garden watercolor painting;0
spring watercolor green;0
spring garden illustration watercolor;0
spring greeting card watercolor;0
spring grass watercolor;0
watercolor spring house;0
hot spring watercolor;0
happy spring watercolor card;0
happy spring watercolor;0
spring watercolor horizontal;0
spring cards handmade watercolor;0
hello spring watercolor;0
spring hills watercolor;0
watercolor spring illustration;0
watercolor spring icons;0
watercolor spring inspiration;0
watercolor spring image;0
spring watercolor idea;0
spring in watercolor;0
spring watercolor ideas simple;0
kids watercolor painting ideas spring;0
spring flowers watercolor illustration;0
spring flowers in watercolor;0
watercolor paintings ideas spring;0
japanese spring watercolor;0
japan spring watercolor;0
watercolor spring kids;0
spring watercolor for kids;0
spring watercolor crafts for kids;0
spring watercolor painting kids;0
spring watercolor art kids;0
kindergarten spring watercolor;0
spring watercolor projects for kids;0
watercolor spring leaves;0
watercolor spring lake;0
spring lamb watercolor;0
spring landscapes watercolor;0
london spring watercolor;0
early spring landscape watercolor;0
watercolor spring meadow;0
watercolor mountain spring;0
spring mini watercolor paintings;0
spring morning watercolor;0
watercolor mouse spring;0
mini spring watercolor;0
spring mountains watercolor;0
watercolor spring nature;0
watercolor spring nail art;0
watercolor spring newborn baby;0
watercolor spring notecard;0
new york spring watercolor;0
spring nail designs watercolor;0
spring watercolor nail;0
spring drawing nature watercolor painting;0
spring nature watercolor painting;0
nyc spring watercolor;0
watercolor spring onion;0
spring watercolor outline;0
spring onion watercolor painting;0
spring onions watercolor;0
watercolor painting of spring;0
watercolor of spring flowers;0
first day of spring watercolor;0
watercolor drawing of spring;0
watercolor spring pictures;0
watercolor spring paintings easy;0
watercolor spring painting ideas;0
watercolor spring pattern;0
watercolor spring phone wallpaper;0
watercolor spring png;0
watercolor spring print;0
spring blossom watercolor painting;0
spring watercolor prints;0
watercolor spring rain;0
watercolor spring roll;0
watercolor spring rabbit;0
blue spring ride watercolor;0
rainy spring watercolor;0
spring rolls watercolor;0
spring river watercolor;0
spring robin watercolor;0
watercolor spring scene;0
watercolor spring simple;0
watercolor spring stickers;0
watercolor spring season;0
watercolor spring sun;0
watercolor spring tulips;0
spring time watercolor;0
spring watercolor trees;0
spring time watercolor cards;0
spring landscape watercolor painting tutorials;0
spring watercolor painting tulips;0
spring themed watercolor painting;0
spring vibes watercolor;0
spring village watercolor;0
vintage spring watercolor;0
spring vegetable watercolor;0
spring watercolor video;0
watercolor spring widgets;0
watercolor spring wedding;0
watercolor spring wedding invitations;0
watercolor spring water;0
watercolor spring wildflowers;0
spring watercolor thank you card;0
spring watercolor yellow;0
watercolor autumn art;0
watercolor autumn easy;0
autumn trees painting watercolor;0
simple autumn watercolor paintings;0
pumpkin illustration autumn watercolor;0
watercolor autumn paintings;0
autumn tree watercolor paintings;0
watercolor autumn mountains;0
abstract watercolor autumn landscape;0
watercolor autumn aesthetic;0
watercolor autumn abstract;0
watercolor autumn acorn;0
watercolor autumn bookmark;0
watercolor autumn birch trees;0
watercolor autumn berries;0
watercolor autumn bird;0
watercolor autumn border;0
watercolor autumn bouquet;0
watercolor autumn birthday card;0
autumn basket watercolor;0
autumn flower bouquet watercolor;0
autumn bridge watercolor;0
watercolor autumn cards;0
watercolor autumn city;0
watercolor autumn coffee;0
watercolor autumn colors;0
watercolor autumn children;0
autumn watercolor cottage;0
watercolor cute autumn;0
autumn composition watercolor;0
cosy autumn watercolor;0
autumn watercolor cake;0
autumn card watercolor;0
watercolor autumn drawing;0
watercolor autumn design;0
watercolor autumn diy;0
watercolor autumn doodle;0
autumn watercolor doodles;0
autumn scenery drawing watercolor;0
autumn flowers drawing watercolor painting;0
autumn deer watercolor;0
autumn watercolor drawings;0
autumn front door watercolor;0
dreamy autumn watercolor wallpaper;0
watercolor autumn elements;0
watercolor autumn salt effect;0
easy watercolor painting autumn;0
easy autumn watercolor paintings;0
watercolor art easy autumn;0
easy watercolor ideas autumn;0
autumn watercolor paintings easy fall;0
autumn landscape watercolor easy;0
autumn watercolor landscapes easy;0
autumn watercolor painting ideas easy;0
watercolor autumn fruits;0
watercolor autumn frame;0
watercolor autumn food;0
watercolor autumn foliage;0
watercolor autumn floral;0
watercolor autumn fall;0
watercolor autumn for kids;0
autumn forest path watercolor;0
watercolor pumpkins autumn fall leaves;0
watercolor autumn girl;0
watercolor autumn gnome;0
autumn girl watercolor painting;0
autumn watercolor greeting cards;0
autumn garden watercolor;0
autumn garland watercolor;0
autumn watercolor ghost;0
autumn grass watercolor;0
watercolor autumn house;0
hedgehog watercolor autumn;0
autumn watercolor houses;0
autumn watercolor paintings house;0
autumn harvest watercolor;0
autumn home watercolor;0
hello autumn watercolor;0
happy autumn watercolor;0
watercolor autumn illustration;0
watercolor autumn ideas;0
simple watercolor ideas autumn;0
autumn watercolor invitation;0
watercolor paintings ideas autumn;0
autumn watercolor icon;0
japanese autumn watercolor;0
japan autumn watercolor;0
watercolor autumn kids;0
kawaii autumn watercolor;0
autumn watercolor paintings for kids;0
autumn watercolor paintings kids;0
autumn watercolor art for kids;0
autumn watercolor for kids;0
autumn activities for kids watercolor;0
autumn kitchen watercolor;0
watercolor autumn landscape paintings;0
watercolor autumn landscape easy;0
watercolor autumn leaves frame;0
watercolor autumn leaves border;0
watercolor autumn lake;0
watercolor autumn mushroom;0
autumn mushrooms watercolor;0
autumn minimalist watercolor;0
mini watercolor autumn;0
autumn moon watercolor;0
mini watercolor paintings autumn;0
autumn watercolor mouse;0
watercolor autumn nails;0
autumn watercolor nature;0
autumn night watercolor;0
autumn watercolor nail art;0
autumn nature watercolor wedding invite;0
autumn in new york watercolor;0
autumn nail watercolor;0
new york autumn watercolor;0
watercolor paintings autumn nature;0
watercolor autumn oak leaves;0
watercolor paintings of autumn;0
watercolor pile of autumn leaves;0
oak autumn watercolor;0
watercolor autumn pumpkin;0
watercolor autumn pattern;0
watercolor autumn palette;0
watercolor autumn png;0
watercolor autumn park;0
watercolor autumn painting ideas;0
watercolor autumn paint;0
watercolor autumn park scene;0
watercolor autumn rain;0
watercolor autumn road;0
rainy autumn watercolor;0
autumn river watercolor;0
autumn rose watercolor;0
watercolor autumn sky;0
watercolor autumn scene;0
watercolor autumn sunset;0
watercolor autumn stickers;0
watercolor autumn simple;0
watercolor autumn season;0
watercolor autumn sweater;0
autumn watercolor steps;0
watercolor autumn trees landscapes;0
watercolor autumn theme;0
watercolor autumn things;0
watercolor autumn tea;0
watercolor autumn tattoo;0
autumn watercolor landscapes tutorials;0
watercolor autumn vibes;0
autumn vibe watercolor;0
autumn watercolor video;0
autumn vegetables watercolor;0
watercolor autumn landscape video;0
vintage autumn watercolor;0
autumn village watercolor;0
watercolor autumn wallpaper;0
watercolor autumn wedding;0
watercolor autumn window;0
watercolor autumn woods;0
20 diy autumn watercolor paintings;0
watercolor winter landscape simple;0
landscape watercolor paintings winter;0
watercolor bookmarks ideas winter;0
winter cozy watercolor;0
winterscape watercolor;0
winter solstice art watercolor;0
winter landscape with watercolor;0
watercolor winter art for kids;0
watercolor winter art easy;0
watercolor winter aesthetic;0
watercolor winter art preschool;0
watercolor winter art kids;0
watercolor winter abstract;0
watercolor winter art project;0
watercolor winter art simple;0
watercolor winter birthday card;0
watercolor winter bookmarks;0
watercolor winter barn scenes;0
watercolor winter branch;0
watercolor winter bouquet;0
watercolor winter bunny;0
watercolor winter bird paintings;0
watercolor winter city;0
watercolor winter christmas;0
watercolor winter cards ideas;0
watercolor winter cottage;0
watercolor winter craft;0
watercolor winter church scenes;0
watercolor winter church;0
watercolor winter cards diy;0
watercolor winter cityscape;0
watercolor winter drawing;0
watercolor winter doodles;0
watercolor winter dog;0
winter season drawing watercolor easy;0
winter composition drawing watercolor;0
winter scenery drawing watercolor village;0
easy winter watercolor drawing;0
diy watercolor winter;0
winter watercolor drawings;0
winter watercolor design;0
winter landscape drawing watercolor;0
watercolor winter elements;0
winter watercolor scene easy;0
easy winter watercolor cards;0
winter elf watercolor;0
winter watercolor paintings easy kids;0
easy watercolor winter bird;0
watercolor winter florals;0
watercolor winter forest landscape;0
watercolor winter for kids;0
watercolor winter farm;0
watercolor winter forest animals;0
watercolor winter fruit;0
watercolor art for winter;0
winter watercolor crafts for kids;0
watercolor winter girl;0
watercolor winter gnomes;0
winter gloves watercolor;0
watercolor winter snow globe;0
winter watercolor greeting cards;0
girl in winter watercolor;0
winter garden watercolor;0
winter watercolor gift tags;0
winter goose watercolor;0
winter garland watercolor;0
watercolor winter house;0
watercolor winter hat craft;0
watercolor winter holiday;0
winter holiday cards watercolor;0
winter houses watercolor;0
winter watercolor paintings houses;0
happy birthday watercolor winter;0
watercolor winter illustration;0
watercolor winter icons;0
watercolor wallpaper iphone winter;0
winter watercolor idea;0
watercolor art inspo winter;0
watercolor ink winter;0
painting ideas watercolor winter;0
christmas card ideas watercolor winter scenes;0
winter jasmine watercolor;0
winter watercolor journal;0
winter jacket watercolor;0
japan winter watercolor;0
japanese winter watercolor;0
watercolor winter kids;0
winter watercolor painting kids;0
winter watercolor kindergarten;0
winter tree watercolor for kids;0
winter watercolor art projects for kids;0
watercolor winter paintings for kids;0
winter watercolor projects for kids;0
watercolor art for kids winter;0
watercolor winter landscape paintings;0
watercolor winter landscape background;0
watercolor winter lake;0
watercolor winter lantern;0
watercolor winter light;0
watercolor winter landscape art;0
watercolor winter lighthouse;0
watercolor winter mountain landscape;0
watercolor winter mittens;0
watercolor winter mouse;0
watercolor winter mountain scene;0
watercolor winter mug;0
misty winter watercolor;0
winter mitten watercolor;0
winter watercolor moon;0
mountain winter watercolor;0
winter mice watercolor;0
minimalist winter watercolor;0
watercolor winter night scenes;0
watercolor winter nails;0
watercolor winter night sky;0
watercolor winter nature;0
watercolor winter nail art;0
nyc winter watercolor;0
winter night landscape watercolor;0
winter night watercolor paintings;0
new york winter watercolor;0
winter night scene watercolor;0
watercolor winter owl;0
watercolor winter ornaments;0
watercolor winter olympics;0
watercolor paintings of winter;0
winter watercolor ornament;0
watercolor hijab outfit winter;0
winter oak tree watercolor;0
wet on wet watercolor winter;0
winter ocean watercolor;0
winter watercolor objects;0
watercolor winter pine tree;0
watercolor winter penguin;0
watercolor winter postcard;0
watercolor winter plants;0
watercolor winter paintings easy;0
watercolor winter phone wallpaper;0
watercolor winter people;0
watercolor winter png;0
watercolor winter paint;0
quick winter watercolor;0
watercolor winter romance;0
watercolor winter rabbit;0
watercolor winter river;0
watercolor winter road;0
watercolor winter robin;0
winter red berries watercolor;0
winter rose watercolor;0
red winter watercolor;0
winter red barn watercolor;0
winter watercolor resist;0
watercolor winter simple;0
watercolor winter stampin up cards;0
watercolor winter scenes simple;0
watercolor winter stickers;0
watercolor winter solstice;0
watercolor winter snow;0
watercolor winter trees landscape;0
watercolor winter theme;0
watercolor winter town;0
watercolor winter train;0
watercolor winter trees for kids;0
watercolor winter things;0
winter watercolor simple trees;0
birch trees winter watercolor;0
watercolor winter village;0
watercolor winter vibes;0
winter village drawing watercolor;0
vintage winter watercolor paintings;0
winter village watercolor painting;0
vintage watercolor winter;0
watercolor art winter village;0
winter watercolor video;0
winter village illustration watercolor;0
winter vegetables watercolor;0
winter vibe watercolor;0
watercolor winter window;0
watercolor winter wonderland;0
watercolor winter wedding invitations;0
watercolor winter wallpaper iphone;0
watercolor winter woods;0
watercolor xmas cards winter scenes;0
winter watercolor thank you cards;0
thank you card watercolor winter;0
winter watercolor thank you;0
winter watercolor thank you cards diy;0
watercolor christmas clipart bundle;0
watercolor christmas cliparts;0
blue christmas watercolor clipart;0
christmas watercolor cliparts;0
clipart watercolor christmas;0
pink christmas watercolor clipart;0
diy watercolor pumpkins;0
green watercolor butterflies;0
watercolor butterflies craft;0
watercolor pumpkins printable;0
whimsical ladybug clipart;0
watercolor baby farm animals;0