fashion brand fonts;260
fonts for fashion brand;260
elegant sans serif fonts;140
beauty salon fonts;110
fonts for beauty salon;110
classy logo fonts;70
high fashion fonts;70
elegant monogram fonts;40
expensive looking fonts;40
luxury logo fonts;30
best fonts for fashion brand;10
chic serif fonts;10
classy fonts for logo;10
cosmetic brand fonts;10
elegant fonts sans serif;10
elegant sans serif fonts free;10
elegant sans serif google fonts;10
fashion brand logo fonts;10
fonts for fashion brand logo;10
fonts for jewelry logo;10
free elegant sans serif fonts;10
high end fashion fonts;10
luxury brands logo fonts;10
luxury fashion brand fonts;10
luxury fonts for real estate;10
luxury real estate fonts;10
minimalist luxury fonts;10
modern serif fonts for logos;10
premium brand fonts;10
best elegant sans serif fonts;0
elegant branding fonts;0
chic logo fonts;0
boutique logo fonts;0
high end branding fonts;0
sophisticated logo fonts;0
elegant typography for branding;0
jewelry logo fonts;0
luxury typography design;0
stylish branding fonts;0
chic typography design;0
luxury brand identity fonts;0
lifestyle blog fonts;0
photographer logo fonts;0
elegant business card fonts;0
luxury agency fonts;0
branding typography inspiration;0
classy business fonts;0
luxury logo fonts canva;0
luxury logo fonts typography;0
luxury logo fonts free;0
fonts for logo luxury;0
luxury fonts logo;0
luxury fashion logo fonts;0
logo luxury design fonts;0
modern luxury logo fonts;0
best luxury logo fonts;0
minimal luxury logo fonts;0
elegant luxury logo fonts;0
luxury logo design inspiration fonts;0
luxury logo design branding fonts typography;0
luxury logo design branding letters fonts;0
logo fashion brand luxury fonts;0
luxury logo design branding fonts;0
modern luxury logo design fonts;0
luxury fonts for real estate logo;0
luxury serif logo fonts;0
elegant fonts for branding;0
elegant serif fonts branding;0
elegant serif fonts for branding;0
branding fonts elegant;0
elegant sans serif fonts for branding;0
chic fonts for logo;0
boutique design logo fonts;0
kids boutique logo fonts;0
fashion brand fonts typography;0
fashion brand fonts canva;0
luxury fonts for fashion brand;0
streetwear fashion brand fonts;0
fonts fashion brand;0
fashion brand logo ideas fonts design;0
canva fonts for fashion brand;0
fashion brand logo ideas fonts;0
fonts for a fashion brand;0
modern serif fonts logos;0
modern sans serif fonts logos;0
luxury fonts typography real estate;0
fonts luxury real estate;0
luxury real estate free fonts;0
elegant typography branding;0
modern elegant typography branding;0
elegant serif typography branding;0
fonts for cosmetic brand;0
jewelry logo design ideas fonts;0
jewelry business logo fonts;0
fonts for jewelry brand logo;0
jewelry brand logo fonts;0
premium brand fonts canva;0
fonts for premium brand;0
premium clothing brand fonts;0
premium brand logo fonts;0
premium fonts for clothing brand;0
elegant sans serif fonts canva;0
elegant sans-serif fonts;0
elegant sans serif adobe fonts;0
modern elegant sans serif fonts;0
luxury typography design tshirt;0
luxury typography design poster;0
luxury typography design layout;0
luxury typography design canva;0
luxury typography designs;0
luxury typography design ideas;0
luxury typography design style;0
luxury typography design logo;0
luxury typography design clothing;0
luxury typography design chinese;0
thank you typography design luxury;0
luxury typography motion design;0
luxury typography layout design;0
typography design luxury poster;0
luxury typography website design;0
quiet luxury typography design;0
modern luxury typography design;0
typography logo design luxury;0
minimal luxury typography design;0
luxury serif typography design;0
luxury streetwear typography design;0
luxury arabic typography design;0
simple luxury typography design ads;0
luxury logo design branding typography;0
packaging mockup, luxury packaging, box front design, label typography;0
luxury brand typography design;0
luxury typography editorial design;0
typography graphic design luxury;0
luxury typography graphic design poster;0
luxury hotel logo design typography;0
luxury logo design inspiration typography;0
modern luxury logo design typography;0
luxury typography post design;0
luxury typography design shirt;0
luxury typography t-shirt design;0
luxury typography web design;0
luxury word typography design;0
beauty salon fonts logos design;0
beauty salon fonts canva;0
beauty salon logo ideas fonts;0
beauty salon logo fonts;0
beauty salon names ideas logo fonts;0
elegant fonts for beauty salon;0
fonts beauty salon;0
fonts for beauty salon logo;0
canva fonts beauty salon;0
luxury minimalist fonts;0
high fashion canva fonts;0
fonts high fashion;0
classy logo fonts canva;0
classy fonts logo;0
elegant logo design classy fonts;0
expensive looking fonts canva;0
typography design chic;0
chic logo design typography;0
elegant wedding logo monogram fonts;0
photographer logo design ideas fonts;0
font inspiration branding typography;0
logo design inspiration branding fonts typography graphics;0
typography branding inspiration;0
graphic design inspiration typography identity branding;0
logo design inspiration branding creativity typography;0
logo design inspiration branding fonts typography;0
minimal logo design inspiration branding typography;0
typography branding design inspiration;0
typography logo inspiration branding;0
visual identity design branding inspiration typography;0
chic san serif fonts;0