vintage nursery;880
safari nursery;880
safari nursery room;880
pink nursery;880
sage green nursery;880
teddy bear nursery ideas;880
jungle nursery ideas;880
jungle theme nursery;880
enchanted forest nursery;880
blue nursery rug;880
nursery pink;880
nursery ideas jungle;880
nursery room essentials;880
nursery theme jungle;880
essentials for nursery;880
nursery essentials;880
nursery decor jungle theme;720
nursery prints;720
forest nursery;720
jungle nursery;720
teddy bear nursery;720
woodland animal nursery decor;720
teddy bear nursery decor;720
teddy bear nursery theme;720
jungle nursery room;720
nursery rhymes printables;720
nursery room layout;720
nursery room mural;720
nursery room prints;720
nursery room yellow;720
printable nursery rhymes;720
nursery decor green;590
nursery decor twins;590
vintage nursery prints;590
woodland nursery rug;590
floral nursery decor;590
floral nursery ideas;590
floral nursery wallpaper;590
pink nursery wallpaper;590
twin nursery ideas;590
nursery ideas twins;590
nursery design for twins;590
nursery room must haves;590
nursery room pictures;590
nursery room set up;590
nursery room setup;590
nursery theme ideas;590
nursery themes ideas;590
nursery pictures;590
pictures for nursery room;590
ocean nursery theme;480
gallery wall for nursery;480
nursery gallery wall;480
boho nursery;480
vintage sports nursery;480
woodland nursery wallpaper;480
woodland wallpaper nursery;480
safari nursery rug;480
safari nursery wallpaper;480
blue nursery;480
forest green nursery;480
ocean nursery decor;480
ocean nursery ideas;480
floral nursery rug;480
bear nursery accessories;480
bear nursery decor;480
bear nursery theme;480
nursery blue;480
pink nursery curtains;480
nursery room checklist;480
nursery room colors;480
nursery room organization;480
nursery room paint colors;480
nursery room sign;480
airplane nursery theme;480
nursery rhymes clipart;390
elephant nursery decor;390
nursery decor animals;390
nursery decor elephant;390
nursery decor shelves;390
safari nursery wall art;390
animal nursery;390
classic nursery;390
earth tone nursery;390
floral nursery;390
giraffe nursery;390
goose nursery decor;390
ocean nursery;390
nursery wall art safari;390
safari nursery wall decor;390
floral nursery curtains;390
animal nursery decor;390
animal nursery ideas;390
animal nursery theme;390
animal theme nursery;390
animal nursery rug;390
bear nursery ideas;390
bear nursery rug;390
elephant nursery ideas;390
elephant nursery theme;390
giraffe in nursery;390
giraffe nursery room;390
giraffe for nursery;390
moon and stars decor;390
sage green nursery paint;390
pink nursery chair;390
nursery ideas animals;390
nursery paint ideas;390
nursery room paint ideas;390
nursery shelf decorations;390
nursery rhyme pictures;390
pictures of nursery rhymes;390
moon and stars nursery;320
unisex nursery decor ideas;320
vintage nursery art;320
vintage nursery artwork;320
elephant nursery;320
floral nursery theme;320
bunny nursery decor;320
bunny nursery ideas;320
bunny nursery theme;320
duck nursery decor;320
duck nursery ideas;320
duck nursery theme;320
elephant nursery room;320
star and moon nursery;320
cloud decor for nursery;320
cloud nursery decor;320
sage green nursery decor;320
unisex nursery ideas;320
unisex nursery design;320
nursery room decor;320
nursery room wall;320
nursery room wall ideas;320
nursery decor diy;260
nursery decor etsy;260
nursery diy decor;260
nursery decor pink;260
nursery prints animals;260
art prints for nursery;260
art prints nursery;260
nursery room art prints;260
nursery wall decor ideas;260
vintage nursery wall art;260
vintage nursery wall decor;260
woodland nursery wall art;260
woodland nursery wall decor;260
bear nursery;260
beige nursery;260
bunny nursery;260
cottagecore nursery;260
diy nursery decor;260
duck nursery;260
goose nursery;260
lavender nursery;260
nursery art prints;260
nursery wall art ideas;260
nursery wall art woodland;260
jungle nursery wallpaper;260
forest nursery decor;260
forest nursery wallpaper;260
ocean nursery rug;260
animal nursery prints;260
animal nursery wallpaper;260
animal nursery rhymes;260
duck nursery rhyme;260
elephant for nursery;260
cloud nursery accessories;260
cloud nursery ideas;260
cloud nursery rug;260
cloud nursery theme;260
pink nursery accessories;260
pink nursery decor;260
pink nursery theme;260
nursery art printable;260
diy nursery decorations;260
nursery ideas diy;260
simple nursery ideas;260
nursery ideas simple;260
travel theme nursery;260
nursery decorations diy;260
framed art for nursery;260
framed nursery art;260
nursery printable art;260
nursery decor purple;210
vintage nursery wallpaper;210
fox nursery;210
nursery clipart;210
shark nursery;210
animal nursery wall art;210
giraffe nursery decor;210
giraffe nursery ideas;210
giraffe nursery theme;210
blue nursery curtains;210
blue nursery paint colors;210
blue nursery paint;210
pink nursery ideas;210
pink nursery decor ideas;210
nursery ideas pink;210
nursery ideas purple;210
nursery ideas yellow;210
nursery room quotes;210
adventure nursery theme;210
unique nursery themes;210
framed wall art nursery;210
nursery decor modern;170
nursery posters;170
boho nursery furniture;170
minimalist nursery;170
watercolor nursery art;170
woodland nursery curtains;170
cloud nursery;170
nursery poster;170
teddy bear nursery rug;170
jungle nursery rug;170
bunny nursery rhyme;170
elephant themed nursery;170
star nursery rug;170
cloud nursery wallpaper;170
cloud wallpaper for nursery;170
sage green nursery ideas;170
blue nursery wallpaper;170
grey and pink nursery;170
pink and gray nursery;170
modern nursery ideas;170
elephant theme nursery;170
hanging decorations for nursery;170
nursery room posters;170
posters for nursery room;170
gender neutral nursery rug;140
mushroom nursery decor;140
cottagecore nursery decor;140
silly goose nursery decor;140
nursery name decor;140
nursery decor name;140
nursery poster art;140
nursery rhymes poster;140
nursery room poster;140
rustic nursery decor;140
rustic nursery ideas;140
rustic nursery theme;140
minimalist nursery decor;140
minimalist nursery design;140
minimalist nursery ideas;140
safari jungle nursery decor;140
safari themed nursery decor;140
jungle safari nursery ideas;140
safari nursery wall decals;140
forest lake nursery;140
floral nursery wall art;140
floral wall decor nursery;140
spring garden nursery;140
giraffe nursery rug;140
cloud nursery shelves;140
pink and blue nursery;140
pink nursery paint;140
outdoor nursery themes;140
cute nursery accessories;140
nursery rhyme posters;140
mermaid nursery decor;110
winnie the pooh nursery prints;110
nursery wall decor name;110
boho nursery rug;110
vintage airplane nursery;110
vintage baseball nursery;110
vintage nursery rug;110
rustic woodland nursery;110
blush pink nursery;110
botanical nursery;110
deer nursery decor;110
lavender nursery decor;110
mermaid nursery;110
mushroom nursery;110
nursery wall art name;110
jungle themed nursery ideas;110
forest nursery rug;110
animal nursery art;110
animal nursery artwork;110
floral nursery wall decor;110
animal nursery pictures;110
deer nursery ideas;110
nursery shark;110
goose nursery rhymes;110
mermaid nursery ideas;110
mermaid nursery theme;110
large giraffe nursery;110
navy blue nursery;110
beige nursery rug;110
free nursery rhyme printables;110
lamb nursery themes;110
accessories for nursery;110
nursery animal artwork;110
nursery artwork animals;110
nursery artwork ideas;110
nursery pictures animals;110
printable nursery rhymes free;110
gender neutral nursery wall decor;90
fox nursery decor;90
gold nursery decor;90
nursery decor yellow;90
boho nursery wall decor;90
boho nursery wall art;90
vintage nursery ideas;90
pastel nursery;90
woodland nursery art;90
woodland nursery artwork;90
woodland nursery decals;90
woodland nursery prints;90
safari nursery animals;90
woodland nursery theme ideas;90
gingham nursery;90
nursery wall art elephant;90
unicorn nursery;90
teddy bear sports nursery;90
underwater nursery decor;90
underwater nursery ideas;90
underwater nursery theme;90
floral themed nursery;90
safari animal nursery;90
bear nursery wall art;90
bear nursery wall decor;90
bunny nursery wallpaper;90
fox nursery ideas;90
fox nursery theme;90
elephant nursery wall art;90
nursery rhymes elephant;90
star nursery nebula;90
cloud nursery mobile;90
star themed nursery;90
grey and blue nursery;90
sage green nursery wallpaper;90
gold and pink nursery;90
nursery design board;90
nursery room art;90
nursery room artwork;90
nursery themes neutral;90
construction nursery theme;90
nursery themes stars;90
wooden nursery accessories;90
yellow nursery accessories;90
custom nursery artwork;90
nursery rhyme artwork;90
nursery pictures for wall;90
wall paintings for nursery;90
canvas art for nursery;90
nursery canvas art;90
nursery decor stars;70
etsy nursery prints;70
rustic nursery;70
vintage nursery themes;70
shabby chic nursery;70
woodland fairy nursery;70
safari nursery art;70
safari nursery artwork;70
blue gingham nursery;70
cozy nursery;70
nursery wall art bunny;70
nursery wall art canvas;70
nursery wall art etsy;70
nursery wall art jungle;70
nursery wall art neutral;70
safari animal nursery decor;70
safari nursery decor ideas;70
teddy bear nursery art;70
teddy bear nursery wallpaper;70
gender neutral nursery art;70
gender neutral nursery artwork;70
safari nursery decals;70
jungle nursery wall art;70
safari nursery room ideas;70
safari nursery theme ideas;70
forest animals nursery decor;70
jungle nursery room ideas;70
jungle nursery theme ideas;70
jungle nursery wall decals;70
jungle nursery wall decor;70
forest nursery wall decals;70
ocean nursery wallpaper;70
ocean nursery wall art;70
ocean nursery wall decals;70
ocean nursery wall decor;70
animal head nursery;70
deer nursery rug;70
bunny nursery art;70
bunny nursery wall art;70
goose nursery theme;70
elephant nursery wall decor;70
little mermaid nursery;70
star nursery decor;70
star nursery theme;70
sage green nursery paint colors;70
unicorn nursery decor;70
unicorn nursery ideas;70
unicorn nursery theme;70
unicorn theme nursery;70
unicorn themed nursery;70
blue nursery decor;70
blue nursery ideas;70
light sage green nursery;70
lavender nursery ideas;70
gray nursery ideas;70
nursery ideas blue;70
nursery ideas grey;70
nursery inspiration neutral;70
library theme nursery;70
unique nursery artwork;70
nursery canvas wall art;70
nursery wall art printables;50
nursery decor amazon;50
nursery decor clouds;50
nursery decor inspiration;50
nursery rhymes illustrations;50
nursery decor themes;50
nursery decor unique;50
zoo animal nursery decor;50
peter rabbit prints nursery;50
nursery wall decor quotes;50
nursery gallery wall ideas;50
pastel nursery decor;50
pastel nursery rug;50
woodland nursery mural;50
woodland nursery fabric;50
woodland nursery pictures;50
deer nursery;50
night sky nursery;50
nursery wall art alphabet;50
nursery wall art animals;50
nursery wall art giraffe;50
nursery wall art printable;50
nursery wall art prints;50
jungle nursery animals;50
jungle nursery mural;50
safari nursery pictures;50
floral nursery wall;50
underwater themed nursery;50
nursery stuffed animal storage;50
garden nursery decor;50
zoo animal nursery ideas;50
zoo animal nursery theme;50
bunny nursery print;50
bunny print for nursery;50
fox rug nursery;50
fox theme nursery;50
fox themed nursery;50
yellow duck themed nursery;50
elephant mobile nursery;50
giraffe nursery wall art;50
mermaid themed nursery;50
moon nursery decor;50
moon nursery theme;50
star nursery wallpaper;50
sky blue nursery;50
twinkle little star nursery;50
beige nursery ideas;50
lavender nursery rug;50
pink nursery wall art;50
pink nursery wall decor;50
beige nursery decor;50
beige nursery paint;50
blush pink nursery decor;50
printable wall art for nursery;50
nursery design inspiration;50
safari pictures for nursery;50
safari pictures nursery;50
nursery printable wall art;50
printable nursery wall art;50
printable wall art nursery;50
jungle animals nursery decor;40
nursery prints free;40
elephant nursery prints;40
free nursery printables;40
safari nursery prints;40
nursery wall decor diy;40
boho nursery curtains;40
boho nursery wallpaper;40
watercolor nursery prints;40
nursery wall art disney;40
nursery wall art diy;40
underwater nursery;40
rustic woodland nursery decor;40
woodland forest nursery decor;40
watercolor prints for nursery;40
gender neutral nursery inspiration;40
teddy bear nursery pictures;40
jungle decals for nursery;40
jungle nursery decals;40
safari nursery mobile;40
forest nursery decals;40
ocean nursery art;40
floral nursery art;40
botanical garden nursery;40
goose nursery art;40
duck decor for nursery;40
shark nursery decor;40
shark nursery theme;40
elephant nursery wallpaper;40
little mermaid nursery ideas;40
little mermaid nursery theme;40
sage green nursery colors;40
pink and gold nursery ideas;40
pink nursery art;40
pink nursery inspiration;40
pink nursery walls;40
blush pink nursery curtains;40
sage green and blush pink nursery;40
diy nursery decor ideas;40
diy wall decor for nursery;40
diy wall art nursery;40
nursery ideas modern;40
nursery aesthetic;40
nursery styles;40
teddy bear pictures for nursery;40
free printable nursery;40
nursery decor gender neutral;30
3d nursery wall decor;30
nursery decor trends;30
nursery prints fabric;30
nursery prints vintage;30
under the sea nursery wall decor;30
nursery gallery wall art;30
boho nursery art;30
boho nursery artwork;30
boho nursery prints;30
vintage nursery pictures;30
cozy nursery rug;30
classic nursery books;30
pastel nursery colors;30
watercolor nursery;30
nursery quote wall art;30
peter rabbit nursery wall art;30
you are my sunshine wall art nursery;30
boho rainbow nursery decor;30
gender neutral nursery color palette;30
jungle nursery bedding;30
safari nursery inspiration;30
forest nursery mural;30
ocean nursery decals;30
pine forest nursery;30
floral nursery mobile;30
botanical nursery theme;30
felt animal heads nursery;30
bear nursery wallpaper;30
bunny nursery mobile;30
bunny nursery pictures;30
bunny pictures for nursery;30
fox and the hound nursery;30
goose nursery wall art;30
shark theme nursery;30
shark themed nursery;30
whale shark nursery;30
elephant art for nursery;30
elephant nursery art;30
elephant nursery artwork;30
gray and pink elephant nursery;30
harvest moon nursery;30
cloud nursery wall decor;30
sky nursery theme;30
night sky nursery theme;30
night sky themed nursery;30
blue nursery colors;30
blue nursery theme;30
blue nursery wall;30
pink elephant nursery;30
pink nursery colors;30
beige nursery wallpaper;30
earth tone nursery decor;30
pink and beige nursery;30
blush pink nursery paint;30
blush pink nursery rug;30
blush pink nursery wallpaper;30
nursery printables free;30
nursery pictures ideas;30
nursery rhyme paintings;30
paintings for a nursery;30
cottagecore nursery ideas;20
cottagecore nursery wallpaper;20
dark cottagecore nursery;20
nursery art printables;20
nursery illustrations;20
nursery room clipart;20
grey nursery decor;20
jungle book nursery decor;20
nursery decor art;20
watercolor animals for nursery;20
nursery decor on a budget;20
nursery printables;20
unique nursery wall decor;20
vintage bear nursery decor;20
vintage nursery art prints;20
nursery wall decor neutral;20
lion wall decor nursery;20
boho nursery inspiration;20
boho nursery color palette;20
boho nursery room ideas;20
vintage mickey nursery;20
vintage nursery photos;20
nursery watercolor;20
cozy nursery ideas;20
classic nursery decor;20
classic nursery ideas;20
classic nursery themes;20
pastel nursery ideas;20
pastel nursery wallpaper;20
shabby chic nursery decor;20
shabby chic nursery ideas;20
enchanted woodland nursery;20
pastel rainbow nursery decor;20
safari nursery mural;20
woodland nursery inspiration;20
woodland nursery painting;20
woodland nursery room ideas;20
woodland nursery stickers;20
cloud wall art nursery;20
nursery flower wall art;20
nursery wall art flowers;20
printable nursery art;20
stork nursery;20
lion king nursery wall art;20
nursery wall art modern;20
nursery wall art set;20
woodland fairy nursery decor;20
teddy bear nursery prints;20
gender neutral nursery paint;20
jungle nursery art;20
safari nursery stickers;20
forest nursery art;20
forest nursery wall art;20
ocean nursery prints;20
ocean themed nursery mural;20
botanical nursery decor;20
botanical theme nursery;20
botanical themed nursery;20
mushroom nursery rug;20
mushroom nursery theme;20
animal head nursery decor;20
animal kingdom nursery;20
garden nursery ideas;20
bear nursery art;20
bear nursery print;20
bear mountain nursery;20
bear nursery pictures;20
deer nursery art;20
nursery deer head;20
fox nursery wallpaper;20
duck nursery art;20
duck nursery wall art;20
duck nursery wallpaper;20
goose nursery wallpaper;20
duck wallpaper for nursery;20
elephant nursery painting;20
elephant nursery pictures;20
elephant painting for nursery;20
giraffe nursery art;20
giraffe nursery painting;20
giraffe nursery print;20
giraffe nursery wallpaper;20
giraffe painting for nursery;20
goodnight moon nursery decor;20
twinkle twinkle little star nursery theme;20
sky themed nursery decor;20
blue nursery art;20
blue nursery room;20
sage green and yellow nursery;20
sage green nursery wall decor;20
blue nursery wall art;20
blue nursery wall decor;20
pink and navy nursery;20
pink and teal nursery;20
lavender and sage nursery;20
earth tone nursery ideas;20
gingham nursery decor;20
blush pink nursery ideas;20
free printable nursery art;20
diy wall decor for nursery;20
nursery ideas on a budget;20
nursery inspiration gender neutral;20
nursery room accent wall;20
montessori style nursery;20
western style nursery;20
nursery theme ideas gender neutral;20
knight nursery theme;20
nursery room decorations;20
nursery art decor;20
safari animal pictures for nursery;20
vintage nursery rhyme pictures;20
nursery room clipart;20
nursery clipart illustrations;0
cute nursery clipart;0
watercolor nursery clipart;0
boho nursery clipart;0
baby boy nursery clipart;0
baby girl nursery clipart;0
vintage nursery clipart;0
whimsical nursery clipart;0
woodland nursery clipart;0
nursery wall art png;0
nursery elements png;0
nursery graphics;0
baby nursery illustrations;0
nursery art animals illustrations;0
cute nursery illustrations;0
nursery animal illustrations;0
vintage baby nursery illustrations;0
vintage storybook illustrations for nursery;0
baby nursery watercolor art;0
baby nursery watercolor painting;0
watercolor baby boy nursery;0
watercolor baby girl nursery;0
baby watercolor nursery;0
watercolor forest animals nursery;0
watercolor jungle animals nursery art;0
watercolor nursery art animals;0
nursery woodland animals print watercolor;0
watercolor farm animals nursery;0
animal watercolor baby room;0
nursery decor animal theme;0
nursery decor forest theme;0
nursery decor moon and stars;0
nursery decor nature theme;0
nursery decor under the sea;0
nursery decor vintage girl;0
nursery decor vintage boy;0
nursery decor vintage sports;0
vintage boy nursery decor ideas;0
nursery decor whimsical;0
yellow nursery decor ideas;0
vintage nursery prints;0
digital prints etsy nursery art;0
baby girl nursery art prints;0
cute baby nursery prints;0
nursery prints floral;0
nursery prints forest;0
nursery prints gender neutral;0
nursery ocean prints;0
safari animal nursery prints free;0
unisex nursery prints;0
baby boy nursery vintage prints;0
vintage animal nursery prints;0
vintage boy nursery prints;0
vintage floral nursery prints;0
nursery prints watercolor;0
nursery prints whimsical;0
baby room decor woodland;0
baby wall art animals;0
vintage baby nursery wall art;0
baby room decor aesthetic;0
baby room decor animal theme;0
baby room decor jungle theme;0
baby room decor minimalist;0
baby room decor nature;0
baby room decor neutral nursery themes;0
baby room decor safari;0
baby room decor under the sea;0
unique baby room decor;0
vintage-inspired baby room decor ideas;0
vintage baby room wall decor;0
baby wall art watercolor;0
baby wall art nursery;0
baby wall art prints;0
baby wall art printable;0
cute baby animals wall art;0
islamic baby wall art;0
baby room animal wall art;0
vintage baby room wall art;0
vintage baby boy nursery wall art;0
baby nursery poster printable;0
animal nursery poster;0
nursery poster vintage;0
nursery poster watercolor;0
woodland nursery poster;0
baby room printables free wall prints;0
prints for baby girls room;0
baby room decor prints;0
nursery art prints woodland;0
baby animal prints nursery wall art;0
whimsical nursery art prints;0
minimalist baby wall decor;0
neutral baby wall decor;0
vintage baby girl wall decor;0
vintage baby boy wall decor;0
nursery wall decor vintage;0
nursery wall decor aesthetic;0
enchanted forest nursery wall decor;0
nursery wall decor minimalist;0
ocean-themed wall decor for nursery;0
vintage pink nursery wall decor;0
vintage boys nursery wall decor;0
vintage duck nursery wall decor;0
traditional boy nursery decor;0
baby boy nursery room decor ideas;0
minimalist baby boy nursery decor;0
modern boy nursery decor;0
timeless boy nursery decor;0
unique boy nursery decor;0
vintage baby boy nursery decor;0
whimsical nursery decor girl;0
girl nursery decor boho;0
cute baby girl nursery decor;0
minimalist nursery decor girl;0
unique nursery decor girl;0
baby girl nursery vintage decor;0
girl nursery vintage wall decor;0
neutral nursery decorating tips;0
minimalist gender-neutral nursery decor;0
neutral earthy nursery decor;0
rustic and farmhouse gender neutral nursery decor;0
vintage neutral nursery decor;0
vintage nursery decor gender neutral;0
whimsical gender-neutral nursery decor;0
nursery gallery wall layout ideas;0
whimsical nursery gallery wall;0
vintage boy nursery gallery wall;0
woodland gallery wall nursery;0
cottage core nursery gallery wall;0
animal gallery wall nursery;0
minimalist nursery gallery wall ideas;0
boho nursery room inspiration;0
earthy boho nursery;0
boho nursery aesthetic;0
boho nursery animal prints;0
boho nursery art print;0
earthy boho nursery boy;0
earthy boho baby girl nursery;0
earth tone boho nursery;0
eclectic boho nursery;0
boho farmhouse nursery girl;0
boho jungle theme nursery;0
organic boho nursery;0
vintage boho nursery girl;0
vintage boho baby nursery;0
vintage nursery aesthetic;0
vintage nursery color palette;0
vintage nursery decor inspiration;0
vintage nursery embroidery;0
vintage english countryside nursery;0
vintage nursery gallery wall girl;0
vintage nursery illustration;0
vintage nursery inspiration;0
rustic nursery inspiration;0
rustic nursery aesthetic;0
rustic woodland nursery accents;0
rustic chic nursery;0
rustic farmhouse nursery decor;0
rustic floral nursery ideas;0
modern rustic nursery girl;0
organic rustic nursery;0
vintage rustic nursery;0
watercolor nursery art ideas;0
watercolor nursery illustration;0
vintage watercolor nursery;0
watercolor nursery patterns;0
woodland watercolor nursery;0
cute nursery watercolor;0
watercolor nursery elements;0
gender neutral nursery watercolor;0
safari nursery watercolor;0
nursery watercolor art set;0
watercolor nursery theme;0
vintage watercolor nursery art;0
minimalist nursery design ideas;0
minimalist nursery aesthetic;0
minimalist nursery decor inspiration;0
organic minimalist nursery;0
cozy nursery aesthetic;0
cozy nursery room design;0
cozy baby nursery aesthetic;0
vintage cozy nursery ideas;0
whimsical cozy nursery;0
shabby chic cottage nursery ideas;0
french shabby chic nursery;0
classic nursery room;0
classic nursery aesthetic;0
classic nursery artwork;0
classic elegant nursery;0
classic english nursery;0
modern classic nursery ideas;0
classic vintage style nursery;0
classic storybook nursery themes;0
pastel nursery color palette;0
pastel nursery aesthetic;0
soft pastel nursery decor;0
pastel floral nursery;0
pastel nursery illustration;0
soft pastel nursery color palette;0
soft pastel nursery art;0
pastel watercolor nursery;0
woodland nursery aesthetic;0
woodland nursery color palette;0
woodland nursery illustration;0
vintage woodland baby nursery;0
safari nursery aesthetic;0
safari nursery art printable;0
safari nursery color palette;0
elegant safari nursery;0
earthy safari nursery;0
safari nursery illustration;0
vintage safari theme nursery;0
jungle nursery aesthetic;0
jungle nursery color palette;0
jungle nursery illustration;0
modern jungle nursery ideas;0
forest nursery aesthetic;0
forest nursery artwork;0
forest nursery color palette ideas;0
enchanted forest nursery theme rug;0
vintage forest nursery decor;0
ocean nursery aesthetic;0
ocean nursery color palette;0
ocean nursery illustration;0
ocean-themed nursery printables;0
vintage ocean nursery;0
floral nursery aesthetic;0
floral nursery illustration;0
vintage floral nursery design tips;0
botanical nursery art;0
botanical nursery prints;0
vintage botanical nursery;0
mushroom nursery art;0
whimsical nursery mushroom;0
woodsy mushroom nursery;0
animal nursery aesthetic;0
animal nursery illustration;0
vintage animal nursery decor;0
garden nursery aesthetic;0
whimsical garden themed nursery;0
vintage garden theme nursery;0
bear nursery aesthetic;0
bear nursery illustration;0
vintage bear nursery art;0
deer nursery print;0
deer nursery wall art;0
vintage deer baby nursery;0
fox nursery aesthetic;0
fox drawing baby nursery art;0
watercolor fox nursery;0
bunny nursery art print;0
cute bunny nursery art;0
bunny nursery illustration;0
vintage bunny nursery art;0
goose nursery aesthetic;0
goose nursery illustration;0
vintage goose nursery art;0
duck nursery aesthetic;0
duck nursery illustration;0
vintage duck nursery art;0
shark nursery art;0
mermaid nursery aesthetic;0
whimsical mermaid nursery;0
vintage little mermaid nursery;0
elephant nursery aesthetic;0
elephant nursery illustration;0
vintage elephant nursery;0
giraffe cute drawing nursery art;0
stork nursery art;0
vintage stork nursery;0
star nursery aesthetic;0
star nursery illustration;0
vintage star nursery;0
cloud nursery aesthetic;0
cloud nursery print;0
sky nursery art;0
unicorn nursery aesthetic;0
unicorn nursery mural;0
whimsical unicorn nursery;0
sage green nursery aesthetic;0
sage green nursery color palette ideas;0
sage green nursery illustration;0
blue nursery aesthetic;0
blue nursery color palette;0
blue nursery decor inspiration;0
pink nursery aesthetic;0
pink nursery color palettes;0
pink nursery decor inspiration;0
lavender nursery color palette;0
lavender nursery art;0
beige nursery aesthetic;0
beige nursery color palette;0
earth tone nursery color ideas;0
earth tone nursery color palette;0
gingham nursery aesthetic;0
blush pink nursery decor ideas;0
baby nursery wall art printable;0
printable nursery wall art set;0
woodland nursery wall art printable;0
vintage nursery printable;0
free printable woodland nursery prints;0
printable wall art nursery girl;0
printable wall art watercolor;0
nursery wall art printable free prints;0
diy nursery decor boy wall art;0
diy nursery decor girl wall art;0
diy nursery canvas art ideas;0
diy nursery decor woodland;0
diy vintage nursery decor ideas;0
nursery inspiration neutral;0
nursery room inspiration vintage girl;0
nursery room inspiration sage green;0
nursery room inspiration gender neutral;0
nursery room inspiration boho;0
nursery design vintage;0
vintage nursery room design;0
baby room design gender neutral modern;0
baby room design aesthetic;0
baby room design woodland;0
baby room design watercolor;0
nursery room aesthetic neutral;0
nursery room aesthetic girl;0
nursery room aesthetic boy;0
nursery style art;0
vintage style nursery girl;0
nursery aesthetic vintage;0
nursery aesthetic neutral;0
nursery aesthetic boho;0
nursery aesthetic watercolor;0
nursery themes vintage;0
nursery themes woodland;0
nursery themes boho;0
nursery themes watercolor;0
nursery decorations handmade;0
nursery decorations vintage;0
nursery accessories girl;0
nursery accessories boy;0
nursery details aesthetic;0
nursery details vintage;0
nursery styling neutral;0
nursery styling vintage;0
baby room themes neutral boho;0
baby room themes vintage;0
baby room decorations handmade;0
baby room aesthetic vintage;0
baby room aesthetic neutral;0
nursery artwork gender neutral;0
nursery artwork vintage;0
nursery artwork watercolor;0
nursery posters aesthetic;0
nursery posters vintage;0
nursery paintings watercolor;0
nursery paintings vintage;0
nursery pictures vintage;0
nursery wall art watercolor;0
nursery wall art vintage;0
woodland nursery wall decor ideas;0
baby boy nursery ideas neutral;0
baby boy nursery ideas vintage;0
boho nursery decor inspiration;0
vintage baby girl nursery aesthetic;0
safari nursery decor ideas;0
teddy bear nursery aesthetic;0
gender neutral nursery aesthetic;0
safari nursery aesthetic;0
forest nursery aesthetic;0
ocean nursery aesthetic;0
floral nursery aesthetic;0
botanical nursery art;0
mushroom nursery art;0
animal nursery aesthetic;0
garden nursery aesthetic;0
bear nursery aesthetic;0
deer nursery wall art;0
fox nursery aesthetic;0
bunny nursery aesthetic;0
goose nursery aesthetic;0
duck nursery aesthetic;0
shark nursery art;0
mermaid nursery aesthetic;0
elephant nursery aesthetic;0
giraffe nursery art;0
star nursery aesthetic;0
cloud nursery aesthetic;0
sky nursery art;0
unicorn nursery aesthetic;0
sage green nursery aesthetic;0
blue nursery aesthetic;0
pink nursery aesthetic;0
lavender nursery art;0
beige nursery aesthetic;0
earth tone nursery aesthetic;0
gingham nursery aesthetic;0
blush pink nursery decor;0
printable baby nursery wall art;0
vintage nursery printable;0
diy nursery decor woodland;0
nursery inspiration vintage;0
nursery design vintage;0
baby room design neutral;0
nursery room aesthetic vintage;0
nursery style vintage;0
nursery aesthetic vintage;0
nursery themes vintage;0
nursery decorations vintage;0
nursery details vintage;0
nursery styling vintage;0
baby room themes vintage;0
baby room aesthetic vintage;0
nursery artwork vintage;0
nursery posters vintage;0
nursery paintings vintage;0
nursery pictures vintage;0
nursery wall art vintage;0
woodland nursery wall decor;0
baby boy nursery vintage;0
boho nursery decor vintage;0
vintage baby girl nursery;0
safari nursery decor vintage;0
teddy bear nursery vintage;0
gender neutral nursery vintage;0
safari nursery vintage;0
forest nursery vintage;0
ocean nursery vintage;0
floral nursery vintage;0
botanical nursery vintage;0
mushroom nursery vintage;0
animal nursery vintage;0
garden nursery vintage;0
bear nursery vintage;0
deer nursery vintage;0
fox nursery vintage;0
bunny nursery vintage;0
goose nursery vintage;0
duck nursery vintage;0
shark nursery vintage;0
mermaid nursery vintage;0
elephant nursery vintage;0
giraffe nursery vintage;0
star nursery vintage;0
cloud nursery vintage;0
sky nursery vintage;0
unicorn nursery vintage;0
sage green nursery vintage;0
blue nursery vintage;0
pink nursery vintage;0
lavender nursery vintage;0
beige nursery vintage;0
earth tone nursery vintage;0
gingham nursery vintage;0
blush pink nursery vintage;0