holiday itinerary planner;880
christmas planner;720
christmas planners;720
xmas shopping list;590
christmas washi tape;590
christmas printable stickers;480
xmas gift list template;390
christmas budget planner;320
santa christmas list printable;320
christmas bucket list ideas;320
holiday planner stickers;260
holiday stickers for planner;260
planner holiday stickers;260
recipe cards for christmas;260
xmas gift wish list;260
christmas gift tracker;260
christmas recipe cards;260
winter bucket list ideas;210
christmas gift list tracker;170
holiday planner;170
christmas party planner;170
christmas gifts list printable;140
washi tape christmas cards;140
xmas food shopping list;140
christmas wedding planner movie;140
christmas planner free printables;110
christmas planner printables free;110
christmas planner free printable;110
christmas planner printable free;110
xmas gift list ideas;110
nightmare before christmas planner;90
planner sticker kit;90
planner sticker kits;90
printable christmas shopping list;90
christmas meal planner;70
christmas planner printables;70
happy planner christmas;70
xmas planner;70
christmas recipe cards printable;70
christmas recipe cards template;70
free printable christmas stickers;70
printable recipe cards christmas;70
xmas dinner shopping list;70
christmas movie bucket list;70
christmas gift planner;70
christmas planner printable;70
winter planner;70
xmas dinner planner;70
christmas planner ideas;50
christmas planner stickers;50
holiday planner template;50
christmas gift tracker printable;50
christmas gift tracker spreadsheet;50
holiday meal planner;50
holiday planner templates;50
christmas bucket list printable;50
printable christmas movie list;50
secret santa planner;50
holiday budget planner;50
winter washi tape;50
christmas planner 2026;40
christmas gift tracker template;40
blank christmas list printable;40
planner advent calendar;40
christmas planner book;30
christmas vacation planner;30
winter meal planner;30
holiday planners;30
holiday grocery list;30
holiday grocery shopping list;30
monthly planner sticker kits;30
vintage christmas recipe cards;30
christmas savings tracker;30
christmas gift planner printable;20
christmas gift planner template;20
christmas holiday planner;20
christmas planner list;20
christmas planner template;20
christmas weekly planner printable;20
winter planner stickers;20
christmas gift tracker free;20
free printable holiday planner;20
holiday planner printables;20
holiday planner printables free;20
holiday travel planner;20
holiday trip planner;20
christmas washi tape crafts;20
cute christmas stickers printable;20
holiday gift tracker;20
my christmas list printable;20
christmas bucket list template;20
winter bucket list printable;20
december daily prompts;20
christmas activity planner;10
christmas bullet planner;10
christmas eve planner;10
christmas gift budget planner;10
christmas gift planner excel;10
christmas movie planner;10
christmas organization planner;10
christmas party event planner;10
christmas planner binder;10
christmas planner calendar;10
christmas planner cover;10
christmas planner digital;10
christmas planner diy;10
christmas planner excel;10
christmas planner free;10
christmas planner google sheets;10
christmas planner inserts;10
christmas planner notebook;10
christmas planner notion;10
christmas planner pages;10
christmas planner pdf;10
christmas planner setup;10
christmas planner spread;10
christmas planner spreadsheet;10
christmas planner stickers free;10
christmas planner template free;10
christmas shopping planner;10
christmas tree planner;10
free christmas planner 2026;10
happy planner winter;10
merry christmas planner;10
ultimate christmas planner;10
6 week holiday planner;10
christmas day meal planner;10
christmas digital planner stickers;10
christmas gift budget tracker;10
christmas gift tracker excel;10
christmas gift tracker notion;10
christmas goodnotes stickers free;10
christmas meal planner template;10
disney holiday planner;10
easter holiday planner;10
free christmas planner stickers;10
goodnotes christmas planner;10
goodnotes christmas stickers free;10
goodnotes holiday stickers free;10
google sheets holiday planner;10
holiday activity planner;10
holiday baking planner;10
holiday budget planner template;10
holiday day planner;10
holiday dinner planner;10
holiday event planner;10
holiday gift planner;10
holiday planner 2026;10
holiday planner book;10
holiday planner excel;10
holiday planner free;10
holiday planner journal;10
holiday planner notion;10
holiday planner spreadsheet;10
japan holiday planner;10
planner christmas stickers;10
printable christmas gift tracker;10
summer holiday planner template;10
work holiday planner;10
yearly holiday planner;10
blank christmas recipe cards;10
christmas baking list printable;10
christmas baking planner;10
christmas budget planner template;10
christmas cookie planner;10
christmas label stickers printable;10
christmas list ideas printable;10
christmas party planner template;10
christmas present budget planner;10
christmas printable stickers free;10
christmas recipe cards free;10
christmas themed recipe cards;10
christmas washi tape ideas;10
christmas washi tape png;10
christmas washi tape stickers;10
december daily planner;10
elf christmas list printable;10
free christmas savings tracker;10
holiday cooking schedule;10
holiday expense tracker;10
holiday menu planner;10
kawaii christmas stickers printable;10
printable christmas gift stickers;10
printable stickers for christmas;10
washi tape christmas decorations;10
washi tape christmas ornaments;10
winter bucket list activities;10
winter bucket list aesthetic;10
chicago christmas bucket list;10
christmas bucket list adults;10
christmas bucket list aesthetic;10
christmas bucket list australia;10
christmas bucket list banner;10
christmas bucket list blank;10
christmas bucket list couples;10
christmas bucket list family;10
christmas bucket list london;10
christmas bucket list nyc;10
christmas bucket list pdf;10
christmas eve bucket list;10
christmas holiday bucket list;10
hallmark christmas bucket list;10
london christmas bucket list;10
minnesota winter bucket list;10
my christmas bucket list;10
my winter bucket list;10
toronto bucket list winter;10
ultimate winter bucket list;10
winter bucket list blank;10
winter bucket list couples;10
winter bucket list template;10
winter bucket list uk;10
christmas bucket list uk;10
christmas countdown planner;10
christmas digital planner;10
christmas vacation bucket list;10
countdown to christmas planner;10
december daily writing prompts;10
elf on shelf planner;10
goodnotes christmas stickers;10
holiday planner pdf;10
ultimate christmas bucket list;10
winter digital stickers;10
christmas list printables;2
christmas list printable;2
christmas wedding planner;1
xmas gift lists;1
christmas list printable free;1
christmas wish list printable;1
free printable christmas list;1
winter bucket list;1
winter bucket lists;1
christmas bucket list;1
christmas bucket lists;1
xmas gift list;1
christmas planner sections;0
winter planner stickers free;0
digital planner holiday stickers;0
free holiday planner stickers;0
holiday digital planner stickers;0
holiday planner ideas;0
holiday wardrobe planner;0
school holiday planner template;0
us holiday planner stickers;0
winter bucket list deutsch;0
christmas planner doodles;0
happy planner christmas dashboard;0
christmas weekly planners;0
christmas planner bujo;0
planner sticker christmas;0
christmas travel planner;0
christmas planner stickers digital;0
christmas planner gift;0
christmas planner aesthetic;0
christmas planner art;0
weekly planner aesthetic christmas;0
christmas activities planner;0
christmas event planner aesthetic;0
christmas planner bullet journal;0
christmas planner bundle;0
christmas planner background;0
bullet planner ideas christmas;0
christmas planner cover page;0
christmas planner checklist;0
christmas planner cover printable;0
christmas planner cover design;0
christmas planner cover ideas;0
christmas planner clipart;0
christmas planner colors;0
christmas planner decor;0
christmas planner drawings;0
christmas planner design;0
christmas planner dashboard;0
christmas planner decoration;0
christmas planner digital free;0
christmas planner drawing ideas;0
christmas eve day planner;0
event planner christmas post;0
event planner merry christmas;0
christmas exam planner;0
event planner christmas;0
christmas planner for kids;0
christmas planner front cover;0
free christmas meal planner;0
christmas planner gift list;0
christmas planner goodnotes;0
grinch christmas planner;0
christmas hosting planner;0
christmas homework planner;0
christmas happy planner layout;0
christmas planner ideas diy;0
christmas planner ideas drawing;0
christmas planner inspiration;0
christmas planner icon;0
christmas planner ideas free;0
christmas planner ipad;0
christmas planner journal;0
christmas planner junk journal;0
christmas in july planner;0
christmas planner layout;0
christmas planner layout ideas;0
happy planner christmas layouts;0
monthly planner christmas;0
minimal christmas planner;0
muji planner christmas;0
monthly planner template christmas;0
christmas weekly meal planner;0
diy christmas planner notebook;0
composition notebook christmas planner;0
christmas outfit planner;0
christmas planner page ideas;0
christmas planner pink;0
christmas recipe planner;0
christmas planner spread ideas;0
christmas planner sheets;0
christmas planner stickers printable;0
christmas planner theme;0
daily planner christmas theme;0
the ultimate christmas planner;0
vintage christmas planner;0
christmas planner week;0
christmas planner wallpaper;0
christmas weekly planner pink;0
christmas themed weekly planner;0
weekly christmas planner;0
christmas wishlist planner;0
xmas planner christmas planning;0
2026 christmas planner;0
winter planner ideas;0
winter planner layout;0
winter planner aesthetic;0
winter planner cover;0
winter planner doodles;0
winter planner pages;0
winter planner dashboard;0
winter planners;0
winter planner template;0
winter planner spread;0
daily planner winter arc;0
winter outfit planner;0
winter holiday planner;0
cute winter planner;0
weekly planner template winter;0
winter planner decor;0
monthly outfit planner winter;0
winter vacation planner;0
happy planner winter spreads;0
winter theme daily planner;0
winter arc planner template;0
winter arc challenge planner;0
planner winter arc;0
weekly planner aesthetic winter;0
monthly budget planner winter;0
winter break planner;0
cozy winter planner;0
winter planner design;0
winter planner decoration;0
digital planner stickers winter;0
winter daily planner;0
winter daily planner template;0
winter digital planner;0
daily planner winter pink;0
event planner outfit winter;0
planner for winter;0
winter happy planner layout;0
homework planner winter;0
winter happy planner spread;0
winter planner layout ideas;0
weekly planner ideas winter;0
winter monthly planner;0
monthly planner template winter;0
monthly planner winter theme;0
month planner winter;0
weekly meal planner winter;0
winter travel outfit planner;0
weekly planner outfits winter;0
weekly winter outfit planner;0
winter wedding planner outfit;0
winter planner stickers printable;0
winter study planner;0
winter semester planner;0
winter planner themes;0
weekly planner winter theme;0
planner winter theme;0
winter themed weekly planner;0
weekly planner winter vibes;0
winter vibes planner;0
winter planner theme;0
holiday planner aesthetic;0
holiday planner for kids;0
holiday outfits planner;0
planner holiday ideas;0
cute holiday planner;0
holiday activities planner;0
holiday planner bullet journal;0
bujo holiday planner;0
budget planner holiday;0
budget planner for holiday;0
holiday planner cover;0
holiday planner checklist;0
holiday planner design;0
holiday planner diy;0
holiday planner digital;0
holiday planner doodles;0
daily planner for holiday;0
daily holiday planner;0
daily routine planner holiday;0
holiday planner goodnotes;0
holiday planner icons;0
summer holiday planner ideas;0
bullet journal holiday planner;0
holiday planner kids;0
summer holiday planner kids;0
planner holiday list;0
happy planner holiday layout;0
monthly planner holiday;0
holiday planner notes;0
notion holiday planner template;0
outfit planner holiday;0
outfit planner for holiday;0
one week holiday planner;0
summer holiday outfit planner;0
holiday outfit planner template;0
holiday planner page;0
holiday planner poster;0
holiday routine planner;0
holiday planner stickers free;0
holiday planner summer;0
holiday planner sheet;0
holiday planner study;0
holiday planner spread;0
summer holiday study planner;0
holiday planner ui;0
holiday planner worksheet;0
1 week holiday planner;0
holiday weekly planner;0
xmas planner free printables;0
xmas planner ideas;0
xmas gift planner;0
xmas weekly planner;0
planner xmas;0
xmas daily planner;0
christmas goodnotes cover;0
christmas goodnotes stickers;0
christmas goodnotes template;0
christmas goodnotes colors;0
christmas goodnotes icon;0
christmas goodnotes hex codes;0
christmas goodnotes app icon;0
goodnotes christmas;0
christmas list template goodnotes;0
goodnotes christmas list;0
goodnotes christmas template;0
free goodnotes stickers christmas;0
goodnotes christmas app icon;0
goodnotes coloring pages christmas;0
christmas sticker goodnotes free;0
goodnotes cover aesthetic christmas;0
christmas stickers aesthetic goodnotes;0
christmas app icons goodnotes;0
goodnotes book cover christmas;0
digital stickers goodnotes christmas;0
goodnotes template free christmas;0
stickers for goodnotes christmas;0
ipad stickers goodnotes christmas;0
christmas journal cover goodnotes;0
christmas wish list goodnotes;0
christmas gift list goodnotes;0
christmas notebook cover goodnotes;0
christmas paper goodnotes;0
goodnotes color palette christmas;0
goodnotes sticker christmas;0
christmas tape goodnotes;0
christmas wishlist template goodnotes;0
christmas wishlist goodnotes;0
winter goodnotes cover;0
winter goodnotes stickers;0
winter goodnotes stickers free;0
winter goodnotes icon;0
winter app icon goodnotes;0
goodnotes notebook cover winter;0
winter sticker goodnotes;0
goodnotes notizbuch cover winter;0
hex codes goodnotes winter;0
ipad stickers goodnotes winter;0
goodnotes color palette winter;0
goodnotes cover winter;0
winter goodnotes;0
goodnotes winter stickers;0
goodnotes umschlag winter;0
goodnotes cover aesthetic winter;0
goodnotes winter arc;0
notebook covers goodnotes winter;0
farben goodnotes winter;0
holiday goodnotes stickers;0
goodnotes cover holiday;0
holiday sticker goodnotes;0
holiday goodnotes;0
christmas digital planner ideas;0
christmas digital planner cover;0
digital planner christmas;0
winter digital planner stickers;0
christmas stickers for planner;0
merry christmas planner stickers;0
pink christmas planner stickers;0
winter digital stickers aesthetic;0
free digital stickers winter;0
digital winter stickers;0
digital journal stickers winter;0
cute winter digital stickers;0
digital scrapbook stickers winter;0
december digital planner ideas;0
december 2026 digital planner;0
digital planner stickers december;0
december digital planner layout;0
december digital planner cover;0
december digital planner;0
digital planner december;0
christmas daily planner printable;0
christmas list planner printable;0
christmas gift tracker bujo;0
gift tracker christmas;0
meal planner christmas;0
christmas list printable aesthetic;0
christmas list printable kids;0
christmas list printable cute;0
christmas list printable pink;0
christmas list printable boy;0
christmas list printable preppy;0
adult christmas list printable;0
christmas list budget printable;0
christmas dinner list printable;0
girly christmas list printable;0
christmas idea list printable;0
christmas movies list printable;0
christmas list 2026 printable;0
december daily planner template;0
december 2026 daily planner;0
december daily happy planner;0
daily planner for december;0
daily planner december;0
christmas printable stickers aesthetic;0
christmas printable stickers cute;0
christmas stickers printable face;0
jesus christmas stickers printable;0
christmas stickers printable simple;0
christmas stickers printable pastel;0
christmas stickers printable circle;0
christmas stickers sheet printable;0
christmas scrapbook stickers printable;0
bookish stickers printable christmas;0
christmas stickers printable a4;0
anime christmas stickers printable;0
christmas stickers printable blue;0
bts christmas stickers printable;0
christmas balls stickers printable;0
christmas stickers printable bell;0
christmas stickers printable big;0
christmas decoration stickers printable;0
christmas decor printable stickers;0
printable christmas decorations stickers;0
christmas dog stickers printable;0
christmas design printable stickers;0
christmas stickers printable disney;0
stickers printable christmas elf;0
funny christmas stickers printable;0
christmas stickers printable gifts;0
christmas stickers printable gingerbread;0
christmas stickers printable gold;0
christmas stickers printable grinch;0
christmas stickers printable green;0
christmas stickers printable hd;0
christmas stickers ideas printable;0
christmas stickers printable journal;0
kindle stickers printable christmas;0
christmas stickers printable kids;0
christmas stickers printable letter;0
christmas stickers printable love;0
christmas lights stickers printable;0
christmas stickers printable name;0
christmas nail stickers printable;0
christmas stickers printable round;0
red christmas stickers printable;0
printable christmas tags stickers;0
christmas theme printable stickers;0
printable stickers christmas tree;0
christmas stickers printable tag;0
christmas themed stickers printable;0
printable vintage christmas stickers;0
christmas wall stickers printable;0
christmas window stickers printable;0
white christmas stickers printable;0
christmas stickers printable 1;0
christmas stickers printable 2026;0
winter stickers planner;0
christmas washi tape cards;0
christmas washi tape printable;0
christmas washi tapes;0
christmas washi tape digital;0
christmas washi tape scrapbook;0
digital washi tape christmas;0
washi tape card christmas;0
washi tape christmas art;0
christmas washi tape pink;0
christmas washi tape design;0
washi tape christmas diy;0
washi tape christmas decor;0
washi tape christmas envelope;0
washi tape christmas gifts;0
washi tape ornament christmas;0
washi tape christmas presents;0
winter washi tape printable;0
winter washi tape png;0
winter washi tapes;0
washi tape winter;0
digital washi tape winter;0
washi tape png winter;0
weekly planner sticker kit;0
digital planner sticker kit;0
christmas gift planner free;0
christmas gift planner notion;0
planner gift ideas christmas;0
holiday gift card tracker;0
gift list xmas;0
xmas gift exchange list;0
xmas gift idea list;0
xmas list gift ideas;0
bujo xmas gift list;0
budget planner for christmas;0
calm christmas budget planner;0
budget planner christmas;0
planner gift wrapping ideas;0
planner gift wrapping;0
christmas savings trackers;0
savings tracker christmas;0
christmas tree savings tracker;0
christmas baking planner free;0
grocery list for holiday;0
holiday baking grocery list;0
meal planner winter;0
christmas cards recipe;0
diy christmas recipe cards;0
planner for christmas party;0
classroom christmas party planner;0
winter bucket list australian;0
winter bucket list journal;0
winter bucket list 2026;0
therian winter bucket list;0
teenage winter bucket list;0
bucket list vorlage winter;0
winter bucket list free;0
winter bucket list december;0
montreal bucket list winter;0
winter bucket list adults;0
winter bucket list aussie;0
winter bucket list arabic;0
winter bucket list bujo;0
christmas bucket list deutsch;0
europe winter bucket list;0
utah winter bucket list;0
winter bucket list family;0
winter bucket list boyfriend;0
winter bucket list bingo;0
winter bucket list bf;0
winter bucket list board;0
winter bucket list banner;0
winter bucket list basteln;0
winter bucket list baby;0
winter bucket list cute;0
winter bucket list craft;0
winter bucket list california;0
winter bucket list chalkboard;0
winter bucket list calendar;0
winter bucket list collage;0
winter bucket list christmas;0
winter bucket list coloring;0
winter bucket list coquette;0
christmas/winter bucket list;0
winter bucket list diy;0
winter bucket list drawing;0
winter bucket list design;0
winter bucket list draw;0
winter bucket list dates;0
winter date bucket list;0
winter dog bucket list;0
winter bucket list empty;0
winter bucket list english;0
winter bucket list easy;0
winter bucket list español;0
winter bucket list friends;0
winter bucket list francais;0
winter bucket list german;0
winter girl bucket list;0
germany bucket list winter;0
girls winter bucket list;0
winter bucket list handwritten;0
winter bucket list handmade;0
winter bucket list homemade;0
winter bucket list home;0
bucket list herbst winter;0
winter holidays bucket list;0
holiday bucket list winter;0
winter bucket list january;0
winter bucket list journaling;0
july winter bucket list;0
winter bucket list kids;0
kid winter bucket list;0
winter bucket list layout;0
winter bucket list lesson;0
winter bucket list movies;0
winter bucket list muslim;0
winter bucket list malen;0
monthly bucket list winter;0
movie bucket list winter;0
michigan bucket list winter;0
winter bucket list nz;0
winter bucket list nederlands;0
winter bucket list notebook;0
winter bucket list notes;0
winter nyc bucket list;0
winter bucket list outdoor;0
winter bucket list outside;0
winter bucket list poster;0
winter bucket list paper;0
winter bucket list pictures;0
winter bucket list pink;0
winter bucket list photos;0
winter bucket list polish;0
realistic winter bucket list;0
winter bucket list scrapbook;0
winter bucket list solo;0
winter bucket list ski;0
summer/winter bucket list;0
seasonal bucket list winter;0
winter bucket list toddler;0
winter bucket list teenagers;0
winter bucket list teens;0
winter bucket list türkçe;0
winter bucket list travel;0
winter bucket list überschrift;0
winter bucket list vorlage;0
vienna bucket list winter;0
winter vacation bucket list;0
winter bucket list written;0
winter bucket list worksheet;0
winter bucket list wallpaper;0
winter bucket list watercolor;0
winter bucket list zeichnen;0
2026 bucket list winter;0
winter 25 bucket list;0
christmas bucket list poster;0
christmas bucket list journal;0
december bucket list christmas;0
christmas bucket list homemade;0
christmas bucket list poland;0
christmas bucket list door;0
summer christmas bucket list;0
christmas bucket list activities;0
christmas bucket list alone;0
christmas bucket list art;0
aussie christmas bucket list;0
christmas bucket list bingo;0
christmas bucket list bujo;0
christmas bucket list baby;0
christmas bucket list board;0
christmas bucket list bff;0
christmas bucket list boyfriend;0
christmas bucket list calendar;0
christmas bucket list craft;0
christmas bucket list christian;0
christmas bucket list chalkboard;0
christmas bucket list cute;0
christmas bucket list college;0
christmas bucket list canva;0
christmas bucket list creative;0
christmas bucket list checklist;0
christmas bucket list diy;0
christmas bucket list drawing;0
christmas bucket list design;0
christmas bucket list decor;0
christmas bucket list dates;0
christmas bucket list doodle;0
christmas bucket list display;0
christmas bucket list december;0
christmas bucket list español;0
christmas bucket list empty;0
christmas bucket list easy;0
elf christmas bucket list;0
christmas bucket list friends;0
christmas bucket list gifts;0
christmas bucket list graphic;0
christmas gift bucket list;0
giant christmas bucket list;0
girly christmas bucket list;0
christmas bucket list handwritten;0
christmas bucket list handmade;0
hygge christmas bucket list;0
christmas homeschool bucket list;0
christmas bucket list italiano;0
christmas bucket list illustration;0
christmas bucket list journaling;0
christmas bucket list kids;0
kid christmas bucket list;0
christmas bucket list layout;0
christmas bucket list movies;0
christmas bucket list malen;0
christmas market bucket list;0
christmas magic bucket list;0
christmas bucket list notebook;0
christmas bucket list notes;0
nostalgic christmas bucket list;0
november christmas bucket list;0
christmas bucket list outside;0
christmas bucket list paper;0
christmas bucket list pictures;0
christmas bucket list photos;0
christmas bucket list polaroid;0
christmas bucket list painted;0
christmas relationship bucket list;0
christmas bucket list sign;0
christmas bucket list summer;0
christmas bucket list scrapbook;0
christmas bucket list solo;0
christmas bucket list scroll;0
christmas bucket list schrift;0
christmas sleepover bucket list;0
simple christmas bucket list;0
christmas bucket list toddler;0
christmas bucket list teens;0
christmas bucket list teenagers;0
christmas bucket list title;0
christmas bucket list things;0
christmas bucket list unique;0
christmas bucket list vorlage;0
christmas bucket list video;0
vintage christmas bucket list;0
vienna christmas bucket list;0
christmas bucket list written;0
christmas bucket list 2026;0
25 christmas bucket list;0
90s christmas bucket list;0
december daily prompts 2026;0
daily drawing prompts december;0
daily journal prompts december;0
december daily photo prompts;0
advent calendar planner;0
christmas goodnotes;0
xmas goodnotes;0
holiday digital planner;0
xmas digital planner;0
holiday planner dashboard;0
christmas ipad planner;0
goodnotes winter planner;0
winter planner printable;0
christmas prep printable;0
xmas planner printables;0
christmas planner dividers;0
xmas planner decor;0
holiday budget printable;0
gift wrapping planner;0
thanksgiving christmas planner;0
christmas itinerary printable;0