watercolor on parchment paper;20
watercolor parchment paper;20
watercolor printable pages;20
digital watercolor paper texture;10
pastel digital paper;10
watercolor digital paper;10
watercolor floral digital paper;10
watercolor floral scrapbook paper;10
watercolor journal pages;10
watercolor digital papers;0
watercolor junk journal;0
pastel junk journal;0
gouache ephemera;0
watercolor ephemera;0
vintage watercolor junk journal;0
pastel scrapbooking;0
watercolor scrapbooking paper;0
gouache digital paper;0
hand painted junk journal;0
watercolor kdp interior;0
pastel kdp background;0
soft watercolor ephemera;0
watercolor vintage printables;0
gouache journal printables;0
watercolor diary pages;0
pastel vintage scrapbooking;0
watercolor botanical ephemera;0
gouache floral printables;0
watercolor scrapbook elements;0
pastel journal stickers;0
watercolor seamless digital paper;0
hand painted ephemera;0
aesthetic watercolor journal;0
watercolor memory book;0
pastel planner paper;0
watercolor junk journal kit;0
pastel fussy cuts png;0
watercolor journal pockets;0
hand painted journal tags;0
watercolor journal cards;0
gouache printable tickets;0
pastel journal envelopes;0
watercolor belly band printable;0
watercolor journal labels;0
pastel vintage tags;0
hand painted ephemera pack;0
watercolor journaling spots;0
gouache fussy cut flowers;0
watercolor digital paper pack;0
pastel scrapbook kit printable;0
shabby chic watercolor paper;0
gouache seamless background;0
pastel printable paper pack;0
watercolor torn paper graphics;0
hand painted digital paper;0
watercolor background junk journal;0
pastel grunge digital paper;0
vintage watercolor textures;0
watercolor kdp cover design;0
watercolor notebook cover printable;0
gouache kdp interior;0
watercolor lined paper printable;0
pastel planner inserts;0
watercolor notebook background;0
hand painted kdp assets;0
watercolor composition book cover;0
pastel log book interior;0
watercolor diary cover png;0
watercolor botanical junk journal;0
pastel fairycore ephemera;0
watercolor cottagecore printables;0
vintage floral junk journal;0
watercolor butterfly ephemera;0
pastel celestial journal pages;0
watercolor mushroom scrapbook;0
gouache apothecary labels;0
watercolor woodland journal;0
pastel romantic scrapbooking;0
watercolor digital planner pages;0
watercolor bullet journal printables;0
hand painted planner dashboards;0
watercolor digital stickers png;0
gouache planner graphics;0
pastel habit tracker printable;0
watercolor mood board template;0
watercolor junk journal ideas;0
watercolor junk journal pages;0
watercolor junk journal stickers;0
junk journal watercolor;0
junk journal with watercolor;0
junk journal watercolor swatches;0
watercolor art junk journal;0
junk journal stickers watercolor;0
pastel junk journal ideas;0
pastel junk journal stickers;0
pastel junk journal cutecore;0
pastel pink junk journal;0
pastel goth junk journal;0
junk journal pastel;0
pastel purple junk journal;0
diy watercolor ephemera;0
ephemera watercolor;0
pastel scrapbooking ideas;0
pastel scrapbooking aesthetic;0
digital scrapbooking pastel;0
scrapbooking letters pastel;0
pastel pink scrapbooking;0
scrapbooking pastel yellow;0
pastel aesthetic scrapbooking;0
pastel blue scrapbooking;0
scrapbooking pastel green;0
watercolor paper digital;0
pastel digital papers;0
digital paper pastel;0
digital scrapbook paper pastel;0
pastel color digital paper;0
pastel goth digital paper;0
watercolor journal pages backgrounds;0
art journal pages watercolor;0
journal pages watercolor;0
scrapbook elements watercolor;0
pastel journal stickers printable;0
journal stickers pastel purple;0
pastel yellow journal stickers;0
pastel green journal stickers;0
journal stickers pastel aesthetic;0
bullet journal stickers pastel;0
pastel blue journal stickers;0
journal stickers pastel colours;0
pastel colour journal stickers;0
pastel stickers for journal;0
pastel orange journal stickers;0
pastel red journal stickers;0
aesthetic watercolor painting journal;0
watercolor aesthetic journal;0
journaling aesthetic watercolor;0
aesthetic journal ideas watercolor;0
memory book watercolor;0
parchment paper watercolor;0