hand painted stationery;880
free printable watercolor coloring pages;170
printable watercolor coloring pages;110
printable watercolor pages;110
watercolor book cover;90
watercolor book covers;90
scrapbook paper watercolor;70
watercolor art journaling;70
watercolor scrapbook paper;70
watercolor bible journaling;50
pastel book cover;40
pastel book covers;40
watercolor nature journaling;40
free printable watercolor pages;20
watercolor on parchment paper;20
watercolor parchment paper;20
watercolor printable pages;20
watercolor card making;20
digital watercolor paper texture;10
pastel digital paper;10
watercolor digital paper;10
watercolor floral digital paper;10
watercolor floral scrapbook paper;10
watercolor journal pages;10
hand painted cushion cover design;10
hand painted stickers;10
pastel bullet journal;10
watercolor book cover design;10
watercolor bujo;10
watercolor planner stickers;10
hand painted nail stickers;10
oil pastel greeting cards;10
pastel bullet journal ideas;10
pastel bullet journal theme;10
pastel greeting cards;10
watercolor journaling;1
printable watercolor coloring pages for kids;0
watercolor digital papers;0
watercolor junk journal;0
pastel junk journal;0
gouache ephemera;0
watercolor ephemera;0
vintage watercolor junk journal;0
pastel scrapbooking;0
watercolor scrapbooking paper;0
gouache digital paper;0
hand painted junk journal;0
watercolor kdp interior;0
pastel kdp background;0
soft watercolor ephemera;0
watercolor vintage printables;0
gouache journal printables;0
watercolor diary pages;0
pastel vintage scrapbooking;0
watercolor botanical ephemera;0
gouache floral printables;0
watercolor scrapbook elements;0
pastel journal stickers;0
watercolor seamless digital paper;0
hand painted ephemera;0
aesthetic watercolor journal;0
watercolor memory book;0
pastel planner paper;0
watercolor junk journal kit;0
pastel fussy cuts png;0
watercolor journal pockets;0
hand painted journal tags;0
watercolor journal cards;0
gouache printable tickets;0
pastel journal envelopes;0
watercolor belly band printable;0
watercolor journal labels;0
pastel vintage tags;0
hand painted ephemera pack;0
watercolor journaling spots;0
gouache fussy cut flowers;0
watercolor digital paper pack;0
pastel scrapbook kit printable;0
shabby chic watercolor paper;0
gouache seamless background;0
pastel printable paper pack;0
watercolor torn paper graphics;0
hand painted digital paper;0
watercolor background junk journal;0
pastel grunge digital paper;0
vintage watercolor textures;0
watercolor kdp cover design;0
pastel low content book interior;0
watercolor notebook cover printable;0
gouache kdp interior;0
watercolor lined paper printable;0
pastel planner inserts;0
watercolor notebook background;0
hand painted kdp assets;0
watercolor composition book cover;0
pastel log book interior;0
watercolor diary cover png;0
watercolor botanical junk journal;0
pastel fairycore ephemera;0
watercolor cottagecore printables;0
vintage floral junk journal;0
watercolor butterfly ephemera;0
pastel celestial journal pages;0
watercolor mushroom scrapbook;0
gouache apothecary labels;0
watercolor woodland journal;0
pastel romantic scrapbooking;0
watercolor digital planner pages;0
pastel goodnotes template;0
watercolor bullet journal printables;0
hand painted planner dashboards;0
watercolor digital stickers png;0
gouache planner graphics;0
pastel habit tracker printable;0
watercolor mood board template;0
watercolor junk journal ideas;0
watercolor junk journal pages;0
watercolor junk journal stickers;0
junk journal watercolor;0
junk journal with watercolor;0
junk journal watercolor swatches;0
watercolor art junk journal;0
junk journal stickers watercolor;0
pastel junk journal ideas;0
pastel junk journal stickers;0
pastel junk journal cutecore;0
pastel pink junk journal;0
pastel goth junk journal;0
junk journal oil pastel;0
junk journal pastel;0
pastel purple junk journal;0
diy watercolor ephemera;0
ephemera watercolor;0
ephemeral watercolor;0
pastel scrapbooking ideas;0
pastel scrapbooking aesthetic;0
digital scrapbooking pastel;0
papier scrapbooking pastel;0
scrapbooking bleu pastel;0
fond scrapbooking pastel;0
scrapbooking letters pastel;0
pastel pink scrapbooking;0
scrapbooking jaune pastel;0
fond scrapbooking vert pastel;0
scrapbooking vert pastel;0
scrapbooking pastel yellow;0
pastel aesthetic scrapbooking;0
scrapbooking à imprimer pastel;0
pastel blue scrapbooking;0
scrapbooking pastel green;0
scrapbooking idée pastel;0
lettre scrapbooking pastel;0
scrapbooking rose pastel;0
watercolor paper digital;0
watercolor paper texture for digital art;0
watercolor christmas digital paper;0
pastel digital papers;0
free digital scrapbook papers pastel;0
digital paper pastel;0
pastel christmas digital paper;0
digital scrapbook paper pastel;0
pastel color digital paper;0
pastel goth digital paper;0
watercolor journal pages backgrounds;0
art journal pages watercolor;0
journal pages watercolor;0
watercolor art ideas sketchbooks journal pages;0
watercolor pages free printable kids;0
watercolor coloring pages free printable fall;0
watercolor coloring pages free printable kids;0
watercolor pages free printable aesthetic;0
watercolor coloring pages free printable simple;0
scrapbook elements watercolor;0
pastel journal stickers printable;0
journal stickers free printable aesthetic pastel;0
journal stickers free printable aesthetic pastel colours;0
journal stickers pastel purple;0
journal printables stickers aesthetic purple pastel;0
journal printables stickers aesthetic yellow pastel;0
journal printables stickers aesthetic blue pastel;0
pastel yellow journal stickers;0
aesthetic printable journal stickers pastel;0
pastel green journal stickers;0
pastel purple journal aesthetic stickers;0
journal stickers pastel aesthetic;0
aesthetic printable journal stickers pastel pink;0
journal stickers free printable aesthetic pastel blue;0
journal stickers free printable aesthetic pastel brown;0
journal stickers free printable aesthetic pastel orange;0
bullet journal stickers pastel;0
pastel blue journal stickers;0
bullet journal stickers aesthetic pastel;0
journal stickers aesthetic vintage brown pastel;0
pastel blue stickers for journal;0
journal stickers pastel colours;0
pastel colour journal stickers;0
aesthetic stickers printable for journal pastel;0
journal stickers free printable pastel;0
journal stickers free printable aesthetic pastel pink;0
journal stickers free printable aesthetic pastel yellow;0
pastel stickers for journal;0
aesthetic stickers for journal pastel;0
pastel printable stickers for journal;0
journal printables stickers aesthetic green pastel;0
journal stickers free printable aesthetic pastel green;0
journal stickers aesthetic vintage green pastel;0
journal printables stickers aesthetic orange pastel;0
pastel orange journal stickers;0
pastel red journal stickers;0
journal stickers free printable aesthetic pastel rainbow;0
journal printables stickers aesthetic red pastel;0
journal stickers free printable aesthetic pastel red;0
aesthetic watercolor painting journal;0
watercolor aesthetic journal;0
journaling aesthetic watercolor;0
aesthetic journal ideas watercolor;0
memory book watercolor;0
parchment paper watercolor;0
goodnotes cover template free pastel;0
goodnotes templates pastel;0
pastel book cover ideas;0
watercolor journaling ideas;0
watercolor sketching and journaling;0
watercolor scrapbooking;0
gouache scrapbooking;0
pastel scrapbook elements;0
painted scrapbooking;0
hand painted scrapbook;0
watercolor scrapbook florals;0
pastel scrapbooking png;0
watercolor vintage scrapbook;0
painted scrapbook pages;0
scrapbook watercolor animals;0
gouache junk journal;0
painted journal pages;0
pastel journal ephemera;0
vintage watercolor journal;0
botanical journal watercolor;0
watercolor journal tags;0
painted diary pages;0
watercolor kdp;0
gouache book cover;0
pastel kdp cover;0
painted planner pages;0
watercolor low content;0
hand painted cover design;0
watercolor recipe journal;0
gouache notebook cover;0
gouache planner stickers;0
pastel digital stickers;0
watercolor goodnotes;0
painted planner icons;0
watercolor planner graphics;0
gouache digital planner;0
watercolor planner printables;0
gouache invitation elements;0
pastel greeting card;0
watercolor wedding printables;0
painted card elements;0
watercolor envelope design;0
gouache card making;0
watercolor stationery design;0
pastel invitation clipart;0
scrapbooking watercolor;0
scrapbooking with watercolor;0
scrapbooking and watercolor;0
diy watercolor scrapbook paper;0
pastel scrapbook elements png;0
pastel elements scrapbook;0
scrapbook elements pastel blue;0
scrapbook elements yellow pastel;0
pastel pink scrapbook elements;0
pastel green scrapbook elements;0
pastel purple scrapbook elements;0
pastel elements for scrapbook;0
hand painted scrapbook cover;0
hand painted scrapbook pages;0
vintage watercolor scrapbook;0
painted art journal pages;0
hand painted journal pages;0
watercolor journaling page zentangle;0
watercolor journaling easy;0
watercolor doodles journaling sketch books;0
watercolor diary art journaling;0
watercolor flower journaling;0
watercolor art for journaling;0
journaling stickers watercolor;0
art impressions watercolor bible journaling;0
easy watercolor journaling;0
bible journaling watercolor ideas;0
watercolor simple ideas art journaling;0
watercolor sketchbook ideas art journaling;0
journaling and watercolor;0
bible art journaling watercolor;0
bible journaling ideas drawings watercolor pencils;0
watercolor bible journaling easy;0
watercolor doodles journaling;0
watercolor labels for journaling;0
watercolor for journaling;0
watercolor painting journaling;0
travel journaling watercolor;0
botanical watercolor journal;0
watercolor book cover ideas;0
watercolor book cover illustration;0
watercolor book cover art;0
watercolor book cover aesthetic;0
watercolor book cover page;0
watercolor book cover background;0
watercolor book cover kids;0
abstract watercolor book cover;0
watercolor sketch book cover;0
children's book cover watercolor;0
recipe book covers watercolor;0
romance book cover watercolor;0
kids book cover watercolor;0
watercolor drawing book cover;0
watercolor paintings book cover;0
watercolor childrens book cover;0
book covers in watercolor;0
watercolor art for book cover;0
recipe book cover watercolor;0
book cover watercolor painting;0
diy watercolor book cover;0
watercolor painting for book cover;0
watercolor flower book cover;0
watercolor fantasy book cover;0
sketch book cover ideas watercolor;0
children book cover illustration watercolor;0
watercolor landscape book cover;0
watercolor style book cover;0
children’s book cover watercolor;0
watercolor splash book cover;0
gouache book covers;0
book cover design with gouache;0
gouache painting book cover;0
book cover gouache;0
takiya cover design hand painted;0
hand painted phone cover design;0
hand painted bed cover design;0
hand painted book cover design;0
hand painted mobile cover design;0
cushion cover designs hand painted;0
hand painted pillow cover designs;0
pastel book cover graphic design;0
pastel book cover design;0
pastel book cover aesthetic;0
pastel book cover printable;0
pastel book cover template;0
pastel book cover background;0
pastel book cover illustration;0
pastel book cover art;0
pastel book cover page;0
pastel pink book cover;0
pastel school book covers;0
composition book cover pastel;0
oil pastel book cover design;0
pastel kids book cover;0
pastel gradient book cover;0
pastel colour book cover;0
cute pastel book cover;0
note book cover pastel;0
pastel blue aesthetic book cover;0
pastel yellow book cover;0
oil pastel book cover art;0
pastel pink aesthetic book cover;0
aesthetic book cover template pink pastel;0
pastel background book cover;0
pastel drawing book cover;0
book cover design pastel color;0
book cover design ideas pastel;0
pastel color for book cover;0
pastel background for book cover;0
pastel color palette for book cover;0
green pastel book cover;0
pastel goth book cover;0
book cover ideas wattpad pastel;0
sketch book cover ideas pastel;0
book of mormon painted cover pastel;0
minimalist pastel book cover;0
oil pastel book cover;0
pastel orange book cover;0
oil pastel sketch book cover;0
pastel rainbow book cover;0
pastel romance book cover;0
pastel red book cover;0
soft pastel book cover;0
pastel shot book cover;0
pastel story book cover;0
pastel theme book cover;0
pastel wattpad book cover;0
digital planner stickers watercolor;0
free digital planner stickers pastel;0
digital planner stickers pastel;0
digital stickers pastel;0
goodnotes notebook cover watercolor;0
goodnotes cover watercolor;0
goodnotes stickers watercolor;0
hand-painted stickers;0
hand painted stickers nails;0
hand painted flower stickers;0
hand painted journal stickers;0
hand painted wall stickers;0
stickers hand painted;0
cute hand painted stickers;0
watercolor bujo ideas;0
watercolor bujo spread;0
watercolor bujo theme;0
bujo cover watercolor;0
bujori watercolor;0
bujo watercolor theme;0
bujo watercolor ideas;0
pastel bullet journal aesthetic;0
pastel bullet journal spread;0
pastel bullet journal weekly spread;0
pastel bullet journal layout;0
pastel bullet journal cover;0
cute pastel bullet journal;0
bullet journal color pastel;0
pastel blue bullet journal;0
bullet journal pastel colors;0
pastel themed bullet journal;0
bullet journal ideas pastel;0
pastel boya bullet journal;0
december bullet journal pastel;0
oil pastel art bullet journal;0
pastel colour bullet journal;0
bullet journal ideas pastel colors;0
february bullet journal pastel;0
pastel goth bullet journal;0
pastel green bullet journal;0
oil pastel bullet journal;0
pastel rainbow bullet journal theme;0
pastel pink bullet journal theme;0
watercolor card making inspiration;0
watercolor card making ideas;0
card making watercolor;0
valentines day card making ideas watercolor;0
watercolor background tutorial card making;0
card making ideas for beginners watercolor techniques;0
pastel greeting card design;0
greeting card pastel;0
greeting card ideas oil pastel;0
greeting card oil pastel;0
pastel colour greeting card;0
pastel blue greeting card;0
soft pastel greeting card;0
greeting card with oil pastel;0
wedding stationery hand painted;0
envelope watercolor design;0
watercolor design for envelope;0