january bullet journal;480
christmas die cuts;320
december bullet journal;260
january bullet journal ideas;260
christmas memory books;260
christmas memory book;260
christmas tree die cuts;210
christmas junk journals;170
christmas scrapbook layouts;170
scrapbook layouts for christmas;170
december bullet journal ideas;140
christmas card die cuts;140
vintage christmas die cuts;140
washi tape holiday;140
washi tape holiday cards;140
christmas junk journal;140
holiday washi tape;140
january bullet journal theme;110
a christmas memory book;110
xmas bullet journal;90
christmas junk journal ideas;90
christmas card memory book;90
christmas bullet journal;90
december daily 2026;70
merry christmas die cuts;70
christmas papercrafts;70
vintage christmas ephemera;70
winter weather tracker;50
christmas ornament die cuts;50
christmas planner stickers;50
december mood tracker;50
january bujo;50
christmas bullet journal ideas;40
january bullet journal spread;40
winter sticker sheets;40
december bujo;40
winter sticker sheet;40
january bullet journal pages;30
december daily ideas;30
christmas metal die cuts;30
christmas digital stickers;30
december bujo ideas;20
january bujo cover page;20
january bujo ideas;20
december bullet journal cover;20
december bullet journal spread;20
december bullet journal theme;20
winter bullet journal ideas;20
january bullet journal calendar;20
january bullet journal cover;20
december daily ali edwards;20
december daily calendar;20
december daily kit;20
december daily prompts;20
family christmas memory book;20
scrapbook winter layouts;20
winter scrapbook layouts;20
christmas mood tracker;20
free printable christmas ephemera;20
winter bullet journal;20
winter junk journal;20
winter scrapbook pages;20
bujo christmas list;10
bujo december;10
christmas bujo spread;10
december bujo cover page;10
december bujo spread;10
december bujo theme;10
holiday bujo;10
winter bujo ideas;10
bullet journal christmas ornaments;10
bullet journal christmas spreads;10
christmas bullet journal cover;10
christmas bullet journal doodles;10
christmas bullet journal pages;10
christmas bullet journal printables;10
christmas bullet journal spreads;10
christmas bullet journal stickers;10
christmas bullet journal template;10
christmas bullet journal theme;10
christmas gift bullet journal;10
christmas spread bullet journal;10
january bujo calendar;10
january bujo cover;10
january bujo setup;10
january bujo spread;10
merry christmas bullet journal;10
aesthetic bullet journal december;10
bullet journal december layout;10
december bullet journal calendar;10
december bullet journal doodles;10
december bullet journal easy;10
december bullet journal layout;10
december bullet journal pages;10
december bullet journal printable;10
december bullet journal quotes;10
december bullet journal simple;10
holiday bullet journal ideas;10
winter bullet journal doodles;10
aesthetic january bullet journal;10
christmas junk journal ephemera;10
christmas mood tracker ideas;10
christmas mood tracker printable;10
december mood tracker ideas;10
december mood tracker printable;10
hello january bullet journal;10
january bullet journal 2026;10
january bullet journal doodles;10
january bullet journal font;10
january bullet journal layout;10
january bullet journal minimalist;10
january bullet journal printable;10
january bullet journal quotes;10
january bullet journal setup;10
january bullet journal template;10
mood tracker december;10
mood tracker for december;10
christmas junk journal pages;10
december daily affirmations;10
december daily bible verses;10
december daily challenge;10
december daily digital;10
december daily drawing challenge;10
december daily flip through;10
december daily foundation pages;10
december daily free printables;10
december daily gratitude;10
december daily journal;10
december daily journal prompts;10
december daily junk journal;10
december daily numbers;10
december daily pages;10
december daily planner;10
december daily printables;10
december daily quotes;10
december daily reason why;10
december daily scrapbook;10
december daily scrapbooking;10
vintage christmas ephemera free;10
christmas digital stickers free;10
christmas memory book ideas;10
christmas photo journal;10
christmas planner stickers free;10
christmas smash book;10
christmas tree scrapbook layouts;10
december daily writing prompts;10
digital christmas stickers;10
first christmas scrapbook layouts;10
free christmas planner stickers;10
free digital christmas stickers;10
goodnotes holiday stickers free;10
planner christmas stickers;10
winter photo album names;10
christmas journal cards;10
december sleep tracker;10
digital december daily;10
diy christmas journal;10
holiday bullet journal;10
winter journal cover;10
winter photo album;10
december daily;1
holiday bujo ideas;0
bujo january 2026;0
christmas bullet journal layout;0
christmas bullet journal titles;0
january bujo theme ideas;0
january goals bujo;0
holiday bullet journal spreads;0
holiday planning bullet journal;0
summer holiday bullet journal;0
christmas bujo ideas;0
christmas bujo theme;0
christmas bujo doodles;0
christmas bujo cover;0
christmas bujo weekly spread;0
christmas bujo mood tracker;0
christmas bujo page ideas;0
christmas bujo spread ideas;0
christmas bujo wishlist;0
christmas bujo page;0
christmas bujo monthly spread;0
december bujo christmas countdown;0
christmas planner bujo;0
christmas quotes bujo;0
pink christmas bujo;0
christmas bujo cover page;0
bujo christmas pages;0
december bujo christmas lights;0
christmas advent calendar bujo;0
christmas bujo borders;0
christmas bujo bucket list;0
christmas bujo calendar;0
christmas bujo countdown;0
christmas bujo drawing;0
christmas bujo december;0
christmas dutch door bujo;0
bujo christmas doodle;0
december bujo theme christmas;0
december bujo christmas tree;0
christmas bujo font;0
christmas bujo gift list;0
bujo christmas gifts;0
bujo christmas gift tracker;0
christmas gifts bujo spread;0
christmas gift bujo;0
christmas bujo habit tracker;0
merry christmas bujo ideas;0
bujo inspiration christmas;0
christmas bujo lettering;0
christmas light bujo;0
bujo christmas bucket list;0
bujo christmas gift list;0
bujo christmas wish list;0
christmas presents list bujo;0
christmas shopping list bujo;0
christmas movie list bujo;0
christmas list bujo spread;0
christmas movie bujo;0
bujo merry christmas;0
bujo christmas movies;0
christmas market bujo;0
nightmare before christmas bujo;0
christmas ornament bujo;0
christmas bujo planner;0
christmas planning bujo;0
christmas presents bujo;0
christmas playlist bujo;0
christmas plaid bujo;0
christmas bujo quotes;0
bujo christmas quote;0
christmas bujo stickers;0
snoopy christmas bujo;0
simple christmas bujo;0
christmas spreads bujo;0
christmas shopping bujo;0
christmas bujo tracker;0
bujo christmas theme cover;0
countdown to christmas bujo;0
bujo christmas tree;0
bujo christmas theme weekly;0
christmas village bujo;0
vintage christmas bujo;0
christmas bujo weekly;0
bujo christmas week;0
christmas wreath bujo;0
winter bujo theme;0
winter bujo cover;0
winter bujo spread;0
winter bujo doodles;0
winter bujo cover page;0
winter bujo borders;0
winter bujo calendar;0
winter bujo weekly spread;0
winter bujo pages;0
winter bujo habit tracker;0
winter bujo stickers;0
cozy winter bujo theme;0
bujo monthly spread winter;0
bujo weekly spread winter;0
bujo winter habit tracker;0
winter solstice bujo;0
winter wonderland bujo;0
bujo tracker winter;0
bujo winter arc;0
bujo winter;0
winter aesthetic bujo;0
bujo monthly cover winter;0
cozy winter bujo;0
january bujo cover winter;0
bujo winter theme doodles;0
winter doodle bujo;0
bujo theme ideas winter;0
january bujo theme winter;0
january winter bujo;0
winter bucket list bujo;0
winter bujo mood tracker;0
bujo winter cover page;0
bujo winter quotes;0
winter bujo theme ideas;0
bujo mood tracker winter;0
winter themed bujo;0
bujo themes winter;0
winter bujo weekly;0
holiday bujo spread;0
holiday planning bujo;0
bujo holiday page;0
bujo holiday planner;0
bujo summer holiday theme;0
bujo holiday summer;0
bujo holiday bucket list;0
bujo holiday list;0
bujo holiday;0
xmas bujo ideas;0
xmas bujo weekly spread;0
xmas bujo theme;0
xmas calendar bujo;0
bujo xmas;0
bujo xmas gift list;0
xmas bujo;0
bujo xmas theme;0
december bujo cover;0
december bujo weekly spread;0
december bujo calendar;0
december bujo mood tracker;0
december bujo monthly spread;0
december bujo theme ideas;0
bujo december page ideas;0
bujo cover december;0
december playlist bujo;0
bujo december minimalist;0
bujo december simple;0
december bujo spread ideas;0
bujo theme december;0
bujo december cover page;0
bujo december sleep tracker;0
december bujo quotes;0
december bujo aesthetic;0
bujo december cover aesthetic;0
aesthetic bujo ideas december;0
december bujo blue;0
december bujo calendar page;0
december bujo cover ideas;0
december bujo doodles;0
december bujo easy;0
december bujo font;0
december bujo front page;0
december bujo gingerbread;0
december bujo grinch;0
december bujo goals;0
december gratitude bujo;0
december bujo habit tracker;0
december bujo header;0
hello december bujo;0
december bujo journal;0
bujo journal ideas december;0
december bujo layout;0
december bujo lettering;0
bujo december monthly log;0
december bucket list bujo;0
december bujo mood;0
december bujo minimalist;0
december bujo month;0
december bujo minimal;0
bujo december monthly;0
bujo december monthly calendar;0
december bujo theme minimalist;0
december bujo page;0
december bujo page ideas;0
december bujo pink;0
december bujo playlist;0
december bujo printable;0
bujo pages ideas december;0
december bujo title page;0
december bujo quote;0
bujo december quotes;0
december bujo recap;0
december bujo sleep tracker;0
december bujo simple;0
december bujo setup;0
december bujo stickers;0
december bujo snow;0
december monthly bujo spread;0
december bujo theme simple;0
december bujo title;0
december bujo tracker;0
bujo mood tracker december;0
bujo inspiration themes december;0
december bujo set up;0
december bujo weekly;0
december bujo weather tracker;0
bujo december week;0
bujo december wishlist;0
december bujo 2026;0
january bujo theme;0
january bujo cover ideas;0
january bujo mood tracker;0
january bujo page;0
january bujo weekly spread;0
january bujo cover simple;0
january 2026 bujo;0
january bujo sleep tracker;0
bujo calendar january;0
bujo january monthly;0
bujo ideas inspiration january;0
january bujo week;0
january bujo flip through;0
january mood bujo;0
bujo mood tracker january;0
bujo monthly spread january;0
january bujo aesthetic;0
january bujo art;0
bujo inspiration aesthetic january;0
aesthetic bujo ideas january;0
january bujo cover aesthetic;0
january bujo spread aesthetic;0
january bujo book theme;0
january bujo calendar page;0
january calendar bujo spread;0
bujo monthly cover january;0
2026 bujo cover january;0
january bujo doodles;0
january bujo disco;0
january doodle bujo;0
bujo january cover easy;0
bujo january theme easy;0
easy january bujo;0
january bujo fireworks;0
january bujo font;0
january bujo front page;0
january bujo theme fireworks;0
bujo ideas for january;0
bujo gratitude log january;0
goodbye january bujo;0
january bujo habit tracker;0
january bujo header;0
hello january bujo;0
january habits bujo;0
january bujo inspiration;0
bujo january spread ideas;0
bujo theme ideas january;0
january bujo page ideas;0
bujo pages ideas january;0
january bujo journal;0
january bujo layout;0
january bucket list bujo;0
bujo monthly log january;0
january bujo monthly spread;0
january bujo minimalist;0
january bujo monthly;0
january bujo mood;0
bujo months january;0
january month bujo;0
january bujo new year;0
january bujo printable;0
january bujo penguin;0
january bujo pink;0
january bujo prompts;0
january playlist bujo;0
january front page bujo;0
january bujo quotes;0
january bujo quote page;0
bujo january quote;0
january bujo review;0
january bujo recap;0
january bujo spread ideas;0
january bujo stickers;0
january bujo simple;0
january bujo snow;0
january bujo ski;0
january bujo snowflake;0
january bujo star;0
january bujo theme simple;0
january bujo theme 2026;0
january bujo theme calendar;0
january bujo title page;0
january bujo tracker;0
january bujo title;0
january bujo set up;0
january bujo weekly;0
january week bujo;0
bujo january theme weekly;0
january bujo 2026;0
january 2026 calendar bujo;0
january 2026 bujo theme;0
2026 january calendar bujo;0
bujo ideas january 2026;0
january 26 bujo;0
january 2026 bujo ideas;0
christmas bullet journal borders;0
christmas bullet journal calendar;0
christmas headings bullet journal;0
christmas page bullet journal;0
christmas bullet journal spread;0
bullet journal christmas playlist;0
christmas bullet journal art;0
christmas organization bullet journal;0
christmas bullet journal aesthetic;0
christmas advent bullet journal;0
christmas activities bullet journal;0
christmas bullet journal countdown;0
christmas bullet journal collage;0
christmas bullet journal drawings;0
christmas bullet journal digital;0
christmas bullet journal design;0
christmas bullet journal december;0
christmas bullet journal daily;0
christmas bullet journal dividers;0
christmas disney bullet journal;0
christmas bullet journal easy;0
christmas eve bullet journal;0
bullet journal christmas edition;0
christmas bullet journal fireplace;0
christmas bullet journal fonts;0
christmas bullet journal frames;0
christmas font bullet journal;0
christmas film bullet journal;0
christmas bullet journal grinch;0
christmas bullet journal gingerbread;0
christmas gratitude bullet journal;0
christmas bullet journal header;0
christmas houses bullet journal;0
christmas haul bullet journal;0
bullet journal christmas house;0
bullet journal christmas headers;0
christmas bullet journal list;0
christmas bullet journal lights;0
christmas lettering bullet journal;0
christmas bullet journal mood;0
christmas bullet journal movies;0
christmas bullet journal month;0
christmas bullet journal nutcracker;0
bullet journal november christmas;0
christmas bullet journal ornament;0
christmas bullet journal playlist;0
christmas bullet journal planner;0
christmas bullet journal presents;0
christmas bullet journal quotes;0
christmas quote bullet journal;0
bullet journal christmas recipes;0
red christmas bullet journal;0
christmas bullet journal scrapbook;0
christmas bullet journal simple;0
christmas bullet journal santa;0
christmas songs bullet journal;0
christmas bullet journal tracker;0
christmas themes bullet journal;0
christmas traditions bullet journal;0
vintage christmas bullet journal;0
christmas vacation bullet journal;0
bullet journal christmas village;0
christmas bullet journal weekly;0
christmas bullet journal wreath;0
christmas week bullet journal;0
christmas window bullet journal;0
wishlist bullet journal christmas;0
christmas bullet journal 2026;0
winter bullet journal cover;0
winter bullet journal theme;0
winter bullet journal spread;0
winter bullet journal drawings;0
winter bullet journal art;0
february winter bullet journal;0
winter wonderland bullet journal;0
winter break bullet journal;0
winter bullet journaling;0
winter gratitude bullet journal;0
bullet journal july winter;0
winter bullet journal aesthetic;0
august bullet journal winter;0
winter arc bullet journal;0
winter bullet journal border;0
winter bullet journal blue;0
winter bullet journal calendar;0
winter bullet journal collage;0
bullet journal cozy winter;0
winter checklist bullet journal;0
winter bullet journal dividers;0
december bullet journal winter;0
winter drawing bullet journal;0
winter deckblatt bullet journal;0
bullet journal doodle winter;0
bullet journal winter divider;0
bullet journal februar winter;0
bullet journal frames winter;0
fall winter bullet journal;0
winter forest bullet journal;0
bullet journal for winter;0
bullet journal winter flowers;0
winter frame bullet journal;0
bullet journal winter goals;0
winter holiday bullet journal;0
winter headings bullet journal;0
winter highlights bullet journal;0
winter hat bullet journal;0
winter headers bullet journal;0
hello winter bullet journal;0
winter icons bullet journal;0
bullet journal winter ideen;0
winter bullet journal january;0
winter bullet journal layout;0
bullet journal monthly winter;0
bullet journal mood winter;0
winter bullet journal november;0
winter olympics bullet journal;0
winter bullet journal pages;0
winter bullet journal printable;0
bullet journal plaatjes winter;0
winter page bullet journal;0
winter playlist bullet journal;0
winter bullet journal quotes;0
winter quote bullet journal;0
winter bullet journal stickers;0
winter soldier bullet journal;0
bullet journal winter sticker;0
winter season bullet journal;0
winter bullet journal tracker;0
winter vacation bullet journal;0
winter village bullet journal;0
winter bullet journal weekly;0
holiday bullet journal page;0
holiday bullet journal doodles;0
holiday bullet journal cover;0
holiday tracker bullet journal;0
bullet journal holiday planner;0
bullet journal holiday list;0
holiday symbols bullet journal;0
bullet journal holiday theme;0
holiday page bullet journal;0
holiday countdown bullet journal;0
bullet journal holiday calendar;0
holiday checklist bullet journal;0
holiday plan bullet journal;0
bullet journal holiday recap;0
holiday spread bullet journal;0
tet holiday bullet journal;0
xmas bullet journal ideas;0
bullet journal xmas countdown;0
xmas list bullet journal;0
xmas wishlist bullet journal;0
xmas doodles bullet journal;0
december bullet journal weekly;0
december bullet journal aesthetic;0
december bullet journal art;0
december bullet journal amandarachlee;0
december bullet journal blue;0
december bullet journal borders;0
december bullet journal birthday;0
december bullet journal bows;0
december bullet journal baking;0
december bullet journal bingo;0
december bullet journal budget;0
december bullet journal christmas;0
december bullet journal digital;0
december bullet journal drawing;0
december bullet journal dividers;0
december bullet journal daily;0
december bullet journal deckblatt;0
december bullet journal designs;0
december bullet journal disney;0
december bullet journal entry;0
december bullet journal font;0
december bullet journal fireplace;0
bullet journal december facile;0
december fonts bullet journal;0
december bullet journal gingerbread;0
december bullet journal grinch;0
december bullet journal goals;0
december bullet journal gnomes;0
december bullet journal gratitude;0
december bullet journal green;0
december bullet journal gifts;0
december bullet journal goodnotes;0
december bullet journal header;0
december bullet journal habits;0
december bullet journal highlights;0
december bullet journal heading;0
december bullet journal holly;0
december bullet journal ipad;0
december bullet journal jesus;0
kawaii december bullet journal;0
bullet journal december kalender;0
december bullet journal lettering;0
december bullet journal lights;0
december bullet journal letter;0
december bullet journal list;0
december bullet journal monthly;0
december bullet journal mood;0
december bullet journal minimalist;0
december bullet journal minimal;0
december bullet journal movies;0
december bullet journal mistletoe;0
december bullet journal muslim;0
december bullet journal nutcracker;0
december bullet journal nativity;0
bullet journal december notes;0
bullet journal november december;0
december bullet journal ornaments;0
december bullet journal online;0
bullet journal of december;0
december ornament bullet journal;0
december overview bullet journal;0
december bullet journal pink;0
december bullet journal playlist;0
december bullet journal presents;0
december bullet journal prompts;0
december bullet journal planner;0
december bullet journal purple;0
december bullet journal penguin;0
december quote bullet journal;0
december bullet journal reindeer;0
december bullet journal red;0
december bullet journal reading;0
december bullet journal recap;0
december review bullet journal;0
december reflection bullet journal;0
december bullet journal snowflakes;0
december bullet journal stickers;0
december bullet journal snowman;0
december bullet journal sleep;0
december bullet journal scrapbook;0
december bullet journal snow;0
december bullet journal tracker;0
december bullet journal title;0
december bullet journal template;0
december bullet journal trees;0
december bullet journal vintage;0
december bullet journal wishlist;0
december bullet journal watercolor;0
december bullet journal wreath;0
december bullet journal weather;0
december bullet journal 2026;0
bullet journal 2026 december;0
bullet journal 31 december;0
christmas junk journal kits;0
december daily story ideas;0
christmas ornament memory book;0
january bullet journal recap;0
planner bullet journal january;0
january bullet journal aesthetic;0
january bullet journal art;0
january bullet journal affirmations;0
january bullet journal amandarachlee;0
january bullet journal australia;0
january bullet journal april;0
january bullet journal activities;0
january bullet journal astrology;0
january bullet journal boarders;0
january bullet journal blue;0
january bullet journal birthday;0
january bullet journal bows;0
january bullet journal bingo;0
january bullet journal digital;0
january bullet journal deckblatt;0
january bullet journal drawing;0
january bullet journal disco;0
january bullet journal design;0
january bullet journal easy;0
january bullet journal entry;0
january bullet journal flowers;0
january bullet journal february;0
january bullet journal floral;0
january bullet journal forest;0
january bullet journal goals;0
january bullet journal green;0
january bullet journal gothic;0
january bullet journal gratitude;0
january bullet journal goodnotes;0
january bullet journal gym;0
january bullet journal heading;0
january bullet journal header;0
january bullet journal habits;0
january bullet journal highlights;0
january bullet journal houses;0
january bullet journal january;0
january bullet journal kawaii;0
january bullet journal kalender;0
january bullet journal lettering;0
january bullet journal letters;0
january bullet journal month;0
january bullet journal mood;0
january bullet journal minimal;0
january bullet journal nature;0
january bullet journal notes;0
january bullet journal orange;0
january bullet journal online;0
january bullet journal olaf;0
january bullet journal ocean;0
january bullet journal pink;0
january bullet journal portada;0
january bullet journal planner;0
january bullet journal prompts;0
january bullet journal penguin;0
january bullet journal playlist;0
january bullet journal questions;0
quote january bullet journal;0
january bullet journal review;0
january bullet journal red;0
january bullet journal reflection;0
january bullet journal resolutions;0
january bullet journal reading;0
january bullet journal ribbon;0
january bullet journal retro;0
january bullet journal stickers;0
january bullet journal simple;0
january bullet journal snowflake;0
january bullet journal snow;0
january bullet journal skiing;0
january bullet journal snowman;0
january bullet journal tracker;0
january bullet journal title;0
january bullet journal vintage;0
january bullet journal video;0
january bullet journal weekly;0
january bullet journal watercolor;0
january bullet journal wallpaper;0
january bullet journal winter;0
january bullet journal wishlist;0
january bullet journal writing;0
january bullet journal y2k;0
bullet journal january yellow;0
january 1 bullet journal;0
january 1st bullet journal;0
bullet journal 1 january;0
2026 january bullet journal;0
bujo december cover minimalist;0
bujo december monthly cover;0
christmas bujo spreads;0
bujo christmas spread;0
christmas theme bujo;0
christmas lights bujo theme;0
christmas bujo themes;0
christmas tree bujo theme;0
bujo winter theme ideas;0
christmas mood trackers;0
christmas mood tracker journal;0
christmas mood tracker template;0
christmas theme mood tracker;0
christmas journal mood tracker;0
christmas light mood tracker;0
mood tracker christmas lights;0
christmas ornament mood tracker;0
winter habit tracker printable;0
winter habit tracker ideas;0
habit tracker winter arc;0
habit tracker winter theme;0
habit tracker winter;0
winter themed habit tracker;0
december mood tracker journal;0
december mood trackers;0
december mood tracker template;0
december mood tracker bujo;0
december mood tracker tree;0
cute december mood tracker;0
journal mood tracker december;0
december planner mood tracker;0
aesthetic mood tracker december;0
mood tracker december printable;0
december journaling mood tracker;0
mood tracker of december;0
planer december mood tracker;0
december 2026 mood tracker;0
christmas list bujo;0
bujo christmas card list;0
weather tracker winter;0
december sleep tracker bujo;0
sleep tracker december;0
december journal sleep tracker;0
sleep tracker for december;0
bujo christmas countdown;0
christmas countdown bujo;0
christmas junk journal paper;0
christmas junk journal stickers;0
christmas junk journal spread;0
christmas junk journal tags;0
christmas paper junk journal;0
junk journal christmas pockets;0
junk journal christmas page;0
junk journaling christmas;0
christmas junk journal graphics;0
christmas junk journal printables;0
christmas junk journal supplies;0
junk journal for christmas;0
christmas tree junk journal;0
christmas junk journal aesthetic;0
christmas junk journal background;0
christmas bingo junk journal;0
christmas book junk journal;0
beige christmas junk journal;0
christmas baking junk journal;0
blue christmas junk journal;0
christmas junk journal covers;0
christmas junk journal charms;0
christmas junk journal clusters;0
christmas junk journal card;0
christmas junk journal dangles;0
diy christmas junk journal;0
christmas digital junk journal;0
christmas daily junk journal;0
christmas door junk journal;0
christmas junk journal embellishments;0
christmas junk journal elements;0
junk journal christmas envelope;0
christmas junk journal folio;0
christmas junk journal freebies;0
christmas junk journal gifts;0
gothic christmas junk journal;0
christmas gift junk journal;0
grungy christmas junk journal;0
christmas haul junk journal;0
christmas junk journal layouts;0
christmas list junk journal;0
christmas lights junk journal;0
junk journal christmas market;0
christmas movie junk journal;0
merry christmas junk journal;0
mini christmas junk journal;0
junk journal christmas ornaments;0
christmas junk journal pockets;0
christmas junk journal printable;0
christmas junk journal prompts;0
christmas recipes junk journal;0
retro christmas junk journal;0
junk journal christmas sticker;0
junk journal spreads christmas;0
christmas junk journal tutorials;0
junk journal christmas theme;0
junk journal christmas trees;0
christmas themed junk journal;0
christmas junk journal videos;0
victorian christmas junk journal;0
christmas vintage junk journal;0
christmas junk journal words;0
junk journal christmas wishlist;0
winter junk journal ideas;0
winter junk journal stickers;0
winter junk journal pages;0
winter junk journal spread;0
winter junk journal ephemera;0
winter junk journaling;0
winter junk journal printables;0
winter junk journal prompts;0
winter junk journals;0
winter junk journal covers;0
junk journal printables winter;0
junk journal ideas winter;0
winter journal junk;0
junk journaling winter;0
blue winter junk journal;0
vintage winter junk journal;0
winter aesthetic junk journal;0
winter junk journal background;0
winter junk journal challenge;0
cozy winter junk journal;0
junk journal graphics winter;0
junk journal winter page;0
winter solstice junk journal;0
winter themed junk journal;0
junk journal winter theme;0
holiday junk journal ideas;0
holiday junk journal spread;0
holiday junk journal page;0
holiday junk journaling;0
junk journal holiday card;0
summer holiday junk journal;0
junk journal holiday;0
junk journal stickers holiday;0
beach holiday junk journal;0
junk journal ideas holiday;0
holiday spread junk journal;0
holiday junk journal;0
christmas vintage ephemera;0
free vintage christmas ephemera;0
christmas journal printables free;0
journal printables stickers christmas;0
christmas printables journal;0
christmas journal printables;0
christmas scrapbook gift tags;0
christmas tags scrapbook;0
scrapbook paper christmas tags;0
december junk journal prompts;0
december journal junk;0
december junk journal cover;0
junk journal ideas december;0
december recap junk journal;0
december junk journal spread;0
junk journal for december;0
junk journal stickers december;0
december junk journal page;0
xmas junk journal ideas;0
xmas junk journal pages;0
junk journal xmas;0
junk journal stickers xmas;0
december daily ideas inspiration;0
december daily scripture;0
daily scripture for december;0
december christian daily greetings;0
december daily journaling;0
december daily music;0
december daily set up;0
december daily prompts 2026;0
december daily album cover;0
december daily activities;0
december daily album ideas;0
december daily aquarelle;0
december daily advent;0
daily affirmations for december;0
december daily bible reading;0
december daily blessings;0
december daily bucket list;0
december daily books;0
december daily cover page;0
december daily cover;0
december daily cover ideas;0
december daily calendar 2026;0
december daily christmas tree;0
december daily classeur;0
december daily christmas movies;0
december daily calendar page;0
december daily checklist;0
december daily cricut;0
december daily devotional;0
december daily diy;0
december daily drawing;0
december daily day 1;0
december daily doodles;0
december daily first page;0
december daily front page;0
december daily gratitude challenge;0
december daily greetings;0
spanish daily greetings december;0
december daily snow globe;0
daily greetings for december;0
amy gretchen december daily;0
december daily happy planner;0
december daily inspiration;0
december daily ideas 2026;0
december daily intro page;0
december daily interactive pages;0
december daily ideas tags;0
december daily interactive posts;0
december daily page ideas;0
december daily journal ideas;0
december daily junk;0
december daily journal cards;0
bullet journal december daily;0
december daily layouts;0
december daily layout ideas;0
december daily list;0
december daily page layouts;0
december daily wish list;0
december bucket list daily;0
december daily prompt list;0
december daily scrapbook layouts;0
december daily movies;0
december daily notebook;0
travelers notebook december daily;0
december daily organization;0
december daily opening page;0
daily outfit december;0
december outfits daily;0
december daily printables free;0
december daily planner template;0
december daily photo ideas;0
december daily photo prompts;0
december daily prayer;0
december daily routine;0
december daily reading;0
december daily reminder;0
december daily scripture writing;0
december daily starbucks cup;0
december daily spread;0
december daily sketches;0
december daily shaker;0
december daily self care;0
december daily scrap;0
december daily title page;0
december daily tutorial;0
december daily tags;0
december daily travelers notebook;0
december daily template;0
december daily tracker;0
december daily verse;0
december daily vellum;0
december daily bible verse;0
daily scripture verses december;0
december daily workout challenge;0
december daily wrapping paper;0
daily word december 1;0
reason why december daily;0
daily word for december;0
daily weight tracker december;0
1 december daily prayer;0
december daily prayers 1;0
daily devotional december 1;0
december daily 10x8;0
daily devotional december 12;0
daily devotional december 2;0
daily word december 2;0
daily devotional december 25;0
december 2026 daily planner;0
daily word december 21;0
daily devotional december 3;0
daily word december 3;0
december daily 3x8;0
daily word december 30;0
december daily 4x6;0
daily devotional december 5;0
daily word december 6;0
december daily 6x8;0
daily devotional december 7;0
daily word december 8;0
daily devotional december 8;0
december daily 8x10;0
daily devotional december 9;0
december daily journals;0
daily journal december;0
daily journal prompts december;0
christmas memory book page;0
christmas memory book diy;0
memory book christmas gift;0
memory book christmas;0
december memory journal;0
winter scrapbook layout ideas;0
winter scrapbook layouts snowflakes;0
winter scrapbook layouts simple;0
winter formal scrapbook layouts;0
scrapbook layout winter;0
winter break scrapbook layout;0
winter wedding scrapbook layouts;0
winter snow scrapbook layouts;0
winter fun scrapbook layouts;0
winter scrapbook page layouts;0
winter wonderland scrapbook layout;0
christmas photo journal ideas;0
christmas journal photo;0
daily drawing prompts december;0
free december daily printables;0
christmas digital journal;0
christmas digital journal cover;0
christmas digital journal ideas;0
digital journaling christmas;0
scrapbook journal digital christmas;0
digital journal stickers christmas;0
christmas digital stickers aesthetic;0
christmas digital stickers a4;0
christmas digital stickers png;0
christmas planner stickers digital;0
vintage christmas digital stickers;0
christmas digital scrapbook stickers;0
cute christmas digital stickers;0
digital stickers goodnotes christmas;0
pink christmas digital stickers;0
merry christmas digital stickers;0
holiday goodnotes stickers;0
christmas planner stickers printable;0
christmas stickers for planner;0
merry christmas planner stickers;0
pink christmas planner stickers;0
bujo stickers winter;0
december stickers printable aesthetic;0
december planner printable stickers;0
printable stickers december;0
cute stickers printable december;0
scrapbook stickers printable december;0
journal stickers xmas;0
winter sticker sheet printable;0
winter sticker sheet aesthetic;0
winter aespa sticker sheet;0
sticker sheet winter;0
cute winter sticker sheet;0
printable sticker sheets winter;0
winter themed sticker sheet;0
winter vibes sticker sheet;0
cute sticker sheets winter;0
sticker sheets aesthetic winter;0
cozy winter sticker sheet;0
christmas die cuts cards;0
christmas die cuts action;0
die cuts christmas cards;0
vintage winter scrapbook paper;0
vintage winter scrapbook;0
christmas scrapbook layouts ideas;0
christmas scrapbook layouts canva;0
christmas scrapbook layouts aesthetic;0
christmas scrapbook layouts templates;0
christmas scrapbook layouts digital;0
christmas scrapbook layouts cricut;0
christmas scrapbook layouts instagram;0
christmas scrapbook layouts ig;0
8x8 christmas scrapbook layouts;0
christmas scrapbook double layouts;0
christmas lights scrapbook layouts;0
christmas baking scrapbook layouts;0
blue christmas scrapbook layouts;0
baby christmas scrapbook layouts;0
doodlebug christmas scrapbook layouts;0
christmas dinner scrapbook layouts;0
disney christmas scrapbook layouts;0
christmas dog scrapbook layouts;0
easy christmas scrapbook layouts;0
christmas eve scrapbook layouts;0
christmas family scrapbook layouts;0
gnome christmas scrapbook layouts;0
grinch christmas scrapbook layouts;0
kids christmas scrapbook layouts;0
christmas morning scrapbook layouts;0
merry christmas scrapbook layouts;0
christmas ornaments scrapbook layouts;0
christmas scrapbook pages layouts;0
christmas play scrapbook layouts;0
pink christmas scrapbook layouts;0
christmas presents scrapbook layouts;0
christmas scrapbook layouts santa;0
christmas train scrapbook layouts;0
vintage christmas scrapbook layouts;0
1st christmas scrapbook layouts;0
12x12 scrapbook layouts christmas;0
winter scrapbook pages ideas;0
winter themed scrapbook pages;0
winter wonderland scrapbook pages;0
scrapbook pages winter;0
winter sledding scrapbook pages;0
christmas pocket pages;0
winter photo album cover;0
photo album ideas winter;0
photo album winter;0
photo album scrapbooking winter;0
christmas papercrafts printable;0
christmas papercrafts tutorials;0
papercrafts christmas;0
christmas tree papercrafts;0
christmas diy papercrafts;0
dandys world papercrafts christmas;0
easy christmas papercrafts;0
papercrafts for christmas;0
december memory book;0
christmas folio tutorial;0
winter journal cover page;0
winter journal covers;0
winter journal cover ideas;0
winter journal cover aesthetic;0
winter themed journal cover;0
winter cover bullet journal;0
journal winter cover;0
holiday smash book;0
diy journal books christmas;0
christmas diy journal;0
christmas journals diy;0
christmas journal ideas diy;0
christmas cards journal;0
christmas cards in journal;0
christmas cards junk journal;0
bullet journal christmas cards;0
christmas belly band packaging;0
christmas belly bands;0
belly band christmas;0
belly band christmas cards;0
belly band packaging christmas;0
christmas belly band;0
printable christmas ephemera;0
winter reading journal spread;0
winter tbr reading journal;0
reading journal winter;0
winter reading list journal;0
winter reading journal;0
xmas doodle page;0
christmas bujo;0
winter bujo;0
winter bujo layout;0
bujo christmas theme;0
bujo winter theme;0
winter habit tracker;0
holiday savings bujo;0
winter journal ephemera;0
christmas scrapbook tags;0
junk journal december;0
xmas junk journal;0
victorian christmas journal;0
grunge christmas journal;0
holiday memory keeping;0
winter scrapbook layout;0
digital christmas journal;0
goodnotes winter journal;0
winter journal tablet;0
digital bujo december;0
ipad christmas journal;0
goodnotes holiday stickers;0
christmas journal tabs;0
printable december stickers;0
xmas journal stickers;0
holiday planner clips;0
christmas vellum printables;0
retro christmas bujo;0
coquette winter journal;0
minimalist christmas bujo;0
farmhouse christmas journal;0
pastel winter bujo;0
rustic holiday journal;0
watercolor winter bujo;0
boho christmas journal;0
holiday mini album;0
winter project life;0
christmas journal inserts;0
holiday journal pockets;0
winter tag flip;0
xmas journal envelope;0
december dashboard printable;0
christmas printable ephemera;0
christmas memory log;0
winter favorites bujo;0
holiday recipe journal;0
christmas letter bujo;0
december highlights bujo;0
winter brain dump;0