hand painted t-shirt design;20
hand painted shirt designs;10
pastel color splash png;10
pastel paint splatter png;10
pastel splash png;10
pastel watercolor splash png;10
watercolor brush stroke background;10
watercolor sublimation designs;10
watercolor sublimation;0
pastel sublimation;0
watercolor tumbler wrap;0
pastel tumbler wrap;0
gouache sublimation;0
watercolor mug design;0
pastel mug png;0
watercolor glass can wrap;0
hand painted sublimation;0
watercolor bleached shirt;0
pastel shirt design png;0
watercolor tumbler png;0
watercolor sublimation background;0
floral watercolor sublimation;0
pastel floral tumbler;0
watercolor print and cut;0
gouache tumbler wrap;0
soft watercolor sublimation;0
watercolor splash sublimation;0
watercolor apparel design;0
hand painted tumbler wrap;0
watercolor sublimation bundle;0
pastel sublimation bundle;0
watercolor graphic for shirts;0
boho watercolor sublimation;0
watercolor animals sublimation;0
pastel baby sublimation;0
watercolor wedding sublimation;0
watercolor 20oz tumbler wrap;0
pastel skinny tumbler design;0
watercolor seamless tumbler wrap;0
hand painted 20oz wrap;0
watercolor coffee mug wrap;0
watercolor frosted glass wrap;0
gouache tumbler design png;0
watercolor coaster sublimation;0
pastel car coaster png;0
watercolor mug template;0
watercolor wrap for tumblers;0
pastel seamless wrap png;0
watercolor tote bag design;0
pastel pocket design sublimation;0
watercolor hoodie design png;0
hand painted shirt design;0
watercolor sweater design png;0
pastel sublimation apparel;0
watercolor baby onesie design;0
gouache t-shirt graphic;0
watercolor fabric print design;0
pastel fabric sublimation;0
watercolor brush stroke sublimation;0
watercolor sublimation frame;0
hand painted sublimation background;0
gouache splash png;0
watercolor circle sublimation;0
pastel torn edge sublimation;0
watercolor ripped edge png;0
alcohol ink tumbler wrap;0
pastel alcohol ink sublimation;0
gouache sublimation element;0
watercolor glitter splash png;0
watercolor highland cow sublimation;0
pastel mama sublimation png;0
watercolor coffee sublimation;0
watercolor christmas sublimation;0
pastel fall sublimation;0
watercolor pumpkin sublimation;0
hand painted cross sublimation;0
watercolor wildflower sublimation png;0
pastel western sublimation;0
watercolor beach sublimation png;0
watercolor dog sublimation;0
pastel cat sublimation png;0
watercolor nurse sublimation;0
watercolor teacher sublimation png;0
hand painted floral cross;0
watercolor ornament sublimation;0
pastel keychain sublimation png;0
watercolor car coaster png;0
watercolor bookmark sublimation;0
gouache ornament design;0
pastel bookmark png;0
watercolor keychain wrap;0
sublimation watercolor;0
pastel sublimation designs;0
pastel sublimation shirt;0
pastel sublimation jersey;0
pastel color sublimation;0
pastel goth tumbler wrap;0
mug design watercolor;0
cute watercolor print;0
tote bag design watercolor;0
shirt hand painted design;0
shirt designs hand painted;0
hand painted t-shirt designs;0
hand-painted shirt design;0