bubble font letters;40500;
bubble letter fonts;40500;
font bubble letters;40500;
fonts bubble letters;40500;
bubble font;33100;
bubble fonts;33100;
bubble font graffiti;2400;
bubble fonts graffiti;2400;
bubble font cute;1600;
bubble font alphabet;1300;
bubble font free;1300;
bubble fonts alphabet;1300;
bubble fonts free;1300;
bubble font numbers;880;
bubble fonts numbers;880;
bubble font canva;320;
canva bubble fonts;320;
bubble font in canva;210;
bubble fonts in canva;210;
70s bubble font;170;
bubble font download;170;
bubble font outline;170;
bubble fonts download;170;
bubble font free download;140;
bubble fonts canva;110;
kawaii bubble font;50;
bubble font logo;40;
60s bubble font;30;
bubble fonts letters;30;
retro bubble letter font;30;
bubble font 3d;20;
bubble font with shadow;20;
vintage bubble letter font;20;
bubble font a to z;10;
bubble font aesthetic;10;
bubble font poster;10;
bubble font shadow;10;
bubble fonts a to z;10;
bubble fonts cute;10;
font bubble 3d;10;
font bubble graffiti;10;
spray paint bubble font;10;
bubble font for logo;0;
kawaii bubble fonts;0;
font bubble aesthetic;0;
bubble fonts aesthetic;0;
bubble fonts retro;0;
bubble fonts y2k;0;
font bubble y2k;0;
bubble fonts 3d;0;
bubble fonts with shadow;0;
bubble outline fonts;0;
bubble font effect;0;
bubble effect fonts;0;
font graffiti bubble dafont;0;
bubble font logo design;0;
bubble font branding;0;
bubble font poster design;0;
bubble font for poster;0;
bubble fonts for posters;0;
bubble font alphabet letters;0;
bubble fonts alphabet letters;0;
bubble fonts alphabet and numbers;0;
bubble fonts pink;0;
bubble fonts blue;0;
bubble fonts colorful;0;
bubble fonts with color;0;
bubble fonts pastel;0;
pastel bubble fonts;0;
bubble fonts purple;0;
bubble fonts yellow;0;
modern bubble fonts;0;
unique bubble font;0;
unique bubble fonts;0;
round bubble fonts;0;
thick bubble fonts;0;
simple bubble lettering fonts;0;
bubble fonts typography;0;
bubble fonts design;0;
bubble fonts graphic design;0;
