bubble font letters;40500
lettering fonts bubble;40500
fonts bubble letters;40500
bubble letter fonts;40500
font bubble letters;40500
bubble font;33100
bubbles font;33100
font bubble;33100
bubble fonts;33100
bubble font generator;3600
bubble font graffiti;2400
bubble fonts graffiti;2400
bubble font cute;1600
bubble fonts free;1300
bubble gum font;1300
bubble font free;1300
bubble fonts alphabet;1300
bubble font cursive;1300
bubble font alphabet;1300
bubble font numbers;880
bubble fonts numbers;880
bubble font on canva;720
bubble font text;720
bubble font writing;720
bubble fonts on canva;720
fonts alphabet bubble;390
canva bubble fonts;320
bubble font canva;320
bubble font name;260
bubble fonts dafont;260
bubble font dafont;260
bubble font in canva;210
bubble font style;210
bubble font type;210
bubble fonts in canva;210
bubble font download;170
bubble font outline;170
bubble fonts download;170
bubble letter font on canva;140
bubble font free download;140
bubble fonts style;140
bubble font lowercase;140
bubble fonts canva;110
bubble speech font;90
e in bubble font;70
bubble letter outline font;70
japanese bubble font;70
bubble font o;50
kawaii bubble font;50
hello kitty bubble font;50
bubble font abc;50
bubble font adobe;50
bubble font logo;40
bubble font d;40
bubble font drawing;40
bubble font google;40
bubble font y;40
bubble mint font;40
y bubble font;40
letter font bubble;40
60s bubble font;30
bubble 1 font;30
bubble font ideas;30
bubble font photoshop;30
bubble font procreate;30
bubble font tattoo;30
retro bubble letter font;30
bubble fonts letters;30
bubble font 3d;20
bubble font alphabet lowercase;20
bubble 70s font;20
fuzzy bubble font;20
vintage bubble letter font;20
font bubble gum;20
bubble font with shadow;20
bubble font question mark;20
bubble font heart;20
bubble font happy birthday;20
font bubble 3d;10
font bubble dafont;10
font bubble font;10
font bubble graffiti;10
font bubble free;10
font bubble canva;10
spray paint bubble font;10
bubble fonts cute;10
5 bubble font;10
calligraphy fonts bubble;10
magic bubble font;10
overlapping bubble font;10
bubble fonts on dafont;10
hangul bubble font;10
bubble fonts a to z;10
bubble font vi%u1EC7t hóa;10
bubble font ibis paint;10
bubble font illustrator;10
bubble font in canva free;10
bubble font instagram;10
bubble font figma;10
bubble font design;10
bubble font color;10
bubble font canva free;10
bubble font calligraphy;10
bubble font arabic;10
bubble font aesthetic;10
bubble font a to z;10
bubble font graffiti alphabet;10
bubble font hoodie;10
bubble font tutorial;10
3d bubble gum font;10
bubble font small letters;10
bubble font shadow;10
bubble font poster;10
bubble font on dafont;10
bubble font necklace;10
canva bubble fonts 3d;0
font bubble alphabet;0
font bubble number;0
font bubble angka;0
bubble letter fonts 70s;0
3d bubble fonts alphabet purple;0
3d bubble fonts alphabet blue;0
bubble letter fonts 3d;0
a to z fonts alphabet letters bubble;0
bubble letter fonts pink z;0
bubble letter fonts a to z;0
bubble fonts 2;0
bubble number fonts 2026;0
bubble fonts 3d;0
2026 bubble fonts;0
fonts a-z bubble;0
font bubble biru;0
bubble letter fonts a-z;0
bubble fonts vintage;0
bubble fonts violet;0
bubble letter fonts v;0
bubble letter fonts video;0
bubble letter fonts violet;0
bubble letter fonts vintage;0
bubble fonts with color;0
bubble fonts with numbers;0
bubble fonts writing;0
bubble fonts with highlights;0
bubble fonts words;0
bubble fonts wallpaper;0
bubble writing canva fonts;0
bubble writing fonts numbers;0
bubble letter fonts water;0
bubble fonts y2k;0
bubble fonts yellow;0
bubble letter fonts y;0
youtube bubble fonts;0
bubble letter fonts pink y;0
i love you fonts bubble;0
bubble letter fonts yellow;0
bubble fonts alphabet yellow;0
font bubble aesthetic;0
font bubble blue;0
font bubble pink;0
font graffiti bubble dafont;0
font bubble canva keyword;0
font bubble chat;0
font bubble canva element;0
font bubble cream;0
font bubble di canva;0
font bubble design;0
font bubble drawing;0
font bubble dan;0
different font bubble letters;0
font ideas aesthetic bubble;0
font design ideas bubble;0
font bubble easy;0
font bubble effect;0
font bubble element canva;0
english in bubble font;0
e font bubble;0
bubble letter font easy;0
bubble letter fonts uppercase;0
font bubble canva gratis;0
font bubble cursive;0
font bubble color;0
font bubble coklat;0
canva font combinations bubble;0
and symbol bubble font;0
font bubble a-z;0
font bubble abjad;0
font bubble alphabet kecil;0
arrow bubble font;0
te amo bubble font;0
font bubble berwarna;0
font bubble brown;0
font bubble bayangan;0
font bubble black;0
font bubble bersambung;0
font bubble blue canva;0
font bubble bold;0
font bubble balon;0
font bubble canva free;0
font bubble cute;0
bubble letter fonts lowercase and uppercase;0
bubble fonts pink;0
unique fonts bubble;0
modern bubble fonts;0
bubble letter m fonts pink;0
bubble letter fonts metalic;0
bubble letter fonts math;0
how to make bubble fonts;0
bubble fonts blue m;0
bubble fonts alphabet m;0
bubble letter fonts blue m;0
metallic bubble fonts alphabet;0
bubble fonts name;0
bubble fonts numbers graffiti;0
bubble number fonts blue;0
bubble letter fonts pink letter n;0
bubble letter fonts blue n;0
aesthetic numbers fonts bubble;0
bubble number fonts pink;0
o bubble letter fonts;0
types of bubble letter fonts;0
ootd chrome bubble fonts;0
bubble letter fonts orange;0
bubble outline fonts;0
types of fonts bubble;0
metallic bubble fonts;0
bubble letter fonts m;0
bubble letter fonts one by one;0
bubble fonts lettering;0
bubble fonts ibis;0
bubble fonts ibis paint;0
numbers in fonts bubble;0
bubble letter fonts icon;0
bubble letter fonts individual;0
letter i fonts bubble;0
fonts ideas alphabet bubble;0
bubble letter fonts capital i;0
bullet journal fonts bubble;0
bubble letter fonts blue j;0
bubble letter fonts j;0
bubble letter fonts bullet journal;0
japanese bubble fonts;0
bubble fonts alphabet j;0
bubble letter fonts pink k;0
bubble letter fonts for kids;0
letter k bubble fonts;0
k fonts bubble;0
kawaii bubble fonts;0
bubble fonts lowercase;0
bubble fonts logo;0
bubble letter fonts pink o;0
bubble font pink e;0
bubble letter fonts pink u;0
bubble fonts small letters;0
bubble fonts shadow;0
bubble fonts silver;0
bubble fonts slogan;0
bubble fonts with shadow;0
scrapbook fonts bubble;0
simple bubble lettering fonts;0
fonts bubble small letter;0
bubble fonts tutorial;0
bubble fonts to draw;0
bubble fonts to write;0
bubble fonts tshirt;0
bubble fonts trace;0
bubble fonts typography;0
bubble fonts tattoo;0
thin bubble letter fonts;0
cute fonts alphabet aesthetic bubble tea;0
bubble letter t fonts;0
bubble letter fonts u;0
bubble letter fonts silver u;0
bubble fonts alphabet u;0
bubble letter fonts upper and lower case;0
bubble fonts symbols;0
bubble fonts small alphabet;0
bubble fonts purple;0
bubble letter fonts silver r;0
bubble fonts poster;0
bubble fonts pairing;0
pastel bubble fonts;0
cute bubble letter fonts free printable;0
alphabet fonts pink bubble;0
bubble letter fonts graffiti style png;0
bubble letter fonts light pink;0
bubble fonts quotes;0
bubble letter fonts pink q;0
bubble letter fonts q;0
bubble letter fonts question mark;0
bubble fonts red;0
bubble fonts retro;0
bubble letter r fonts;0
round bubble fonts;0
bubble letter fonts pink r;0
bubble letter fonts alphabet red;0
bubble letter fonts retro;0
bubble fonts alphabet red;0
bubble letter fonts red;0
letters bubble fonts red;0
gold 3d bubble font e;0
font bubble metalic;0
font bubble gradasi;0
fonts bubble alphabet;0
font bubble x gum;0
font bubble y2k;0
font bubble yellow;0
bubble font z;0
2024 number bubble font;0
3 bubble font;0
4 bubble font;0
6 bubble font;0
7 bubble font;0
fonts bubble numbers;0
cute fonts bubble alphabet;0
fonts bubble writing;0
fonts bubblegum;0
fonts bubble cursive;0
fonts bubble canva;0
fonts bubble lowercase;0
fonts bubble graffiti;0
fonts bubble dafont;0
fonts bubble handwriting;0
fonts bubble aesthetic;0
font bubble with shadow;0
font bubble white;0
font bubble warna hijau;0
font bubble warna merah;0
font bubble thai;0
font types bubble;0
font bubble ungu;0
u in bubble font;0
urdu bubble font;0
u letter bubble font;0
u font bubble;0
gold 3d bubble font letter u;0
bubble font pink u;0
bubble font using highlighter;0
bubble font upper and lower case;0
unique bubble font;0
font bubble vintage;0
font bubble writing;0
font bubble warna;0
font bubble warna biru;0
font bubble warna warni;0
font bubble water;0
font bubble warna coklat;0
big bubble fonts alphabet;0
fonts bubble blue;0
font bubble green;0
thick bubble fonts;0
lettering fonts bubble pink;0
fonts bubble red;0
bubble fonts r;0
fonts bubble silver;0
fonts bubble style;0
fonts bubble shadow;0
san serif fonts bubble;0
fonts bubble text;0
bubble tea fonts;0
text fonts alphabet bubble;0
fonts bubble big;0
number tattoo fonts bubble;0
bubble fonts alphabet t;0
bubble fonts u;0
bubble fonts v;0
fonts bubble with color;0
bubble letter fonts wallpaper;0
bubble letter fonts pink w;0
bubble writing alphabet fonts;0
yellow bubble fonts;0
pretty fonts alphabet bubble;0
bubble letter fonts pastel;0
fonts bubble pink;0
cool fonts numbers bubble;0
fonts bubble color;0
fonts bubble cute;0
fonts bubble design;0
drawing fonts bubble;0
fonts bubble easy;0
fonts bubble fancy;0
fonts bubble green;0
letters bubble fonts green;0
bubble letter fonts pink g;0
bubble fonts letter h;0
fonts alphabet handwritten bubble;0
bubble letter fonts handwriting;0
fonts bubble ideas;0
bubble letter fonts pink i;0
letters in bubble fonts;0
bubble fonts j;0
bubble fonts k;0
fonts bubble lettering;0
fonts bubble name;0
font bubble tulisan;0
font bubble transparan;0
font bubble type;0
font bubble laut;0
bubble font j;0
january bubble font;0
journal bubble font;0
new jeans bubble gum font;0
font bubble kecil;0
font bubble kuning;0
font bubble keren;0
font bubble komik;0
font bubble lucu;0
font bubble lettering;0
font bubble tema laut;0
font bubble logo;0
font bubble lower case;0
bubble letter font template;0
bubble font letter t;0
font bubble merah;0
font bubble meleleh;0
bubble fonts ideas;0
font bubble merah putih;0
metallic bubble font wallpaper;0
words in bubble font;0
green bubble font i;0
bubble letter font i;0
cute bubble font in canva;0
font bubble gold;0
font bubble gum pink;0
font bubble gum number;0
font bubble graffiti style;0
font bubble gum blue;0
font bubble huruf kecil;0
font bubble hijau;0
font bubble huruf;0
font bubble handwriting;0
font bubble happy birthday;0
font bubble hologram;0
hashtag bubble font;0
bubble writing font hand lettering;0
happy bubble font;0
bubble h font;0
font bubble ibis paint;0
font bubble ideas;0
font bubble in canva;0
font bubble ibis;0
bubble font blue m;0
gold 3d bubble font letter m;0
pink bubble font m;0
font for poster bubble;0
font bubble red;0
font bubble retro;0
font recommendation bubble;0
bubble retro font canva;0
russian bubble font;0
bubble font in red;0
gold 3d bubble font letter r uppercase;0
font bubble silver;0
font bubble style;0
font bubble satuan;0
font bubble simple;0
font bubble shadow;0
font bubble scritta;0
font bubble satu satu;0
font bubble s%u1ED1;0
bubble font subject;0
font bubble text;0
font bubble tutorial;0
font bubble tanda tanya;0
question mark bubble font;0
bubble font typography poster;0
march bubble font;0
cute pink bubble font;0
how to make a bubble font;0
font bubble name;0
font bubble nyambung;0
font bubble nempel;0
bubble font numeros;0
bubble number font canva;0
bubble gum newjeans font;0
bubble font and number;0
font bubble orange;0
font bubble outline;0
gold 3d bubble font letter o;0
bubble font on canvas;0
old english font bubble;0
font bubble putih;0
font bubble poster;0
font bubble purple;0
font bubble perhuruf;0
ibis paint bubble font;0
bubble font playful;0
bubble fonts in canva free;0
bubble fonts colorful;0
cute handwriting fonts bubble letter;0
bubble font jewelry;0
bubble font logo branding;0
bubble font leavers shirt;0
bubble font logo ideas;0
m bubble fonts;0
bubble font minuscula;0
bubble font modern;0
bubble font merry christmas;0
bubble font marker;0
bubble font merah;0
bubble font math;0
bubble font magazine;0
bubble font months;0
bubble font metallic;0
bubble font mongolia;0
bubble font maroon;0
bubble font motion;0
bubble font numbers design;0
bubble font notes;0
bubble font name in canva;0
bubble font number 10;0
bubble font numbers gold;0
bubble font layout;0
bubble font letters hand drawn;0
bubble font letters and numbers;0
bubble font korean;0
january in bubble font;0
judul font bubble;0
jenis font bubble;0
joy bubble font;0
bullet journal font bubble;0
font j bubble;0
june bubble font;0
bubble font kecil;0
bubble font kids;0
bubble font kuning;0
bubble font letters free printable;0
bubble font kawaii;0
canva bubble font keyword;0
gold 3d bubble font letter k uppercase;0
gold 3d bubble font letter k;0
keyword font bubble;0
kode font bubble canva;0
bubble k font;0
bubble font lettering;0
bubble font logo design;0
bubble font notebook;0
bubble font números;0
bubble font name dafont;0
bubble font rainbow;0
question mark in bubble font;0
motivational quotes bubble font;0
r bubble fonts;0
bubble font red;0
bubble font retro;0
bubble font russian;0
bubble font recommendation;0
bubble font reference;0
bubble font realistic;0
font bubble r;0
letter q bubble font;0
red bubble font canva;0
r letter bubble font;0
3d bubble font red;0
s bubble fonts;0
bubble font silver;0
bubble font sticker;0
bubble font shirt;0
bubble font slogan;0
bubble font shading;0
queen bubble font;0
quotes in bubble font;0
bubble font neon;0
bubble font pink;0
o bubble fonts;0
bubble font orange;0
bubble font on tshirt;0
bubble font ocean;0
bubble font on poster;0
bubble font on hoodie;0
bubble font overlay;0
bubble font on capcut;0
one bubble font;0
bubble font pairing;0
q bubble font;0
bubble font purple;0
bubble font poster design;0
bubble font printable;0
bubble font prompt;0
bubble font packaging;0
bubble font phonto;0
bubble font project;0
bubble font quotes;0
bubble font qr code;0
gold 3d bubble font letter j uppercase;0
bubble font january;0
bubble font sketch;0
bubble font japanese;0
bubble font brand;0
bubble font background;0
bubble font brush ibis paint;0
bubble font biru;0
bubble font banner;0
bubble font bold;0
bubble font bangla;0
bubble font canva code;0
bubble font combinations;0
bubble font canva element;0
bubble font coloring;0
bubble font color idea;0
bubble font canva keyword;0
d bubble fonts;0
bubble font design poster;0
bubble font design ideas;0
bubble font doodle;0
bubble font draw;0
bubble font decoration;0
bubble font dollar sign;0
bubble font decor;0
bubble font birthday;0
bubble font brown;0
bubble font black;0
aesthetic bubble letter fonts;0
bubble font for logo;0
bubble font vector;0
bubble fonts alphabet graffiti;0
bubble fonts alphabet letters;0
a bubble fonts;0
bubble letter fonts pink;0
bubble letter fonts alphabet and numbers;0
3d bubble fonts alphabet;0
bubble letter fonts colorful;0
lettering fonts numbers bubble;0
bubble font branding;0
bubble letter fonts alphabet christmas;0
bubble font angka;0
bubble font alphabet letters;0
bubble font assignment;0
bubble font animation;0
bubble font arrow;0
b bubble fonts;0
b bubble font red;0
bubble font blue;0
bubble font dash;0
e bubble fonts;0
bubble font easy;0
bubble font hijau;0
bubble font gray;0
bubble font gradasi;0
h bubble fonts;0
bubble font handwriting;0
bubble font highlight;0
bubble font huruf kecil;0
bubble font handwritten;0
bubble font heading;0
bubble font huruf;0
bubble font hindi;0
bubble font graphic design poster;0
bubble font hashtag;0
i bubble fonts;0
bubble font instagram story;0
bubble font in hindi;0
bubble font ibis;0
bubble font in dafont;0
bubble font in numbers;0
bubble font i love you;0
bubble font journal;0
bubble font gradient;0
bubble font gold;0
bubble font effect;0
bubble font for numbers;0
bubble font exclamation mark;0
bubble font english;0
bubble font element canva;0
bubble font element;0
bubble font embroidery;0
bubble font edit;0
canva elements font bubble;0
elemen canva font bubble;0
billie eilish bubble font;0
bubble font flyer;0
bubble font graphic;0
bubble font for canva;0
bubble font for slogan;0
bubble font funky;0
bubble font for poster;0
bubble font for heading;0
bubble font for kids;0
g bubble fonts;0
bubble font green;0
bubble font graphic design;0
bubble font symbols;0
bubble font small and big letters;0
handwriting fonts alphabet bubble;0
bubble text font 3d;0
bubble fonts alphabet canva;0
bubble fonts alphabet lowercase;0
bubble fonts alphabet small letters;0
graphitti letters fonts bubble gum;0
canva bubble fonts code;0
bubble fonts alphabet 3d;0
bubble fonts alphabet blue;0
bubble fonts alphabet letters lowercase;0
bubble fonts alphabet graffiti design;0
bubble fonts aesthetic;0
bubble fonts blue;0
bubble fonts big and small letters;0
bubble fonts brown;0
bubble fonts black;0
bubble fonts big;0
bubble fonts canva free;0
bubble fonts color;0
bubble fonts calligraphy;0
bubble fonts color ideas;0
bubble fonts cursive;0
bubble fonts combination;0
bubble fonts alphabet and numbers;0
9 bubble font;0
90%u2019s bubble font;0
6 in bubble font;0
4 in bubble font;0
number 4 font bubble;0
4 font bubble;0
bubble font number 5;0
5 font bubble;0
5 in bubble font;0
50 bubble font;0
6 font bubble;0
number 6 bubble font;0
7 font bubble;0
bubble font 9;0
bubble font number 7;0
bubble font 70s;0
70's bubble font;0
70s bubble font numbers;0
70s bubble font alphabet;0
number 8 bubble font;0
bubble font 8;0
8 bubble font;0
bubble font number 9;0
bubble fonts capcut;0
bubble fonts comic;0
bubble fonts christmas;0
bubble fonts on google slides;0
bubble fonts for logo;0
bubble fonts fancy;0
bubble fonts for numbers;0
bubble fonts green;0
bubble fonts google docs;0
bubble fonts gold;0
bubble fonts graphic design;0
fonts that go well with bubble letters;0
graphitti letters fonts bubble lettering;0
fonts bubble gum;0
bubble fonts for slogan;0
street fonts bubble gum;0
bubble fonts handwriting;0
bubble fonts happy birthday;0
bubble fonts highlight;0
bubble fonts handwritten;0
bubble fonts heart;0
abc fonts handwriting bubble;0
cute fonts alphabet handwriting bubble;0
handlettering fonts bubble;0
bubble fonts for posters;0
bubble fonts for canva;0
bubble fonts design;0
bubble fonts easy;0
bubble fonts drawing;0
bubble letter fonts draw;0
bubble letters alphabet fonts draw;0
bubble fonts numbers design;0
bubble drip fonts;0
cute bubble letter fonts alphabet design;0
bubble letters alphabet fonts cute design;0
bubble letter fonts hand drawn;0
bubble fonts alphabet drawing;0
bubble effect fonts;0
bubble letter fonts pink e;0
bubble letter fonts graffiti how to draw easy;0
letter e bubble fonts;0
easy bubble letter fonts;0
easy fonts to write bubble;0
easy hand lettering fonts alphabet bubble;0
canva fonts elements bubble;0
bubble fonts alphabet easy;0
cute bubble letter fonts to draw easy;0
cute easy fonts bubble;0
3d bubble font wallpaper;0
3d bubble font design;0
bubble font small alphabet;0
3d bubble font b;0
bubble font website;0
bubble font welcome;0
bubble font water;0
bubble font warna;0
xoxo bubble font;0
letter x bubble font;0
x font bubble;0
bubble x gum font;0
bubble x gum font numbers;0
bubble font yellow;0
bubble font y2k;0
gold 3d bubble font letter y;0
bubble cursive font y2k;0
gold 3d bubble font letter y uppercase;0
y in bubble font;0
i love you in bubble font;0
bubble cursive font logo y2k;0
pink bubble font y;0
thank you in bubble font;0
letter y bubble font;0
bubble font zahlen;0
bubble font white;0
bubble font with numbers;0
bubble font words;0
bubble font vintage;0
bubble font typography;0
bubble font tshirt;0
bubble font title;0
bubble font t shirt design;0
bubble font template;0
bubble font thai;0
bubble font tattoo ideas;0
bubble font transparent;0
bubble font video;0
bubble font violet;0
bubble font wallpaper;0
valentines day bubble font;0
v bubble font;0
good vibes bubble font;0
bubble font letter v;0
bible verse bubble font;0
font ch%u1EEF vi%u1EBFt tiêu %u0111%u1EC1 bubble;0
w bubble fonts;0
bubble font with highlights;0
bubble font with color;0
a-z font bubble;0
font a to z bubble;0
font huruf a-z bubble;0
21 font bubble;0
2 in bubble font;0
font 2 bubble;0
number 2 bubble font;0
number 2 in bubble font;0
bubble letter fonts 2;0
bubble font 2026;0
bubble font 2d;0
bubble font 2000s;0
20 bubble font;0
2026 bubble font design;0
number 10 bubble font;0
2025 font bubble;0
2026 bubble font gold;0
2026 in bubble font;0
number 3 bubble font;0
3 in bubble font;0
3 font bubble;0
bubble font 3d canva;0
3d bubble font drawing;0
3d bubble font blue;0
2 bubble fonts;0
13 font bubble;0
a to z in bubble font;0
bubble numbers 0-10 font;0
letter z bubble font;0
gold 3d bubble font letter z uppercase;0
z in bubble font;0
bubble gum font a to z;0
font aesthetic a-z bubble;0
font huruf a-z aesthetic bubble;0
z bubble font;0
number 0 bubble font;0
bubble font 0;0
0 bubble font;0
16 in bubble font;0
bubble font number 1;0
bubble numbers 1-10 font png;0
1 in bubble font;0
bubble numbers 1 10 font;0
bubble numbers 1-10 font blue;0
number 1 in bubble font;0
bubble numbers 1-10 font black;0
bubble fonts 1;0
bubble font 16;0
fonts bubble 3d;0
bubble font việt hóa;0
font chữ viết tiêu đề bubble;0
90’s bubble font;0
font bubble số;0