christmas font generator;880
christmas lettering ideas;880
candy cane fonts;880
candy cane font;880
christmas font on canva;720
christmas fonts on canva;720
christmas font word;720
holiday fonts;720
best christmas font;590
christmas font canva;590
christmas fonts canva;590
holiday typeface;590
christmas lettering alphabet;480
christmas font cursive;320
christmas font letters;320
christmas lettering fonts;320
christmas lettering printable;320
festive font;320
christmas font alphabet;260
christmas font script;260
christmas fonts alphabet;260
merry christmas font styles;260
holiday card font;260
christmas handwritten font;260
christmas script fonts;260
christmas banner designs;260
cute christmas fonts;260
cute fonts for christmas;260
merry christmas art word;260
christmas banner design;260
christmas script font;260
christmas word art;260
cute christmas font;260
christmas font in canva;210
christmas vintage font;210
festive fonts;210
vintage christmas fonts;210
vintage christmas font;210
christmas font dafont;170
christmas lettering design;170
merry christmas lettering design;170
christmas font style;140
christmas fonts dafont;140
merry christmas cute font;140
holiday fonts free;140
merry christmas script font;140
nightmare before christmas lettering;140
merry christmas hand lettering;140
christmas logo designs;140
candy cane font free;140
free candy cane font;140
christmas logo design;140
christmas font numbers;110
holiday fonts canva;110
merry christmas lettering printable;110
christmas calligraphy font;110
merry christmas lettering drawing;110
christmas font google;90
christmas font text;90
christmas font writing;90
winter fonts canva;90
christmas typography;90
merry christmas typography;90
merry christmas text design;90
christmas font download;70
christmas font names;70
holiday fonts on canva;70
ugly christmas sweater font;70
holiday script font;70
holiday script fonts;70
candy cane font generator;70
christmas tree word art;70
christmas font embroidery;50
holiday font canva;50
winter font alphabet;50
winter fonts alphabet;50
winter is coming font;50
retro christmas fonts;50
christmas lettering free;50
winter lettering;50
retro christmas font;50
christmas font adobe;40
holiday font alphabet;40
winter olympics font;40
merry christmas lettering ideas;40
christmas eve font;30
christmas font color;30
christmas font handwriting;30
christmas font ideas;30
blue winter font;30
holiday cursive font;30
winter font canva;30
bold christmas font;30
bold christmas fonts;30
christmas elegant font;30
elegant christmas font;30
elegant christmas fonts;30
handwritten christmas fonts;30
holiday typefaces;30
lettering for christmas cards;30
merry christmas lettering banner;30
merry christmas lettering template;30
hand lettering christmas cards;30
candy cane font canva;30
candy cane letter font;30
handwritten christmas font;30
christmas font pairings;20
christmas font photoshop;20
merry christmas font easy;20
holiday font free;20
winter soldier font;20
vintage holiday font;20
christmas script font free;20
merry christmas handwritten font;20
winter calligraphy font;20
merry christmas lettering png;20
winter themed lettering;20
christmas banner design ideas;20
christmas party logo design;20
christmas doodle font;20
merry christmas bubble font;20
modern christmas fonts;20
holiday flyer design;20
modern christmas font;20
winter typography;20
christmas font;14
christmas fonts;14
xmas font;14
xmas fonts;14
christmas font abc;10
christmas font bold;10
christmas font calligraphy;10
christmas font candy cane;10
christmas font combinations;10
christmas font combinations canva;10
christmas font december;10
christmas font design;10
christmas font effect;10
christmas font elegant;10
christmas font freepik;10
christmas font gold;10
christmas font instagram;10
christmas font lights;10
christmas font logo;10
christmas font modern;10
christmas font on cricut;10
christmas font pack;10
christmas font pairings canva;10
christmas font png;10
christmas font printable;10
christmas font serif;10
christmas font snow;10
christmas font svg;10
christmas font template;10
christmas font type;10
christmas gift font;10
christmas hand lettering font;10
christmas in july font;10
christmas joy font;10
christmas kisses font;10
christmas knit font;10
font nightmare before christmas;10
holly jolly christmas font;10
merry christmas font red;10
merry christmas gold font;10
merry christmas gothic font;10
merry christmas style font;10
nordic christmas font;10
christmas font 3d;10
christmas font vector;10
christmas font with lights;10
christmas tag font;10
christmas time font;10
christmas vibe font;10
cute holiday font;10
happy winter font;10
hello winter font;10
holiday font adobe;10
holiday font pairings;10
holiday font style;10
holiday fonts alphabet;10
holiday party font;10
holiday season font;10
merry christmas 3d font;10
victorian christmas font;10
vintage christmas card font;10
vintage christmas font canva;10
vintage holiday fonts;10
winter bear font;10
winter christmas font;10
winter day font;10
winter font style;10
winter fonts dafont;10
winter holidays font;10
winter inline font;10
winter letter font;10
winter onederland font;10
winter script font;10
winter solstice font;10
winter themed font;10
christmas typography design;10
christmas typography font;10
christmas typography free;10
christmas typography poster;10
festive font free;10
festive font in canva;10
festive font style;10
festive fonts alphabet;10
festive fonts canva;10
festive fonts in canva;10
festive fonts on canva;10
festive script font;10
festive season font;10
font for xmas;10
happy xmas font;10
holiday sale font;10
holiday text font;10
kinetic typography christmas;10
modern holiday font;10
retro holiday font;10
roman holiday font;10
the holiday font;10
winter holiday font;10
christmas party lettering design;10
christmas serif fonts;10
christmas text design;10
christmas typography png;10
happy christmas text design;10
merry christmas bold font;10
merry christmas typography png;10
typography xmas;10
vintage christmas fonts free;10
xmas typography;10
christmas lettering easy;10
christmas lettering styles;10
merry christmas lettering card;10
merry christmas lettering easy;10
merry christmas lettering gif;10
merry christmas lettering gold;10
merry christmas lettering vector;10
winter is coming lettering;10
winter lettering drawing;10
winter lettering fonts;10
winter wonderland lettering;10
christmas calligraphy designs;10
christmas calligraphy drawing;10
christmas calligraphy png;10
merry christmas calligraphy printable;10
merry christmas lettering decoration;10
merry christmas lettering images;10
merry christmas lettering lights;10
merry christmas lettering simple;10
christmas instagram post design;10
hand lettering christmas envelopes;10
hand lettering christmas gifts;10
hand lettering christmas ornaments;10
christmas banner design background;10
christmas instagram post background;10
christmas logo design png;10
christmas tree design logo;10
logo christmas design;10
merry christmas design logo;10
3d christmas font;10
candy cane lane font;10
christmas banner design hd;10
christmas banner design png;10
christmas banner design printable;10
christmas banner design template;10
christmas candy cane font;10
christmas design bundle;10
christmas font bundle;10
christmas invitation font;10
christmas party word art;10
cute font for christmas;10
happy christmas word art;10
holiday party flyer design;10
merry christmas modern font;10
pre christmas banner design;10
traditional christmas font;10
traditional christmas fonts;10
christmas ad design;10
christmas quote design;10
christmas serif font;10
groovy christmas font;10
hand lettering christmas;10
winter web design;10
christmas lettering;5
merry christmas font;4
merry christmas fonts;4
merry xmas font;4
summer holiday font;2
christmas lettering template;2
winter font;1
winter fonts;1
nightmare before xmas font;1
christmas font free;1
christmas fonts free;1
xmas fonts free;1
merry christmas lettering;1
lettering of merry christmas;1
holiday font;1
winter font letters;0
winter sport font;0
holiday writing font;0
indian festive font;0
christmas fonts alphabet handwritten;0
christmas fonts handwritten;0
a christmas fonts;0
font merry christmas canva;0
merry christmas ribbon font;0
retro merry christmas font;0
merry christmas fonts white;0
merry christmas fun font;0
christmas font aesthetic;0
christmas font alphabet handwritten;0
christmas font animation;0
christmas a font;0
a merry christmas font;0
christmas fonts alphabet a;0
christmas font blue;0
christmas font banner;0
christmas font bullet journal;0
christmas font background;0
christmas font bubble;0
brat font christmas;0
c christmas fonts;0
christmas font combo;0
christmas font canva free;0
christmas font combos canva;0
christmas font cute;0
christmas font canva element;0
christmas font drawing;0
christmas font decoration;0
christmas font decor;0
christmas font doodles;0
christmas font duo;0
christmas font draw;0
christmas font d'écran;0
e christmas fonts;0
christmas font easy;0
christmas font element canva;0
christmas font elf;0
merry christmas emo font;0
merry christmas font elegant;0
christmas font letter e;0
christmas font figma;0
christmas font fun;0
christmas font fancy;0
christmas font for canva;0
christmas font for numbers;0
christmas font full alphabet;0
christmas font for cards;0
christmas font for kids;0
christmas font graphic design;0
christmas font graphic;0
christmas font green;0
christmas font gingerbread;0
christmas font graffiti;0
christmas font gothic;0
christmas font handwritten;0
christmas font hand lettering;0
christmas font happy holidays;0
merry christmas font hd;0
hand drawn christmas font;0
hello kitty christmas font;0
h font christmas;0
font hello christmas;0
happy christmas font design;0
christmas font ibis paint;0
christmas font ibis;0
christmas font illustration;0
christmas font in dafont;0
christmas font icon;0
christmas font inspiration;0
canva font ideas christmas;0
christmas inspired font;0
christmas font journal;0
j in christmas font;0
jesus christmas font;0
jerry christmas font;0
christmas font kids;0
merry christmas font kids;0
christmas font lettering;0
christmas font letter green;0
christmas font lowercase;0
christmas font luxury;0
christmas font layout;0
christmas font list;0
merry christmas love font;0
m christmas fonts;0
christmas font malayalam;0
christmas font merry christmas;0
christmas font microsoft;0
merry christmas poster font;0
noel christmas font;0
number christmas font;0
christmas font ornaments;0
christmas font old;0
christmas font on dafont;0
christmas font overlay;0
christmas offer font;0
our first christmas font;0
oh christmas tree font;0
christmas font poster;0
christmas font pairs;0
christmas font print;0
christmas font pairings free;0
christmas font paper;0
christmas quotes font;0
r christmas fonts;0
christmas font red;0
christmas font retro;0
christmas font r green;0
r christmas font;0
letter r christmas font;0
retro christmas font alphabet;0
merry christmas font round;0
christmas font simple;0
christmas font sticker;0
christmas font santa;0
christmas font sans serif;0
christmas font silver;0
t christmas fonts;0
christmas font typography;0
christmas font title;0
christmas font telugu;0
christmas font texture;0
christmas font theme;0
christmas font treatment;0
christmas font to draw;0
merry christmas unique font;0
christmas font vintage;0
christmas font video;0
merry christmas varsity font;0
christmas village font;0
merry christmas font video;0
vintage merry christmas font;0
merry christmas font vertical;0
christmas font white;0
christmas font wallpaper;0
christmas font whiteboard;0
christmas font with numbers;0
christmas tree white font;0
merry christmas with font;0
wishlist christmas font;0
x christmas font;0
font merry christmas xmas;0
y christmas fonts;0
merry christmas font yellow;0
christmas new york font;0
letter y christmas font;0
christmas font a-z;0
number 0 christmas font;0
1st christmas font;0
2 font christmas;0
number 2 christmas font;0
christmas font 2026;0
2026 christmas font;0
christmas 25 font;0
christmas party 2026 font;0
merry christmas 2026 font;0
3 christmas font;0
4 christmas font;0
christmas font 5;0
christmas font number 5;0
60s christmas font;0
80s christmas font;0
90s christmas font;0
winter font design;0
winter fonts hand lettering;0
winter fonts on canva;0
winter font ideas;0
winter font aesthetic;0
winter fonts canva free;0
font ideas winter;0
autumn winter fonts;0
winter font pairings;0
winter vibe font;0
aesthetic winter font;0
font alphabet winter;0
winter font snow;0
winter inspired fonts;0
winter aespa font;0
january winter font;0
winter font aespa;0
winter font art;0
autumn winter font;0
winter in a font;0
winter arc font;0
font chữ winter butterfly;0
winter bucket list font;0
happy birthday winter font;0
font winter butterfly;0
winter font combinations;0
winter font combo;0
cute winter font;0
winter font in canva;0
canva font for winter;0
winter in cute font;0
winter chalkboard font;0
winter font drawing;0
font d'ecran winter;0
winter doodle font;0
font d'ecran iphone winter;0
december winter font;0
winter wonderland font design;0
winter edition font;0
easy winter font;0
font d’écran winter;0
elegant winter font;0
font ecran winter;0
winter name font;0
winter graffiti font;0
winter font handwriting;0
winter holiday homework font;0
winter is here font;0
happy winter holidays font;0
winter in font;0
winter in pretty font;0
winter font logo;0
winter menu font;0
winter font numbers;0
winter font name;0
winter number font;0
winter nights font;0
winter font on canva;0
winter font png;0
winter font pack;0
winter font poster;0
winter pink font;0
winter font sticker;0
winter font scrapbook;0
winter season font;0
the winter soldier font;0
winter special font;0
winter sale font;0
winter font text;0
font tema winter;0
winter time font;0
winter vacation font;0
winter village font;0
vintage winter font;0
winter font wallpaper;0
winter 2026 font;0
winter font 3d;0
holiday fonts hand lettering;0
holiday font design;0
holiday font ideas;0
holiday font combinations;0
holiday alphabet font;0
holiday font pairing;0
font holiday;0
holiday homework in font;0
free canva holiday fonts;0
holiday font in canva;0
holiday notice font;0
holiday assignment font;0
holiday aesthetic font;0
holiday homework aesthetic font;0
beach holiday font;0
holiday homework bubble font;0
holiday font combos;0
canva holiday font pairing;0
holiday canva font pairings;0
canva holiday font combinations;0
holiday calligraphy font;0
holiday homework font design;0
holiday dump font;0
december holiday font;0
easy holiday font;0
english holiday homework font;0
holiday serif font;0
holiday graphic font;0
holiday homework font;0
holiday homework font ideas;0
holiday in font;0
holiday font logo;0
holiday letter font;0
holiday market font;0
maths holiday homework font;0
holiday number font;0
holiday font on canva;0
font of holiday homework;0
holiday font pairings canva;0
holiday homework font printable;0
holiday homework font page;0
holiday homework font style;0
sst holiday homework font;0
school holiday font;0
holiday homework stylish font;0
summer holiday homework font;0
font tet holiday;0
holiday home work font;0
holiday work font;0
holiday homework writing font;0
holiday 3d font;0
xmas fonts alphabet;0
xmas font design;0
xmas font canva;0
xmas fonts hand lettering;0
xmas font numbers;0
xmas font png;0
xmas font ideas;0
xmas font 3d;0
xmas font poster;0
vintage xmas font;0
free xmas fonts;0
xmas card font;0
lettering fonts xmas;0
number fonts xmas;0
xmas fonts canva;0
xmas font alphabet;0
cursive font xmas;0
merry xmas cute font;0
cute xmas font;0
december xmas font;0
xmas party font;0
xmas wishlist font;0
xmas list font;0
xmas 2026 font;0
festive font design;0
festive fonts indian;0
festive font pairings;0
festive fonts diwali;0
festive font numbers;0
festive font ideas;0
festive fonts typography;0
festive text font;0
festive font name;0
festive canva font;0
fonts canva festive;0
christmas festive font;0
festive cursive font;0
festive font alphabet;0
bold festive font;0
festive font canva;0
festive font combination;0
canva font combinations festive;0
festive font diwali;0
hindi festive font;0
festive font logo;0
modern festive font;0
festive poster font;0
festive sale font;0
festive serif font;0
festive typography font;0
christmas typography design graphics;0
christmas typography malayalam;0
christmas typography alphabet;0
christmas typography canva;0
christmas typography design poster;0
christmas typography card;0
christmas typography hand lettering;0
christmas typography illustration;0
christmas typography animation;0
christmas typography 3d;0
christmas poster design typography;0
christmas gift typography;0
christmas typography design quotes;0
simple christmas typography;0
typography christmas card design;0
bold christmas typography;0
christmas typography funny;0
retro christmas typography;0
happy christmas malayalam typography;0
christmas aesthetic typography;0
christmas typography art;0
christmas typography aesthetic;0
christmas typography adobe;0
merry christmas typography aesthetic;0
christmas typography design art;0
a christmas carol typography;0
christmas typography background;0
christmas typography blue;0
christmas bauble typography;0
merry christmas bold typography;0
christmas baking typography;0
bright christmas typography;0
christmas ball typography;0
nightmare before christmas typography;0
christmas box typography;0
christmas typography creative;0
christmas typography cute;0
christmas typography cushion;0
christmas typography design malayalam;0
christmas typography design png;0
typography design for christmas;0
christmas cards typography design;0
christmas typography effect;0
christmas typography elegant;0
merry christmas typography elegant;0
merry christmas eve typography;0
christmas event typography;0
fun christmas typography;0
christmas food typography;0
typography for christmas;0
christmas typography gold;0
christmas typography graphic design;0
christmas typography green;0
christmas greeting typography;0
christmas typography motion graphics;0
merry christmas typography gold;0
christmas graphic typography;0
christmas greeting card typography;0
christmas typography handwritten;0
happy christmas typography;0
holiday christmas typography;0
christmas typography ideas;0
christmas typography instagram;0
typography instagram story christmas;0
christmas invitation typography;0
christmas in july typography;0
christmas is coming typography;0
merry christmas typography illustration;0
christmas card ideas typography;0
christmas typography joy;0
jesus christmas typography;0
christmas kids typography;0
christmas typography logo;0
christmas typography layout;0
christmas typography luxury;0
christmas typography lettering;0
christmas list typography;0
christmas lights typography;0
last christmas typography;0
christmas letter typography;0
merry christmas typography lettering;0
christmas typography modern;0
christmas typography motion;0
christmas typography minimal;0
merry christmas typography 3d;0
merry christmas vintage typography;0
christmas typography numbers;0
christmas typography noel;0
christmas night typography;0
merry christmas lettering alphabet;0
merry christmas lettering tutorial;0
christmas new year typography;0
christmas offer typography;0
christmas ornament typography;0
christmas typography poster design;0
christmas typography print;0
christmas typography pattern;0
christmas typography photo;0
playful christmas typography;0
christmas post typography;0
christmas postcard typography;0
pink christmas typography;0
christmas typography quote;0
christmas quotes typography;0
christmas typography retro;0
christmas typography reel;0
christmas related typography;0
ribbon christmas typography;0
red christmas typography;0
christmas typography sticker;0
christmas typography script;0
christmas typography story;0
christmas typography simple;0
christmas typography shirt;0
christmas typography serif;0
christmas star typography;0
christmas sweater typography;0
christmas sales typography;0
christmas style typography;0
christmas typography tree;0
christmas typography title;0
christmas typography tags;0
christmas typography tshirt;0
christmas typography text;0
christmas typography vintage;0
christmas typography video;0
christmas vibe typography;0
merry christmas typography vector;0
vintage christmas card typography;0
victorian christmas typography;0
christmas verse typography;0
christmas typography wall art;0
christmas typography wrapping paper;0
christmas typography wallpaper;0
merry christmas typography white;0
christmas wish typography;0
christmas window typography;0
whimsical christmas typography;0
white christmas typography;0
winter christmas typography;0
christmas typography 2026;0
winter typography design;0
winter typography poster;0
winter typography logo;0
winter typography alphabet;0
winter typography aesthetic;0
winter typography illustration;0
winter typography poster design;0
winter typography malayalam;0
winter typography 3d;0
winter typography lettering;0
autumn winter typography;0
winter snow typography;0
winter aesthetic typography;0
winter design typography;0
winter logo design typography;0
winter arc typography;0
graphic design winter typography;0
fall winter typography;0
winter logo typography;0
winter bangla typography;0
winter bengali typography;0
winter creative typography;0
winter collection typography;0
winter camp typography;0
winter carnival typography;0
winter is coming typography;0
postcard design typography winter;0
typography design for winter;0
winter fashion typography;0
winter festival typography;0
winter fest typography;0
hello winter typography;0
winter holiday typography;0
winter morning typography;0
winter night typography;0
winter quotes typography;0
winter sales typography;0
winter sport typography;0
winter solstice typography;0
winter season typography;0
winter vibes typography;0
xmas typography design;0
xmas typography poster;0
merry xmas typography design;0
xmas card typography;0
happy xmas typography;0
xmas tree typography;0
merry xmas typography;0
xmas malayalam typography;0
christmas text design ideas;0
christmas text design png;0
christmas text designs;0
christmas text design creative;0
text box design christmas;0
christmas graphic design text;0
christmas design for text;0
christmas text effect design;0
christmas convention text design;0
christmas holiday text design;0
merry christmas text designs;0
front design text christmas;0
text background design christmas;0
christmas card design text;0
christmas text logo design;0
christmas text layout design;0
christmas poster design text;0
christmas party text design;0
christmas sale text design;0
christmas design with text;0
3d christmas text design;0
retro font christmas;0
canva script fonts christmas;0
christmas font san serif;0
sans serif christmas font;0
vintage christmas fonts alphabet;0
vintage christmas fonts canva;0
merry christmas fonts vintage;0
merry christmas fonts handwritten;0
christmas elegant fonts;0
christmas bold fonts;0
christmas display fonts;0
christmas display font;0
christmas lettering alphabet banner;0
christmas lettering card;0
christmas lettering numbers;0
christmas lettering illustration;0
christmas lettering m;0
christmas lettering board ideas;0
merry christmas lettering snoopy;0
graffiti lettering merry christmas;0
merry christmas lettering idea;0
merry christmas lettering arco;0
christmas bible verse lettering;0
christmas ornaments lettering;0
christmas lettering aesthetic;0
christmas lettering art;0
christmas lettering alphabet blue;0
christmas lettering alphabet easy;0
christmas hand lettering art;0
christmas lettering blue;0
christmas lettering banner;0
christmas lettering board;0
christmas lettering background;0
christmas lettering bullet journal;0
christmas lettering backdrop;0
christmas lettering black;0
christmas lettering blackboard;0
christmas lettering canva;0
christmas lettering cursive;0
christmas lettering cross stitch;0
christmas lettering color;0
christmas lettering cute;0
christmas lettering candy cane;0
christmas lettering christian;0
christmas lettering chalk;0
christmas lettering calligraphy;0
christmas lettering cut out;0
christmas lettering cartoon;0
christmas lettering drawing;0
christmas lettering decorations;0
christmas lettering december;0
christmas lettering design fonts;0
christmas lettering design alphabet;0
christmas lettering decor;0
christmas lettering diy;0
christmas lettering doodles;0
christmas lettering design ideas;0
christmas lettering embroidery;0
christmas lettering elf;0
christmas lettering envelope;0
christmas en lettering;0
easy merry christmas lettering;0
easy christmas card lettering;0
christmas lettering alphabet e;0
e christmas lettering;0
christmas lettering for kids;0
merry christmas fun lettering;0
family christmas lettering;0
fancy lettering merry christmas;0
christmas lettering gold;0
christmas lettering green;0
christmas lettering grinch;0
christmas lettering gingerbread;0
gold merry christmas lettering;0
merry christmas lettering grinch;0
graffiti lettering christmas;0
christmas party lettering gold;0
christmas lettering handmade;0
christmas lettering header;0
christmas carol hand lettering;0
hand lettering ideas christmas;0
christmas holiday lettering;0
lettering happy christmas;0
christmas lettering ideas creative;0
christmas lettering ideas writing;0
it's christmas time lettering;0
christmas decor ideas lettering;0
christmas lettering journal;0
merry christmas lettering jesus;0
christmas in july lettering;0
jerry christmas lettering;0
merry christmas lettering journal;0
joy lettering christmas;0
holly jolly christmas lettering;0
jesus christmas lettering;0
christmas lettering kids;0
merry christmas lettering kids;0
merry christmas lettering karte;0
christmas lettering letter t;0
christmas lettering lights;0
christmas market lettering;0
merry christmas lettering minimalist;0
merry christmas dad lettering;0
christmas lettering names;0
christmas number lettering;0
merry christmas lettering negro;0
christmas lettering ornaments;0
oh christmas tree lettering;0
o lettering christmas;0
merry christmas lettering outline;0
christmas lettering png;0
christmas lettering poster;0
christmas lettering procreate;0
christmas lettering paper;0
merry christmas lettering paint;0
p christmas lettering;0
merry christmas lettering portrait;0
christmas lettering quotes;0
merry christmas lettering quotes;0
christmas quote lettering;0
christmas hand lettering quotes;0
christmas brush lettering quotes;0
christmas lettering red;0
merry christmas red lettering;0
christmas lettering alphabet r;0
retro christmas lettering;0
merry christmas lettering rojo;0
r christmas lettering;0
merry christmas lettering r;0
christmas lettering scrapbook;0
christmas lettering snow;0
christmas lettering simple;0
christmas lettering sticker;0
christmas lettering sign;0
christmas lettering sweater;0
christmas lettering santa;0
merry christmas lettering style;0
christmas scripture lettering;0
christmas lettering tree;0
christmas lettering tattoo;0
christmas lettering title;0
christmas lettering typography;0
lettering christmas tags;0
merry christmas lettering tree;0
merry christmas lettering t;0
christmas lettering vintage;0
victorian christmas lettering;0
merry christmas lettering video;0
christmas village lettering;0
merry christmas vintage lettering;0
christmas verse lettering;0
vintage christmas card lettering;0
christmas vibes lettering;0
christmas lettering white;0
christmas lettering window;0
christmas lettering words;0
christmas lettering wallpaper;0
christmas lettering with lights;0
watercolor christmas lettering;0
merry christmas lettering watercolor;0
christmas party word lettering;0
christmas lettering alphabet y;0
y lettering for christmas;0
merry christmas lettering y;0
christmas lettering a-z;0
1st christmas lettering;0
christmas lettering 2026;0
merry christmas 2026 lettering;0
merry christmas lettering 2026;0
christmas party 2026 lettering;0
christmas lettering 3d;0
merry christmas 3d lettering;0
winter lettering ideas;0
winter lettering alphabet;0
winter lettering design;0
winter letterings;0
winter snow lettering;0
winter aespa lettering;0
lettering winter vorlagen;0
autumn winter lettering;0
winter arc lettering;0
winter chalkboard lettering;0
chalk lettering winter;0
winter solstice lettering;0
hello winter lettering;0
winter aesthetic lettering;0
winter break lettering;0
easy winter lettering;0
fall winter lettering;0
lettering for winter;0
winter wonderland hand lettering;0
hand lettering winter;0
happy winter lettering;0
lettering of winter;0
winter season lettering;0
winter time lettering;0
winter vibes lettering;0
christmas quote designs;0
christmas design quote;0
christmas quote poster design;0
christmas quote graphic design;0
christmas quote flyer design;0
typography design xmas;0
merry christmas lettering fonts;0
merry christmas lettering aesthetic;0
merry christmas lettering blue;0
merry christmas lettering azul;0
merry christmas lettering abecedario;0
merry christmas lettering acuarela;0
merry christmas lettering anime;0
merry christmas lettering bubble;0
merry christmas lettering black;0
merry christmas lettering blackboard;0
merry christmas lettering board;0
merry christmas lettering background;0
merry christmas lettering backdrop;0
merry christmas lettering bunting;0
merry christmas lettering balloon;0
merry christmas lettering big;0
merry christmas lettering cute;0
merry christmas lettering cursive;0
merry christmas lettering curved;0
merry christmas lettering calligraphy;0
merry christmas lettering circle;0
merry christmas lettering coloring;0
merry christmas lettering chalk;0
merry christmas lettering dorado;0
merry christmas lettering diy;0
merry christmas lettering disney;0
merry christmas lettering espejo;0
merry christmas lettering elegant;0
merry christmas eve lettering;0
merry christmas lettering facil;0
merry christmas lettering funny;0
merry christmas lettering green;0
merry christmas lettering glitter;0
merry christmas lettering gingerbread;0
merry christmas lettering gothic;0
merry christmas lettering graffiti;0
merry christmas lettering globo;0
merry christmas lettering handwriting;0
merry christmas lettering horizontal;0
merry christmas lettering hd;0
merry christmas lettering hanging;0
merry christmas lettering handmade;0
merry christmas lettering individual;0
merry christmas lettering instagram;0
merry christmas lettering landscape;0
merry christmas lettering letrero;0
merry christmas lettering love;0
merry christmas lettering letras;0
merry christmas lettering message;0
merry christmas lettering modern;0
merry christmas lettering neon;0
merry christmas lettering newspaper;0
merry christmas old lettering;0
merry christmas lettering plantilla;0
merry christmas lettering paper;0
merry christmas lettering purple;0
merry christmas lettering pencil;0
merry christmas lettering red;0
merry christmas lettering rosa;0
merry christmas lettering retro;0
merry christmas lettering round;0
merry christmas ribbon lettering;0
merry christmas lettering sticker;0
merry christmas lettering silver;0
merry christmas lettering svg;0
merry christmas lettering snow;0
merry christmas lettering sketch;0
merry christmas lettering stencil;0
merry christmas lettering straight;0
merry christmas lettering spiderman;0
merry christmas lettering terror;0
merry christmas lettering tattoo;0
merry christmas lettering topper;0
merry christmas lettering vintage;0
merry christmas lettering vertical;0
merry christmas lettering ventana;0
merry christmas lettering vidrio;0
merry christmas lettering white;0
merry christmas lettering wallpaper;0
merry christmas lettering window;0
merry christmas lettering whiteboard;0
merry christmas lettering wall;0
merry christmas lettering wishes;0
merry christmas lettering yellow;0
merry christmas lettering 2026;0
merry christmas 2026 lettering;0
merry christmas lettering 3d;0
christmas calligraphy art;0
christmas calligraphy design;0
calligraphy fonts alphabet christmas;0
christmas calligraphy cards diy;0
christmas calligraphy craft;0
christmas calligraphy cute;0
merry christmas calligraphy designs;0
diy christmas card calligraphy;0
diy christmas ornaments calligraphy;0
christmas design ideas calligraphy;0
calligraphy for christmas party;0
christmas calligraphy gift tags;0
christmas illustration calligraphy;0
christmas calligraphy print;0
christmas calligraphy paper;0
calligraphy christmas party;0
merry christmas calligraphy sticker;0
christmas offer banner design;0
christmas party design banner;0
christmas calligraphy tags;0
merry christmas calligraphy wallpaper;0
christmas party 2026 calligraphy;0
merry christmas calligraphy 3d;0
festive text design;0
hand lettering christmas fonts;0
hand lettering christmas tags;0
hand lettering alphabet christmas;0
hand lettering fonts christmas;0
christmas embellishments hand lettering;0
christmas envelope hand lettering;0
christmas eve hand lettering;0
easy christmas hand lettering;0
christmas branding design;0
christmas branding design marketing;0
christmas branding packaging;0
christmas branding logo;0
christmas branding design graphics;0
christmas branding design inspiration;0
luxury branding design christmas;0
christmas tree branding design;0
christmas branding graphic design;0
christmas branding graphics;0
christmas gift box branding;0
christmas illustration branding;0
christmas branding package;0
christmas branding stickers;0
christmas sticker branding;0
holiday social media design;0
holiday social media graphics;0
holiday social media template;0
holiday social media graphic;0
holiday social media background;0
christmas instagram post templates;0
christmas instagram post layout;0
christmas design instagram post;0
christmas box instagram post;0
christmas instagram post canva;0
christmas instagram post graphic;0
christmas hashtags instagram post;0
christmas scrapbook instagram post;0
instagram christmas post template;0
christmas wallpaper instagram post;0
winter design web;0
winter holiday web design;0
winter web banner design;0
winter color web design;0
winter sale web design;0
christmas logo design graphics;0
christmas logo design xmas;0
christmas logo design background;0
christmas logo design ideas;0
christmas logo design circle;0
christmas logo design 2026;0
christmas logo design inspiration;0
christmas logo design family;0
christmas festival logo design;0
christmas lights logo design;0
christmas shop logo design;0
logo design inspiration christmas;0
christmas logo design tshirt;0
christmas logo profile design;0
christmas logo design aesthetic;0
christmas logo design apps;0
app logo design christmas;0
christmas logo design blue;0
brand logo christmas design;0
christmas business logo design;0
christmas ball logo design;0
christmas badge logo design;0
bakery logo design christmas;0
christmas event logo design;0
christmas logo design frame;0
design for christmas logo;0
christmas logo design green;0
christmas logo design gold;0
christmas logo design grinch;0
christmas logo graphic design;0
christmas gift logo design;0
christmas hat logo design;0
christmas market logo design;0
marry christmas logo design;0
christmas design on logo;0
christmas ornament logo design;0
poppo logo design christmas;0
photo logo design christmas;0
christmas logo design round;0
christmas logo design red;0
christmas logo design santa;0
christmas logo design simple;0
christmas season logo design;0
christmas theme logo design;0
white christmas logo design;0
logo with christmas design;0
christmas wreath logo design;0
christmas logo design 3d;0
holiday marketing graphics;0
christmas ad design marketing;0
christmas ad designs;0
christmas ad design ideas;0
christmas ad design inspiration;0
christmas design ad;0
christmas banner ad design;0
christmas interior design ad;0
christmas car ad design;0
kids christmas ad design;0
christmas gift ad design;0
christmas creative ad designs;0
christmas ad post design;0
christmas sale ad design;0
creative christmas ad design;0
merry christmas ad design;0
christmas product design ad;0
christmas fashion ad design;0
christmas food ad design;0
christmas ad graphic design;0
christmas motion design ad;0
christmas party ad design;0
christmas print ad design;0
christmas social ad design;0
christmas tree ad design;0
christmas banner design website;0
christmas banner design web;0
christmas banner design vertical;0
christmas banner design telugu;0
christmas banner design landscape;0
christmas banner design kpop;0
christmas letter banner design;0
christmas banner sale design;0
christmas banner design creative;0
christmas ads banner design;0
christmas graphic design banner;0
christmas design banner kpop;0
church christmas banner design;0
christmas banner design aesthetic;0
acnh christmas banner design;0
advance christmas banner design;0
christmas banner design blue;0
christmas banner design canva;0
christmas banner design cute;0
christmas banner design diy;0
ecommerce banner design christmas;0
email banner design christmas;0
christmas event banner design;0
elegant christmas banner design;0
christmas banner design fashion;0
family christmas banner design;0
design for christmas banner;0
christmas flag banner design;0
christmas banner design green;0
christmas banner design gingerbread;0
christmas giveaway banner design;0
christmas gift banner design;0
christmas game banner design;0
christmas greeting banner design;0
christmas banner design horizontal;0
christmas holiday banner design;0
happy christmas banner design;0
christmas hanging banner design;0
christmas hero banner design;0
christmas banner design inspiration;0
christmas jewelry banner design;0
christmas banner design kids;0
luxury christmas banner design;0
long banner design christmas;0
christmas banner design marathi;0
minimal christmas banner design;0
banner merry christmas design;0
christmas market banner design;0
christmas banner design product;0
christmas banner design painted;0
christmas banner design portrait;0
christmas promotion banner design;0
christmas poster banner design;0
christmas banner design red;0
christmas rollup banner design;0
christmas ribbon banner design;0
christmas banner design simple;0
christmas stage banner design;0
christmas sales banner design;0
christmas slot banner design;0
christmas banner design tamil;0
banner design christmas theme;0
christmas tree design banner;0
christmas banner design white;0
welcome banner design christmas;0
christmas wishes banner design;0
winter christmas banner design;0
youtube banner design christmas;0
christmas banner design 2026;0
christmas banner design 3d;0
holiday bundle design;0
christmas graphic packaging;0
christmas graphic design packaging;0
christmas package graphic design;0
christmas package graphic;0
christmas bundle post design;0
christmas bundles design;0
christmas bundle flyer design;0
candy cane font alphabet;0
candy cane font numbers;0
candy cane font embroidery;0
christmas fonts candy cane;0
font candy cane;0
december candy cane font;0
doodle fonts christmas;0
merry christmas font doodle;0
christmas fonts bubble;0
christmas bubble letter fonts;0
bubble font christmas;0
bubble christmas font;0
3d christmas fonts;0
merry christmas fonts 3d;0
christmas fonts 3d;0
cute christmas fonts alphabet;0
cute christmas fonts canva;0
cute christmas font ideas;0
cute fonts handwriting christmas;0
christmas cute font;0
cute simple christmas font;0
cute easy christmas font;0
cute canva christmas fonts;0
cute fonts merry christmas;0
cute number fonts christmas;0
cute christmas card font;0
christmas modern font;0
christmas canva font pairing;0
font pairing for christmas;0
christmas pairing font;0
merry christmas font pairing;0
canva font pairings christmas;0
christmas font pairing canva;0
christmas card typography design;0
typography christmas card;0
merry christmas typography card;0
minimalist christmas card typography;0
merry christmas typography poster;0
typography poster for christmas;0
holiday flyer design templates;0
holiday flyer designs;0
holiday flyer design ideas;0
summer holiday flyer design;0
public holiday flyer design;0
flyer design holiday;0
holiday prayers flyer design;0
holiday lessons flyer design;0
holiday coaching flyer design;0
holiday season flyer design;0
happy holiday flyer design;0
holiday break flyer design;0
bank holiday flyer design;0
holiday classes flyer design;0
holiday camp flyer design;0
car holiday flyer design;0
christmas holiday flyer design;0
eid holiday flyer design;0
holiday event flyer design;0
easter holiday flyer design;0
flyer design inspiration holiday;0
kids holiday flyer design;0
holiday market flyer design;0
muslim holiday flyer design;0
national holiday flyer design;0
holiday notice flyer design;0
holiday package flyer design;0
republic holiday flyer design;0
school holiday flyer design;0
holiday sale flyer design;0
holiday training flyer design;0
holiday trip flyer design;0
travel holiday flyer design;0
thanksgiving holiday flyer design;0
christmas word art printable;0
christmas word art ideas;0
christmas word art letters;0
christmas word art christian;0
cute christmas word art;0
joy christmas word art;0
christmas card word art;0
christmas word clip art;0
christmas word wall art;0
christmas eve word art;0
marry christmas word art;0
holiday badge design;0
ribbon lettering christmas;0
christmas ribbon lettering;0
holiday typography logo;0
commercial christmas fonts;0
holiday text layout;0
christmas smm template;0
holiday design bundle;0
xmas font pack;0
winter graphics bundle;0
christmas graphic pack;0
commercial holiday font;0
snowy winter font;0
doodle christmas font;0
layered christmas font;0
winter display font;0
christmas font pairing;0
rustic holiday font;0
christmas card typography;0
holiday menu typography;0
winter wedding typography;0
christmas label typography;0
holiday tag font;0
christmas poster typography;0
winter magazine typography;0
curved christmas lettering;0
holiday logo typography;0
christmas emblem vector;0
winter quote layout;0
christmas stamp typography;0
