christmas clipart free printable;880
christmas clipart retro;880
christmas clipart snowman;880
clipart winter tree;880
tree in winter clipart;880
ugly christmas sweater clipart;880
winter clipart images;880
vintage xmas clipart;880
winter picture clipart;880
vintage clipart christmas;880
frosty the snowman clipart;880
snowman clipart christmas;880
snowman clipart free;880
hot cocoa png;880
christmas printables crafts;880
christmas printables games;880
vintage christmas clipart;880
christmas clipart card;720
christmas clipart decorations;720
christmas clipart for cards;720
christmas clipart funny;720
cute merry christmas clipart;720
christmas clipart religious;720
christmas clipart santa;720
christmas clipart santa claus;720
christmas clipart stocking;720
clipart of winter;720
clipart of winter clothes;720
funny xmas clipart;720
holiday party clipart;720
xmas cliparts;720
xmas decorations clipart;720
xmas stocking clipart;720
mrs santa clipart;720
reindeer png;720
christmas wreath png;720
xmas clipart;720
christmas clipart transparent;590
winter clipart border;590
winter olympic clipart;590
santa and reindeer clipart;590
christmas trees wall art;590
christmas clipart angel;480
christmas clipart easy;480
christmas clipart frame;480
christmas clipart png;480
christmas frame clipart;480
christmas clipart penguin;480
winter holiday clipart;480
clipart xmas;480
holiday clipart christmas;480
holiday lights clipart;480
christmas tree png transparent;480
clipart of santa;480
clipart of santa claus;480
santa reindeer clipart;480
christmas wall art ideas;480
snow globe png;480
vintage christmas printables free;480
vintage christmas prints free;480
christmas garland png;480
pink christmas clipart;480
christmas bow png;480
christmas clipart candy cane;390
christmas clipart christian;390
christmas clipart cute;390
christmas clipart scene;390
christmas seamless pattern;390
cute gingerbread man clipart;390
free santa clipart;390
christmas wall art diy;390
christmas printables templates;390
vintage christmas tree prints;390
santa claus sleigh png;390
pink bow christmas wallpaper;390
santa sleigh png;390
christmas clipart cartoon;320
christmas clipart outline;320
christmas houses clipart;320
christmas in july clipart;320
christmas music clipart;320
winter hats clipart;320
christmas seamless patterns;320
gingerbread man clipart free;320
melted snowman clipart;320
santa sleigh reindeer clipart;320
snowman melting clipart;320
christmas activities free printables;320
printable christmas decorations free;320
nutcracker png;320
christmas mug designs;260
christmas clipart nativity;260
elegant christmas clipart;260
christmas thank you clipart;260
clipart of winter season;260
clipart winter season;260
free vintage christmas clipart;260
black santa clipart;260
santa clipart images;260
build a snowman clipart;260
building snowman clipart;260
pictures with santa clipart;260
reindeer antler png;260
snowman clipart outline;260
vintage santa claus clipart;260
nutcracker ballet clipart;260
christmas printables images;260
retro santa clipart;260
christmas mug design;260
christmas watercolor clipart;260
christmas clipart drawings;210
christmas clipart family;210
christmas clipart food;210
christmas clipart jesus;210
christmas clipart ribbon;210
christmas clipart simple;210
vintage christmas tree clipart;210
holiday wreath clipart;210
winter clipart snowman;210
santa and elf clipart;210
santa and elves clipart;210
santa clipart easy;210
santa elves clipart;210
abominable snowman clipart;210
winter snowman clipart;210
merry christmas signs printable;210
christmas bells png;210
christmas clipart coloring pages;170
christmas clipart dog;170
christmas clipart holly;170
christmas clipart no background;170
christmas clipart wallpaper;170
winter jacket clipart;170
winter mitten clipart;170
all holiday clipart;170
holiday garland clipart;170
holiday sweater clipart;170
gingerbread clipart free;170
simple gingerbread house clipart;170
cute nutcracker clipart;170
santa claus head clipart;170
christmas wall art printables;170
christmas printables art;170
christmas colouring in printables;170
christmas printables wall art;170
retro christmas printables;170
christmas sublimation ideas;140
sublimation ideas for christmas;140
christmas clipart printable;140
merry christmas clipart images;140
hello winter clipart;140
winter clipart background;140
holiday decor clipart;140
cute pink christmas clipart;140
gingerbread people clipart;140
santa boots clipart;140
santa clipart cute;140
letters to santa clipart;140
santa list clipart;140
santa with list clipart;140
snowman arm clipart;140
snowman clipart cute;140
christmas printables preschool;140
christmas signs printable;140
printable christmas signs;140
candy cane png transparent;140
snowy tree png;140
christmas sublimation designs;110
christmas clipart banner;110
christmas clipart design;110
christmas clipart mistletoe;110
christmas 2026 clipart;110
winter disney clipart;110
cartoon christmas tree png;110
christmas tree png cartoon;110
cute santa hat clipart;110
cute snowman face clipart;110
snowman clipart png;110
snowman head clipart;110
christmas sugar cookies clipart;110
christmas wall art decor;110
printable christmas poster;110
christmas poster printable;110
christmas words clipart;110
christmas clipart free download;90
christmas clipart letters;90
christmas clipart ornaments;90
christmas joy clipart;90
christmas owl clipart;90
jack skellington christmas clipart;90
vintage christmas ornaments clipart;90
christmas clipart reindeer;90
winter clipart cute;90
winter flower clipart;90
winter owl clipart;90
winter reading clipart;90
gingerbread border clipart;90
gingerbread candy clipart;90
gingerbread house candy clipart;90
gingerbread man clipart outline;90
gingerbread woman clipart;90
pink gingerbread house clipart;90
christmas tree cake png;90
dirty santa clipart;90
gingerbread village clipart;90
santa clipart png;90
santa hat clipart png;90
white christmas tree png;90
nutcracker ballet clipart free;90
pink santa clipart;90
santa letter clipart;90
snowman family clipart;90
snowman top hat clipart;90
christmas elves printables;90
western christmas clipart;90
cute christmas stocking clipart;90
holly berry png;90
candy cane border png;90
funny christmas png;90
merry christmas words clipart;90
aesthetic christmas tree clipart;70
christmas ball ornament clipart;70
christmas clipart aesthetic;70
christmas clipart black;70
christmas clipart coloring;70
christmas clipart garland;70
christmas clipart gingerbread man;70
christmas highland cow clipart;70
tangled christmas lights clipart;70
christmas clipart watercolor;70
christmas new year clipart;70
winter clipart easy;70
winter clipart png;70
winter fox clipart;70
winter gnomes clipart;70
christmas digital paper;70
christmas digital papers;70
digital christmas paper;70
holiday dinner clipart;70
holiday shopping clipart;70
gingerbread face clipart;70
gingerbread family clipart;70
gingerbread man running clipart;70
pink gingerbread clipart;70
christmas tree png free;70
drunk santa clipart;70
gingerbread house window clipart;70
pink snowman clipart;70
santa in chimney clipart;70
snowman clipart easy;70
snowman clipart simple;70
snowman eyes clipart;70
snowman nose clipart;70
vintage snowman clipart;70
christmas wall art prints;70
the nutcracker clipart;70
christmas printables quotes;70
christmas quote printables;70
mistletoe clipart free;70
christmas clipart;60
christmas sublimation designs free;50
christmas clipart gingerbread;50
christmas jingle bells clipart;50
christmas clipart santa hat;50
christmas clipart to color;50
christmas clipart white background;50
cute winter animal clipart;50
winter bear clipart;50
winter garland clipart;50
winter snow globe clipart;50
holiday baking clipart;50
holiday food clipart;50
holiday gnome clipart;50
winter pine tree clipart;50
winter village clipart;50
disney gingerbread clipart;50
gingerbread house clipart easy;50
gingerbread house door clipart;50
pastel christmas clipart;50
christmas tree png vector;50
gingerbread train clipart;50
santa clipart drawing;50
vintage santa clipart free;50
happy snowman clipart;50
reindeer clipart png;50
santa mail clipart;50
santa mailbox clipart;50
christmas village wall art;50
christmas wall art pictures;50
christmas wall art set;50
empty snow globe png;50
christmas printables christian;50
candy cane clipart png;50
santa sleigh silhouette png;50
christmas mug design ideas;40
christmas sublimation blanks;40
christmas tumbler wraps;40
christmas elephant clipart;40
christmas hippo clipart;40
dachshund christmas clipart;40
olaf christmas clipart;40
christmas clipart vintage;40
christmas unicorn clipart;40
happy winter clipart;40
christmas digital paper free;40
digital christmas paper free;40
disney holiday clipart;40
funny holiday clipart;40
holiday bow clipart;40
holiday clipart png;40
winter clipart tree;40
gingerbread clipart cute;40
gingerbread tree clipart;40
mickey gingerbread clipart;40
the gingerbread man clipart;40
vintage merry christmas clipart;40
christmas tree png drawing;40
christmas tree png simple;40
dancing santa clipart;40
dear santa clipart;40
santa claus clipart easy;40
santa coat clipart;40
santa eating cookies clipart;40
make a snowman clipart;40
making a snowman clipart;40
nutcracker clipart easy;40
nutcracker face clipart;40
sam the snowman clipart;40
snowman mouth clipart;40
farmhouse christmas wall art;40
nutcracker ballerina clipart;40
oversized christmas wall art;40
xmas tree wall art;40
christmas garland border png;40
christmas garland png transparent;40
christmas wreath border png;40
snowy pine tree png;40
stocking christmas clipart;40
christmas candy cane png;40
christmas tumbler wrap;40
gingerbread house clipart simple;40
christmas tree clipart;33
clipart of christmas tree;33
christmas clipart tree;33
clipart of xmas tree;33
xmas tree clipart;33
christmas printables to color;33
christmas sublimation shirts;30
christmas clipart blue;30
christmas clipart gift;30
christmas clipart gingerbread house;30
christmas clipart gnomes;30
christmas clipart ideas;30
christmas coffee mug clipart;30
christmas karaoke clipart;30
pink christmas lights clipart;30
white christmas movie clipart;30
christmas clipart vector;30
christmas quotes clipart;30
melonheadz winter clipart;30
mickey mouse winter clipart;30
winter clipart outline;30
winter deer clipart;30
winter greenery clipart;30
winter mountain clipart;30
holiday drink clipart;30
winter clipart scene;30
winter clipart transparent;30
gingerbread clipart png;30
gingerbread door clipart;30
gingerbread house village clipart;30
gingerbread man face clipart;30
gingerbread man shrek clipart;30
pastel christmas tree clipart;30
pink christmas ornaments clipart;30
pink christmas stocking clipart;30
pink christmas wreath clipart;30
pink gingerbread man clipart;30
winter seamless pattern;30
christmas tree image png;30
christmas tree png silhouette;30
decorated christmas tree png;30
gingerbread christmas tree clipart;30
plain christmas tree png;30
santa clipart face;30
santa clipart outline;30
black nutcracker clipart;30
nutcracker characters clipart;30
peeking santa clipart;30
reindeer hat png;30
reindeer headband png;30
reindeer horns png;30
reindeer silhouette png;30
santa claus clipart png;30
santa clipart simple;30
santa muerte clipart;30
santa outfit clipart;30
santa's reindeer png;30
snowman body clipart;30
snowman clipart drawing;30
snowman looking up clipart;30
baking christmas cookies clipart;30
big christmas wall art;30
christmas vacation wall art;30
christmas wall art vintage;30
hot cocoa mug png;30
watercolor nutcracker clipart;30
free christmas poster printables;30
printable christmas wall decor;30
printable christmas wall decorations;30
christmas printables kindergarten;30
christmas wreath transparent png;30
garland christmas png;30
santa in sleigh png;30
boho christmas clipart;30
candy cane frame png;30
candy cane heart png;30
christmas bow png transparent;30
christmas sublimation;30
gingerbread man house clipart;30
christmas printables coloring;22
christmas printables coloring pages;22
christmas ornament sublimation;20
christmas sublimation png;20
nightmare before christmas sublimation;20
christmas clipart animals;20
christmas clipart art;20
christmas clipart characters;20
christmas clipart doodles;20
christmas clipart kawaii;20
christmas farm animals clipart;20
christmas golf cart clipart;20
christmas kitchen clipart;20
nyc christmas clipart;20
christmas clipart red;20
christmas clipart to draw;20
christmas quilt clipart;20
christmas room clipart;20
new york christmas clipart;20
rustic christmas tree clipart;20
vintage christmas wreath clipart;20
winter cap clipart;20
winter clipart drawing;20
winter ear muffs clipart;20
winter heart clipart;20
winter is coming clipart;20
winter letters clipart;20
winter night clipart;20
christmas tree watercolor clipart;20
family holiday clipart;20
holiday word clipart;20
spring holiday clipart;20
vintage holiday clipart;20
watercolor christmas clipart free;20
watercolor christmas wreath clipart;20
winter clipart wallpaper;20
boho christmas tree clipart;20
gingerbread house clipart png;20
gingerbread house decorations clipart;20
gingerbread man story clipart;20
pastel gingerbread house clipart;20
pink christmas bow clipart;20
pink christmas hat clipart;20
shabby chic christmas crafts;20
simple gingerbread man clipart;20
christmas tree png cute;20
christmas tree png images;20
christmas tree png outline;20
christmas tree png realistic;20
christmas tree skirt png;20
green santa hat clipart;20
grinch santa hat clipart;20
happy santa clipart;20
merry christmas tree png;20
mini christmas tree png;20
santa and snowman clipart;20
santa gnome clipart;20
whoville christmas tree png;20
3 snowman clipart;20
dancing snowman clipart;20
merry christmas snowman clipart;20
mexican santa clipart;20
peeking snowman clipart;20
reindeer antlers headband png;20
reindeer christmas png;20
santa claus house clipart;20
santa in pajamas clipart;20
santa train clipart;20
santa with sack clipart;20
snowman clipart printable;20
snowman couple clipart;20
snowman holding sign clipart;20
snowman snow globe clipart;20
vintage santa face clipart;20
whimsical snowman clipart;20
white snowman clipart;20
christmas gingerbread cookies clipart;20
christmas ornament wall art;20
christmas snow globe png;20
christmas wall art christian;20
nutcracker head clipart;20
snow globe png transparent;20
vintage nutcracker clipart;20
christmas in july printables;20
candy cane png clipart;20
candy cane png free;20
mistletoe christmas clipart;20
mistletoe clipart easy;20
snowy christmas tree png;20
watercolor pine tree png;20
cartoon candy cane png;20
coquette christmas clipart;20
funny santa png;20
merry christmas lettering png;20
retro christmas png;20
clipart of a snowman;18
snowman clipart;18
winter clipart;14
winter cliparts;14
christmas clipart merry christmas;12
merry xmas clipart;12
santa clipart;12
christmas gnome sublimation designs;10
christmas mug design png;10
christmas mug design template;10
christmas sublimation background;10
christmas sublimation bundle;10
christmas sublimation earring designs;10
christmas sublimation earrings;10
christmas sublimation gifts;10
christmas sublimation images;10
christmas sublimation mug designs;10
christmas sublimation ornaments;10
christmas sublimation prints;10
christmas sublimation shirt ideas;10
christmas sublimation svg;10
christmas sublimation tumbler designs;10
christmas sublimation tumblers;10
christmas tumbler wrap svg;10
christmas tumbler wraps free;10
christmas vacation sublimation designs;10
cute christmas sublimation designs;10
diy christmas mug designs;10
free christmas sublimation designs;10
funny christmas sublimation designs;10
holiday sublimation designs;10
merry christmas mug design;10
mug design ideas christmas;10
sublimation christmas pajamas;10
sublimation ugly christmas sweater;10
winter sublimation designs;10
christmas clipart bundle;10
christmas clipart collage;10
christmas clipart deer;10
christmas clipart gold;10
christmas clipart green;10
christmas clipart hd;10
christmas clipart horizontal;10
christmas clipart house;10
christmas clipart icons;10
christmas clipart illustration;10
christmas clipart landscape;10
christmas clipart line;10
christmas clipart mouse;10
christmas clipart nutcracker;10
christmas clipart pattern;10
christmas clipart png free;10
christmas cookie jar clipart;10
christmas elf face clipart;10
christmas funny png;10
christmas jumper clipart;10
christmas lego clipart;10
daisy christmas clipart;10
funny christmas png free;10
funny christmas png images;10
funny christmas shirt png;10
labubu clipart christmas;10
merry christmas funny png;10
monkey christmas clipart;10
santa merry christmas clipart;10
vintage christmas clipart images;10
1950s christmas clipart;10
1st christmas clipart;10
christmas clipart 3d;10
christmas clipart party;10
christmas clipart round;10
christmas clipart set;10
christmas clipart stickers;10
christmas clipart video;10
christmas clipart white;10
christmas tree clipart 3d;10
christmas yeti clipart;10
cute christmas wallpaper clipart;10
gloves winter clipart;10
house in winter clipart;10
my 1st christmas clipart;10
red winter hat clipart;10
unique christmas clipart;10
winter animals clipart free;10
winter clipart animals;10
winter decorations clipart;10
winter drinks clipart;10
winter fairy clipart;10
winter floral clipart;10
winter leaves clipart;10
winter melon clipart;10
winter moose clipart;10
winter nature clipart;10
winter objects clipart;10
winter onederland clipart;10
winter season food clipart;10
yellow christmas clipart;10
beach holiday clipart;10
christmas png bundle;10
christmas seamless pattern collection;10
christmas seamless pattern free;10
christmas watercolor clipart free;10
cute xmas tree clipart;10
digital christmas scrapbook paper;10
holiday clipart cute;10
holiday clipart summer;10
holiday digital paper;10
holiday travel clipart;10
holiday vacation clipart;10
merry christmas seamless pattern;10
merry christmas watercolor clipart;10
on holiday clipart;10
public holiday clipart;10
retro holiday clipart;10
rustic winter clipart;10
summer holiday homework clipart;10
tet holiday clipart;10
vintage christmas digital paper;10
vintage christmas seamless pattern;10
watercolor christmas lights clipart;10
winter clipart snow;10
winter clipart snowflakes;10
winter clipart watercolor;10
winter rabbit clipart;10
winter reindeer clipart;10
winter religious clipart;10
winter town clipart;10
winter valentine clipart;10
winter vegetables clipart;10
xmas clipart cute;10
xmas clipart png;10
xmas cookies clipart;10
xmas gnomes clipart;10
xmas house clipart;10
xmas tree clipart png;10
christmas boho clipart;10
christmas retro png;10
coquette christmas tree clipart;10
farmhouse christmas png;10
funny gingerbread clipart;10
gingerbread reindeer clipart;10
gingerbread snowman clipart;10
gingerbread star clipart;10
pink christmas aesthetic clipart;10
pink christmas clipart free;10
pink christmas decorations clipart;10
rustic christmas graphics;10
shabby chic christmas background;10
shabby chic christmas diy;10
shabby chic christmas paper;10
shabby chic christmas wallpaper;10
vintage christmas clipart png;10
vintage christmas garland clipart;10
big christmas tree png;10
christmas tree accessories png;10
christmas tree branches png;10
christmas tree decor png;10
christmas tree decoration png;10
christmas tree frame png;10
christmas tree gifts png;10
christmas tree hat png;10
christmas tree icons png;10
christmas tree leaf png;10
christmas tree leaves png;10
christmas tree line png;10
christmas tree ornament png;10
christmas tree png 2d;10
christmas tree png 3d;10
christmas tree png 4k;10
christmas tree png aesthetic;10
christmas tree png animated;10
christmas tree png art;10
christmas tree png black;10
christmas tree png blue;10
christmas tree png design;10
christmas tree png draw;10
christmas tree png gif;10
christmas tree png graphic;10
christmas tree png green;10
christmas tree png hd;10
christmas tree png icon;10
christmas tree png illustration;10
christmas tree png logo;10
christmas tree png minimal;10
christmas tree png photo;10
christmas tree png pink;10
christmas tree png snow;10
christmas tree png sticker;10
christmas tree png watercolor;10
christmas tree png white;10
christmas tree shape png;10
christmas tree sketch png;10
christmas tree stand png;10
dear santa letter clipart;10
female santa clipart;10
gingerbread wreath clipart;10
kawaii christmas tree png;10
light christmas tree png;10
minimalist christmas tree png;10
natural christmas tree png;10
oh christmas tree png;10
orange christmas tree png;10
outdoor christmas tree png;10
ribbon christmas tree png;10
santa claus drawing clipart;10
santa clipart christmas;10
santa clipart funny;10
santa deer clipart;10
santa dress clipart;10
santa gift clipart;10
santa gloves clipart;10
santa with gifts clipart;10
snow christmas tree png;10
ugly christmas tree png;10
flying reindeer png;10
frozen snowman clipart;10
jolly santa clipart;10
kawaii snowman clipart;10
merry christmas reindeer png;10
nutcracker clara clipart;10
nutcracker clipart png;10
nutcracker clipart simple;10
reindeer drawing png;10
reindeer food png;10
reindeer png cartoon;10
reindeer png christmas;10
reindeer sleigh png;10
rudolph reindeer png;10
rustic snowman clipart;10
santa claus clipart outline;10
santa claus images clipart;10
santa claus reindeer png;10
santa riding sleigh clipart;10
santa stop here clipart;10
santa tree clipart;10
santa with reindeer png;10
sleigh with reindeer png;10
snowman clipart blue;10
snowman clipart funny;10
snowman hands clipart;10
valentine snowman clipart;10
vintage reindeer png;10
christmas gnome wall art;10
christmas hanging wall art;10
christmas quote wall art;10
christmas quotes wall art;10
christmas snowman wall art;10
christmas wall art bathroom;10
christmas wall art horizontal;10
christmas wall art jesus;10
christmas wall art mockup;10
christmas wall art modern;10
christmas wall art painting;10
christmas wall art reindeer;10
christmas wall art religious;10
cookies christmas clipart;10
homemade christmas wall art;10
hot cocoa bar png;10
outdoor christmas wall art;10
unique christmas wall art;10
winter wall decor diy;10
belen christmas decor printable;10
christmas bingo printables free;10
christmas printables adults;10
christmas printables cutouts;10
christmas printables elf;10
christmas printables free games;10
christmas printables grinch;10
christmas scripture printables;10
christmas tree poster printable;10
diy holiday room decor;10
gingerbread christmas decor printable;10
merry christmas decor printable;10
merry christmas poster printable;10
printable christmas classroom decor;10
printable christmas decorations 3d;10
5x7 christmas printables;10
5x7 free christmas printables;10
8x10 christmas printables;10
christmas arrow signs printable;10
christmas bathroom signs printable;10
christmas bullet journal printables;10
christmas pillow png;10
christmas png minimalist;10
christmas printables 3d;10
christmas printables letters;10
christmas printables santa;10
christmas printables to frame;10
christmas religious printables;10
christmas signs printable free;10
christmas vacation free printables;10
cowboy christmas png;10
free 4x6 christmas printables;10
free christmas quiz printables;10
free printable holiday art;10
homeschool christmas printables;10
printable holiday art;10
vintage christmas fabric prints;10
vintage christmas wall prints;10
barbie nutcracker png;10
black nutcracker png;10
blue christmas garland png;10
candy cane png cartoon;10
christmas garland frame png;10
christmas jingle bells png;10
christmas lantern png;10
christmas lights garland png;10
christmas nutcracker png;10
christmas tree garland png;10
christmas wreath illustration png;10
christmas wreath png free;10
christmas wreath vector png;10
gold christmas wreath png;10
merry christmas bells png;10
merry christmas garland png;10
merry christmas wreath png;10
nutcracker face png;10
nutcracker hat png;10
pine tree drawing watercolor;10
pink christmas wreath png;10
santa riding sleigh png;10
santa sleigh flying png;10
vintage snowman png;10
watercolor pine tree art;10
blue candy cane png;10
candy cane bow png;10
candy cane stick png;10
christmas bow png free;10
christmas bow tie png;10
christmas gift bow png;10
christmas graphics bundle;10
christmas mug sublimation designs;10
christmas present bow png;10
christmas red bow png;10
christmas tree bow png;10
gold christmas bow png;10
green candy cane png;10
green christmas bow png;10
grinch quotes png;10
merry xmas text png;10
poinsettia clipart png;10
santa funny png;10
winter watercolor png;10
christmas tree png;8
holiday clipart;8
christmas clipart border;6
santa hat clipart;6
christmas holiday wall art;6
christmas wall art;6
wall art xmas;6
xmas wall art;6
gingerbread house clipart;6
christmas clipart lights;5
happy holiday clipart;5
xmas lights clipart;5
christmas printables cards;5
christmas clipart presents;4
christmas tree ornaments clipart;4
xmas gifts clipart;4
xmas ornaments clipart;4
xmas presents clipart;4
santa claus clipart;4
christmas printables word search;4
gingerbread clipart;4
christmas clipart images;3
christmas clipart pictures;3
christmas clipart wreath;3
christmas clipart images free;2
free christmas clipart images;2
santa and sleigh clipart;2
christmas printables cards free;2
santa in sleigh clipart;2
santa on sleigh clipart;2
christmas printables;2
clipart mistletoe;2
mistletoe clipart;2
nutcracker clipart;2
christmas clipart cookies;1
christmas clipart elf;1
christmas clipart elves;1
christmas clipart bells;1
christmas snoopy clipart;1
christmas tree clipart outline;1
christmas clipart snoopy;1
christmas clipart star;1
christmas clipart transparent background;1
christmas clipart background;1
christmas clipart bow;1
christmas clipart disney;1
christmas clipart grinch;1
clipart winter hat;1
winter clipart free;1
free holiday clipart;1
xmas elf clipart;1
xmas hat clipart;1
xmas star clipart;1
disney xmas clipart;1
xmas background clipart;1
xmas bow clipart;1
christmas cookies clipart;1
christmas printables gift tags;1
christmas labels printables free;1
christmas printables free;1
free christmas printables;1
christmas wall art canvas;1
christmas wall art large;1
christmas decor printable;1
christmas printables decor;1
christmas printables decorations;1
printable christmas decorations;1
printable christmas decors;1
christmas printables activities;1
candy cane png;1
christmas printables tags;1
christmas printables ornaments;1
christmas prints vintage;1
pine cone clipart;1
printable christmas decor;1
vintage christmas prints;1
christmas printables pictures;1
christmas printables worksheets;1
christmas stocking clipart;1
christmas clipart for kids;0
kids christmas clipart;0
christmas sublimation gift ideas;0
christmas sublimation mug;0
christmas sublimation shirt design;0
christmas tumbler ideas sublimation;0
sublimation christmas mug;0
sublimation christmas craft ideas;0
sublimation tumbler designs christmas;0
christmas towels sublimation;0
christmas background sublimation;0
christmas sublimation coasters;0
sublimation images christmas;0
christmas air freshener sublimation;0
christmas alphabet letters sublimation;0
christmas bow sublimation;0
sublimation christmas blanket ideas;0
christmas cutting board sublimation;0
christmas sublimation crafts;0
christmas sublimation cups;0
christmas sublimation cutting board;0
christmas sublimation cup designs;0
christmas sublimation craft ideas;0
christmas sublimation designs kids;0
christmas sublimation designs shirts;0
christmas sublimation designs cups;0
christmas sublimation designs tumbler;0
christmas sublimation designs pink;0
christmas sublimation designs mug;0
christmas sublimation designs family;0
christmas sublimation designs boys;0
easy sublimation christmas gifts;0
christmas design for sublimation;0
christmas full sublimation;0
sublimation gifts for christmas;0
sublimation images free christmas;0
sublimation christmas gift;0
diy sublimation christmas gifts;0
grinch christmas sublimation;0
grinch christmas sublimation designs;0
sublimation christmas gifts ideas;0
teacher christmas gifts sublimation;0
hello kitty christmas sublimation;0
christmas in heaven sublimation;0
highland cow christmas sublimation;0
christmas sublimation ideas free;0
christmas sublimation ideas cups;0
christmas sublimation ideas grinch;0
sublimation cup ideas christmas;0
sublimation mugs ideas christmas;0
christmas sublimation jersey;0
jesus christmas sublimation;0
christmas sublimation kids;0
kids christmas sublimation designs;0
sublimation christmas kitchen towels;0
christmas kitchen towel sublimation;0
christmas keychains sublimation;0
christmas lights sublimation;0
christmas sublimation mugs ideas;0
christmas sublimation mug wrap;0
sublimation door mats christmas;0
christmas mug sublimation ideas;0
merry christmas sublimation png;0
sublimation christmas mugs;0
nurse christmas sublimation;0
christmas sublimation ornament ideas;0
sublimation christmas ornaments svg;0
christmas tree ornaments sublimation;0
sublimation christmas ornaments diy;0
personalized sublimation christmas ornaments;0
round sublimation christmas ornaments;0
sublimation christmas ornament designs;0
christmas sublimation products;0
christmas sublimation pillows;0
christmas sublimation pattern;0
sublimation christmas ornaments png;0
sublimation projects ideas christmas;0
retro christmas sublimation;0
christmas sublimation sweatshirt;0
christmas sublimation socks;0
christmas sublimation tumbler ideas;0
christmas sublimation tshirt;0
christmas sublimation tumbler wrap;0
christmas sublimation t-shirt design;0
sublimation tumbler wraps christmas;0
ugly christmas sweaters sublimation;0
vintage christmas sublimation;0
vintage christmas sublimation designs;0
christmas sublimation wrap;0
western christmas sublimation designs;0
christmas mug wrap sublimation;0
western christmas sublimation;0
christmas 2026 sublimation;0
3d sublimation christmas designs;0
3d christmas ornaments sublimation;0
67 christmas sublimation;0
winter sublimation designs free;0
winter sublimation ideas;0
winter sublimation tumblers;0
winter tumbler ideas sublimation;0
sublimation designs winter;0
winter sublimation;0
holiday sublimation ideas;0
festive sublimation holiday ideas;0
sublimation holiday project inspiration;0
holiday sublimation;0
sublimation holiday ideas;0
xmas sublimation designs;0
sublimation xmas ornaments;0
sublimation xmas ideas;0
sublimation xmas gifts;0
xmas sublimation;0
christmas tumbler wrap designs;0
christmas tumbler wrap ideas;0
funny christmas tumbler wraps;0
christmas wrap tumbler;0
grinch christmas tumbler wrap;0
merry christmas tumbler wrap;0
christmas glass tumbler wrap;0
christmas tumbler wrap png;0
pink christmas tumbler wrap;0
christmas story tumbler wrap;0
starbucks christmas tumbler wrap;0
stitch christmas tumbler wrap;0
christmas 20oz tumbler wrap;0
winter tumbler wrap;0
christmas mug designs diy;0
christmas mug design easy;0
christmas mug design cricut;0
christmas mug design simple;0
christmas mug designs painted;0
christmas mug design painting;0
ceramic mug christmas designs;0
christmas mug design kids;0
white christmas mug design;0
christmas mug pottery design;0
aesthetic christmas mug design;0
sublimation mug designs christmas;0
mug background design christmas;0
christmas beer mug design;0
christmas mug design cute;0
design for christmas mug;0
christmas design on mug;0
christmas mug design diy;0
christmas mug design drawing;0
enamel mug christmas design;0
christmas mug design funny;0
christmas mug design grinch;0
christmas mug graphic design;0
christmas mug gift design;0
glass mug design christmas;0
christmas house mug design;0
mug inspo design christmas;0
christmas mug design printable;0
christmas mug design paint;0
pink christmas mug design;0
mug printing design christmas;0
christmas mug print design;0
christmas mug sublimation design;0
christmas theme mug design;0
christmas mug design vector;0
mug with christmas design;0
christmas mug wrap design;0
3d mug christmas design;0
christmas glass can wraps;0
christmas glass can svg;0
christmas can glass wrap;0
funny christmas pngs;0
christmas stickers png funny;0
funny christmas pickle png;0
funny christmas pictures png;0
sarcastic christmas png;0
christmas cliparts;0
snoopy christmas images clipart;0
christmas clipart art ideas;0
christmas line art clipart;0
christmas clipart bear;0
christmas clipart baby;0
christmas clipart cute simple;0
christmas clipart canva;0
christmas clipart drawings easy;0
christmas clipart drawing ideas;0
christmas clipart draw;0
christmas clipart elements;0
christmas elf clipart kız;0
christmas envelopes clipart;0
christmas clipart faceless;0
christmas clipart girly;0
christmas clipart hello kitty;0
christmas clipart home alone;0
christmas clipart hand drawn;0
christmas hanging clipart;0
christmas clipart images cute;0
christmas images clipart funny;0
jesus born christmas clipart;0
christmas jelly cat clipart;0
holly jolly christmas clipart;0
christmas clipart baby jesus;0
christmas clipart kids;0
merry christmas kids clipart;0
lion king christmas clipart;0
christmas party kids clipart;0
kpop christmas clipart;0
kuromi christmas clipart;0
cute christmas clipart kids;0
christmas lamp clipart;0
christmas clipart melonheadz;0
christmas clipart no face;0
christmas nativity images clipart;0
watercolor christmas ornaments clipart;0
inside out christmas clipart;0
christmas clipart pastel;0
christmas clipart painting;0
christmas clipart purple;0
quirky christmas clipart;0
christmas clipart robin;0
christmas rudolph clipart;0
christmas rooftop clipart;0
christmas clipart snowflake;0
christmas clipart tpt;0
christmas clipart template;0
christmas clipart train;0
christmas clipart trendy;0
pink christmas truck clipart;0
pink vintage christmas clipart;0
vintage christmas watercolor clipart;0
christmas clipart words;0
christmas clipart whimsical;0
christmas clipart without face;0
sweet christmas watercolor clipart;0
baby 1st christmas clipart;0
christmas clipart 2026;0
2000s christmas clipart;0
50s christmas clipart;0
christmas 67 clipart;0
90s christmas clipart;0
winter clipart for kids;0
winter clipart free printable;0
winter clipart illustration;0
winter clipart aesthetic;0
winter home clipart;0
winter transparent clipart;0
winter child clipart;0
winter highland cow clipart;0
winter clothes girl clipart;0
winter wood clipart;0
winter and summer clipart;0
winter clipart blue;0
winter clipart bundle;0
winter clipart boy;0
winter baby shower clipart;0
kids winter boots clipart;0
winter bilder clipart;0
winter clipart cute cartoon;0
winter clipart cartoon;0
winter clipart collage;0
winter clipart classroom;0
dog winter clipart;0
winter season clipart drawing;0
winter days clipart;0
winter duck clipart;0
dark winter clipart;0
winter doodle clipart;0
winter design clipart;0
clipart eule winter;0
winter elf clipart;0
winter elements clipart;0
winter girls clipart;0
winter glove clipart;0
pink winter girl clipart;0
girl winter clipart;0
winter hello kitty clipart;0
winter icons clipart;0
igel winter clipart;0
family in winter clipart;0
indian winter season clipart;0
bear in winter clipart;0
january clipart winter;0
japanese clipart winter;0
winter jellycat clipart;0
winter jumper clipart;0
winter clipart kids;0
winter kawaii clipart;0
winter clothes kids clipart;0
winter season kids clipart;0
winter kid clipart;0
winter clipart landscape;0
winter land clipart;0
winter leaf clipart;0
winter landschaft clipart;0
winter mugs clipart;0
mouse winter clipart;0
mickey winter clipart;0
nyc winter clipart;0
winter outfits clipart;0
kids winter outfits clipart;0
clipart of winter cap;0
winter clipart preschool;0
winter clipart printable;0
winter season pictures clipart;0
school holiday clipart;0
winter rahmen clipart;0
gingerbread girl clipart;0
polar bear clipart winter;0
pink winter wonderland clipart;0
winter photos clipart;0
quirky winter clipart;0
winter clipart rain;0
winter related clipart;0
retro winter clipart;0
winter clipart simple;0
winter clipart set;0
winter sky clipart;0
winter season scene clipart;0
winter clipart to color;0
winter trousers clipart;0
winter season tree clipart;0
winter train clipart;0
winter tea clipart;0
winter clipart vintage;0
winter vacations clipart;0
winter vibes clipart;0
winter clipart word;0
holiday clipart for kids;0
holiday clipart for invitations;0
holiday clipart aesthetic;0
holiday clipart kids;0
holiday clipart thanksgiving;0
holiday summer clipart;0
holiday coffee clipart;0
eid holiday clipart;0
go on holiday clipart;0
pink holiday clipart;0
happy summer holiday clipart;0
winter holiday homework clipart;0
xmas clipart for kids;0
white xmas tree clipart;0
xmas garland clipart;0
xmas wreaths clipart;0
xmas angel clipart;0
xmas bell clipart;0
nightmare before xmas clipart;0
xmas decor clipart;0
xmas food clipart;0
xmas gingerbread man clipart;0
green xmas clipart;0
pink xmas clipart;0
pink xmas tree clipart;0
xmas robin clipart;0
xmas sweater clipart;0
xmas socks clipart;0
xmas watercolor clipart;0
christmas bundle png;0
church christmas graphics bundle;0
christmas watercolor cliparts;0
watercolor christmas decor clipart;0
watercolor christmas house clipart;0
blue christmas watercolor clipart;0
clipart watercolor christmas;0
watercolor christmas clipart bundle;0
watercolor christmas clipart illustrations;0
pink christmas watercolor clipart;0
watercolor winter png;0
merry christmas digital paper;0
christmas plaid digital paper;0
cute christmas digital paper;0
watercolor christmas digital paper;0
digital papers christmas;0
blue christmas digital paper;0
christmas glitter digital paper;0
red christmas digital paper;0
christmas wrapping paper digital;0
christmas seamless pattern backgrounds;0
christmas seamless pattern design;0
christmas seamless pattern vector;0
christmas seamless pattern wallpaper;0
christmas seamless pattern svg;0
christmas seamless pattern pink;0
christmas seamless pattern watercolor;0
christmas seamless pattern simple;0
blue christmas seamless pattern;0
christmas wreath seamless pattern;0
christmas trees seamless pattern;0
christmas watercolor seamless pattern;0
christmas bow seamless pattern;0
boho christmas seamless pattern;0
seamless christmas pattern background;0
disney christmas seamless pattern;0
christmas doodle seamless pattern;0
christmas dog seamless pattern;0
christmas floral seamless pattern;0
seamless pattern for christmas;0
christmas frames seamless pattern;0
christmas seamless pattern green;0
grinch christmas seamless pattern;0
christmas gnome seamless pattern;0
girly christmas seamless pattern;0
seamless pattern christmas illustration;0
christmas light seamless pattern;0
mickey christmas seamless pattern;0
minimalist christmas seamless pattern;0
christmas ornament seamless pattern;0
christmas seamless pattern red;0
retro christmas seamless pattern;0
christmas toile seamless pattern;0
seamless christmas tree pattern;0
christmas themed seamless pattern;0
christmas truck seamless pattern;0
christmas seamless pattern vintage;0
christmas village seamless pattern;0
christmas vacation seamless pattern;0
western christmas seamless pattern;0
winter seamless pattern background;0
winter seamless patterns;0
winter animal seamless pattern;0
winter floral seamless pattern;0
seamless pattern winter;0
winter wonderland seamless pattern;0
cozy winter seamless pattern;0
cute winter seamless pattern;0
seamless patterns winter;0
christmas graphic set;0
retro christmas png images;0
retro christmas pngs;0
christmas tree retro png;0
retro vintage christmas png;0
retro christmas aesthetic png;0
retro christmas shirt png;0
vintage christmas cliparts;0
christmas vintage cliparts;0
vintage christmas scenes clipart;0
vintage christmas angel clipart;0
vintage disney christmas clipart;0
vintage christmas presents clipart;0
vintage christmas stocking clipart;0
christmas coquette clipart;0
pink christmas clipart png;0
pink christmas cliparts;0
christmas images clipart pink;0
pink christmas gnomes clipart;0
pink christmas png clipart;0
pink christmas balls clipart;0
pink christmas decor clipart;0
pink christmas elf clipart;0
pink christmas garland clipart;0
pink christmas gingerbread clipart;0
pink christmas gift clipart;0
merry christmas clipart pink;0
pink nutcracker christmas clipart;0
pink clipart christmas tree;0
nostalgic christmas clipart;0
shabby chic christmas clipart;0
shabby chic christmas crochet;0
shabby chic christmas drawing;0
shabby chic christmas prints;0
shabby chic christmas party;0
shabby chic christmas printables;0
shabby chic christmas tags;0
shabby chic christmas wrapping;0
pastel christmas candy clipart;0
pastel christmas lights clipart;0
christmas pastel clipart;0
christmas classic png;0
classic christmas png;0
gingerbread clipart christmas;0
gingerbread clipart free printable;0
gingerbread cliparts;0
gingerbread christmas decor clipart;0
gingerbread house cute clipart;0
gingerbread aesthetic clipart;0
blue gingerbread house clipart;0
gingerbread baker clipart;0
gingerbread bow clipart;0
gingerbread baking clipart;0
gingerbread house designs clipart;0
disney gingerbread house clipart;0
gingerbread house clipart christmas;0
hello kitty gingerbread clipart;0
gingerbread house ideas clipart;0
gingerbread latte clipart;0
gingerbread nutcracker clipart;0
pink gingerbread girl clipart;0
pastel gingerbread clipart;0
gingerbread sleigh clipart;0
gingerbread sign clipart;0
tall gingerbread house clipart;0
gingerbread town clipart;0
vintage gingerbread clipart;0
gingerbread watercolor clipart;0
gingerbread man watercolor clipart;0
christmas tree png pubmat;0
glitter christmas tree png;0
christmas tree png anime;0
christmas tree png branch;0
blurry christmas tree png;0
christmas tree bauble png;0
bare christmas tree png;0
christmas tree png colorful;0
christmas tree png doodle;0
christmas tree png decoration;0
christmas tree png emoji;0
christmas tree png empty;0
christmas tree elegant png;0
frozen christmas tree png;0
filipino christmas tree png;0
christmas tree forest png;0
christmas tree png gold;0
christmas tree png gacha;0
grand christmas tree png;0
christmas tree ideas png;0
christmas tree in png;0
christmas tree on png;0
png of christmas tree;0
christmas tree png pixel;0
christmas tree png purple;0
christmas tree png plain;0
christmas tree png red;0
christmas tree round png;0
christmas tree real png;0
christmas tree png silver;0
christmas tree stickers png;0
star christmas tree png;0
christmas tree png vintage;0
christmas tree png video;0
victorian christmas tree png;0
yellow christmas tree png;0
vintage christmas stamps printable;0
vintage christmas stamps wallpaper;0
christmas postage stamps printable;0
christmas postage stamps crafts;0
christmas postage stamps illustration;0
christmas postage stamps wallpaper;0
christmas postage stamps png;0
christmas postage stamps art;0
christmas swirls png;0
santa clipart free printable;0
santa clipart no face;0
santa clipart without face;0
santa claus workshop clipart;0
santa clipart for kids;0
bad santa clipart;0
sitting santa clipart;0
santa and rudolf clipart;0
aesthetic santa hat clipart;0
santa and tree clipart;0
santa baby clipart;0
blue santa claus clipart;0
santa barbara clipart;0
santa mail box clipart;0
gorro de santa clipart;0
disco santa clipart;0
christmas elf clipart santa;0
elf clipart santa;0
santa clipart faceless;0
santa clause face clipart;0
girl santa claus clipart;0
girl santa clipart;0
baby snowman clipart;0
girl snowman clipart;0
christmas printables banner;0
christmas printables for kids;0
christmas printables for toddlers;0
santa hanging clipart;0
christmas images clipart santa;0
santa and jesus clipart;0
kawaii santa claus clipart;0
lady santa claus clipart;0
santa lucia clipart;0
santa letter box clipart;0
santa monica pier clipart;0
mini santa clipart;0
santa monica clipart;0
pink santa claus clipart;0
quirky santa clipart;0
reindeer with santa clipart;0
santa rosa clipart;0
red santa clipart;0
santa twerking clipart;0
trineo santa clipart;0
the santa clause clipart;0
santa vintage clipart;0
santa claus watercolor clipart;0
watercolor santa clipart;0
snowman clipart free printable;0
snowman clipart for kids;0
snowman images clipart;0
big snowman clipart;0
snowman clipart aesthetic;0
snowman clipart cutout;0
cute girl snowman clipart;0
gold snowman clipart;0
good morning snowman clipart;0
green snowman clipart;0
snowman clipart image;0
snowmen clipart snowman images;0
snowman clipart no face;0
snowman clipart purple;0
pastel snowman clipart;0
quirky snowman clipart;0
red snowman clipart;0
snowman clipart sticker;0
snowman watercolor clipart;0
christmas snowman clipart winter;0
reindeer png aesthetic;0
reindeer png antlers;0
reindeer png cute;0
reindeer png icon;0
reindeer pngs;0
reindeer png face;0
reindeer png head;0
baby reindeer png;0
white reindeer png;0
reindeer tiara png;0
reindeer costume png;0
golden reindeer png;0
reindeer and sleigh png;0
christmas png aesthetic reindeer;0
arctic reindeer png;0
reindeer bow png;0
christmas icons png reindeer;0
christmas reindeer ears png;0
christmas reindeer horns png;0
reindeer ear png;0
reindeer filter png;0
reindeer face filter png;0
faceless reindeer template png;0
reindeer gif png;0
christmas reindeer hat png;0
christmas reindeer headband png;0
reindeer jellycat png;0
red nose reindeer png;0
reindeer name png;0
sylvanian reindeer png;0
reindeer slippers png;0
reindeer shirt png;0
reindeer sticker png;0
santa ride reindeer png;0
reindeer toy png;0
reindeer tail png;0
nutcracker clipart cute;0
nutcracker cliparts;0
blue nutcracker clipart;0
gold nutcracker clipart;0
nutcracker pink clipart;0
green nutcracker clipart;0
nutcracker christmas clipart;0
bear nutcracker clipart;0
girl nutcracker clipart;0
nutcracker image clipart;0
mickey nutcracker clipart;0
nutcracker pastel clipart;0
red nutcracker clipart;0
hot cocoa png aesthetic;0
hot cocoa png icon;0
hot cocoa png drawing;0
hot cocoa png christmas;0
tadc hot cocoa png;0
hot cocoa cookie png;0
hot cocoa cup png;0
cute hot cocoa png;0
pink hot cocoa png;0
png hot cocoa;0
hot cocoa christmas png;0
hot cocoa aesthetic png;0
hot cocoa drink png;0
cute christmas cookies clipart;0
snow globe png aesthetic;0
snow globe png icon;0
snow globe pink png;0
winter snow globe png;0
coquette snow globe png;0
blue snow globe png;0
ballerina snow globe png;0
snow globe frame png;0
png snow globe;0
snow globe aesthetic png;0
christmas wall art aesthetic;0
spackle wall art christmas;0
christmas wall art drawing;0
christmas wall art idea;0
christmas wall art abstract;0
christmas wall art blue;0
christmas wall art bedroom;0
christmas wall art bundle;0
christmas wall art black;0
christmas bag wall art;0
christmas wall art collage;0
christmas wall art craft;0
christmas wall art classroom;0
christmas wall art cute;0
christmas wall art cricut;0
christmas wall art cover;0
christmas wall art classic;0
christmas wall art chalk;0
christmas wall art design;0
christmas wall art decoration;0
christmas wall art display;0
christmas wall art digital;0
christmas wall art daycare;0
christmas wall art easy;0
elegant christmas wall art;0
christmas wall art frames;0
christmas wall art free;0
christmas wall art funny;0
christmas wall art farmhouse;0
christmas wall art gallery;0
christmas wall art gingerbread;0
christmas wall art grinch;0
christmas wall art green;0
christmas wall art girly;0
christmas glass wall art;0
handprint christmas wall art;0
christmas house wall art;0
christmas wall art inspiration;0
christmas wall art images;0
christmas wall art illustration;0
christmas wall art kids;0
christmas wall art kitchen;0
christmas kid wall art;0
kitschy christmas wall art;0
christmas wall art landscape;0
christmas wall art laser;0
christmas list wall art;0
christmas wall art minimalist;0
christmas wall art moody;0
christmas moss wall art;0
christmas mantel wall art;0
christmas movies wall art;0
christmas minimal wall art;0
christmas wall art nativity;0
christmas wall art nutcracker;0
christmas wall art nursery;0
nyc christmas wall art;0
nostalgic christmas wall art;0
christmas wall art pink;0
christmas wall art poster;0
christmas wall art preschool;0
christmas-wall-art-printables-free;0
christmas wall art pdf;0
christmas wall art quotes;0
quilted christmas wall art;0
christmas wall art red;0
round christmas wall art;0
christmas wall art santa;0
christmas wall art simple;0
christmas wall art school;0
christmas wall art sayings;0
christmas wall art styling;0
christmas wall art snoopy;0
christmas wall art signs;0
christmas song wall art;0
christmas wall art tree;0
christmas wall art toddler;0
textured wall art christmas;0
christmas verse wall art;0
christmas wall art watercolor;0
christmas wall art wood;0
christmas wall art wreath;0
christmas wall art white;0
yarn wall art christmas;0
christmas wall art 2026;0
christmas wall art 3;0
christmas wall art 3d;0
90s christmas wall art;0
winter wall decorations kindergarten;0
winter decor wall art;0
winter wall decor craft;0
winter wall decor kindergarten;0
winter party wall decor;0
winter paper wall decor;0
printable christmas decorations crafts;0
printable christmas decor ideas;0
printable christmas decorations pink;0
printable christmas decorations candy;0
printable christmas decorations blue;0
blue christmas decorations printable;0
candyland christmas decorations printable;0
christmas decoration free printable;0
christmas decor window printable;0
christmas decor printable tree;0
christmas free printable decor;0
christmas light decor printable;0
aesthetic christmas decor printable;0
classroom decorations christmas printable;0
printable christmas decor blue;0
christmas decor banner printable;0
christmas ball decor printable;0
christmas decor bell printable;0
printable christmas party decor;0
christmas decor printable elf;0
christmas decor printable template;0
printable christmas decor free;0
printable for christmas decor;0
christmas fireplace decor printable;0
funny christmas decor printable;0
gold christmas decor printable;0
grinch christmas decor printable;0
christmas decor printable green;0
christmas gifts decor printable;0
gift christmas decor printable;0
garland christmas decor printable;0
christmas decor printable hd;0
hanging christmas decor printable;0
christmas home decor printable;0
christmas decor printable house;0
christmas decor printable jesus;0
christmas decor printable kids;0
christmas decor printable letters;0
lollipop christmas decor printable;0
printable christmas decor office;0
christmas decor printable ornaments;0
christmas decor printable ribbon;0
christmas decor printable reindeer;0
red christmas decor printable;0
printable christmas room decor;0
silver christmas decor printable;0
simple christmas decor printable;0
christmas decor printable stickers;0
christmas decor sticker printable;0
christmas decor printable snowflakes;0
christmas decor printable star;0
christmas decor printable santa;0
christmas decor printable socks;0
printable christmas table decor;0
christmas decor things printable;0
vintage christmas decor printable;0
printable white christmas decor;0
printable christmas decor xmas;0
3d printable christmas decor;0
christmas poster printables;0
christmas poster printables free;0
christmas poster aesthetic printable;0
printable christmas poster free;0
printable vintage christmas poster;0
pink christmas poster printable;0
christmas wall poster printable;0
christmas printables poster;0
holiday room decor diy;0
cute holiday room decor;0
holiday party room decor;0
christmas printables free templates;0
christmas printables free kids;0
christmas printables kids;0
christmas printables stickers;0
christmas printables aesthetic;0
christmas printables decor aesthetic;0
christmas printables blue;0
christmas printables background;0
christmas printables bells;0
christmas printables bingo;0
christmas bathroom printables free;0
blue christmas printables free;0
christmas printables cute;0
christmas printables cake topper;0
christmas printables coloring sheets;0
christmas printables colored;0
christmas printables colorful;0
christmas printables design;0
christmas printables diy;0
christmas printables drawing;0
free dollhouse christmas printables;0
christmas printables easy;0
free christmas embroidery printables;0
christmas elements printables;0
christmas printables free decor;0
christmas printables for teens;0
christmas printables gingerbread;0
christmas printables gifts;0
christmas printables gingerbread house;0
christmas printables games free;0
christmas printables gingerbread man;0
christmas printables garland;0
christmas printables house;0
christmas printables hello kitty;0
free kids christmas printables;0
operation christmas child printables;0
watercolor pine tree wallpaper;0
free christmas handprint printables;0
hidden pictures printables christmas;0
christmas printables ideas;0
christmas printables jesus;0
christmas printables journal;0
christmas junk journal printables;0
christmas journal printables free;0
christmas printables landscape;0
christmas printables list;0
christmas printables lights;0
christmas printables mini;0
christmas printables maze;0
mini christmas printables free;0
christmas mugs printables;0
free christmas printables mistletoe;0
christmas printables nativity;0
nutcracker christmas printables;0
christmas office printables;0
christmas printables pink;0
christmas printables photobooth;0
christmas printables patterns;0
christmas printables photo;0
christmas printables printer;0
christmas quotes printables free;0
christmas printables reindeer;0
christmas printables red;0
christmas printables round;0
free christmas religious printables;0
christmas printables snowman;0
christmas printables snowflakes;0
christmas printables santa claus;0
christmas printables socks;0
christmas printables snoopy;0
christmas printables star;0
christmas printables school;0
christmas printables spiderman;0
christmas printables scrapbook;0
christmas printables snow;0
christmas printables toddler;0
christmas printables topper;0
christmas printables to sell;0
christmas printables to decorate;0
christmas printables trees;0
christmas printables table;0
ugly christmas sweaters printables;0
christmas printables vintage;0
vintage stickers printables christmas;0
small vintage christmas printables;0
vintage christmas tree printables;0
victorian christmas free printables;0
christmas printables wallpaper;0
christmas printables with color;0
christmas printables window;0
christmas printables white;0
christmas printables words;0
christmas wrapper printables pink;0
christmas 2026 printables;0
free christmas printables 3d;0
christmas wrapper printables 3d;0
christmas crafts printables 3d;0
6 7 christmas printables;0
8x10 free christmas printables;0
90s christmas printables;0
xmas wall art ideas;0
xmas wall art diy;0
printable xmas wall art;0
wall art mockup xmas;0
vintage christmas prints rustic;0
vintage christmas prints cozy;0
vintage christmas prints wallpaper;0
vintage christmas prints horizontal;0
vintage christmas prints landscape;0
vintage christmas prints santa;0
vintage christmas prints jesus;0
vintage christmas prints christian;0
vintage christmas prints decor;0
free christmas vintage prints;0
vintage moody christmas prints;0
vintage style christmas prints;0
vintage christmas prints aesthetic;0
vintage art prints christmas;0
vintage disney christmas prints;0
vintage inspired christmas prints;0
vintage christmas kitchen prints;0
vintage christmas ornament prints;0
vintage christmas prints pink;0
vintage christmas prints red;0
vintage christmas prints reindeer;0
vintage retro christmas prints;0
vintage christmas prints snowman;0
vintage christmas prints square;0
vintage christmas scene prints;0
small vintage christmas prints;0
winter room aesthetic wallpaper;0
winter room aesthetic diy;0
winter room background aesthetic;0
christmas vacation printable signs;0
christmas party signs printable;0
christmas directional signs printable;0
christmas door signs printable;0
christmas road signs printable;0
vintage christmas signs printable;0
christmas welcome signs printable;0
holiday wall art printable;0
christmas western clipart;0
gothic christmas clipart;0
watercolor art winter forest;0
winter forest watercolor illustration;0
snowman vintage png;0
christmas coaster png;0
xmas paper cup design;0
xmas coffee cup design;0
cup design xmas;0
xmas cup design;0
frosted glass design christmas;0
christmas plate wrapping;0
winter tea towels diy;0
winter tea towel embroidery;0
winter tea towel craft;0
winter handprint tea towel;0
christmas apron png;0
christmas wreath png aesthetic;0
christmas wreath pngs;0
cute christmas wreath png;0
vintage christmas wreath png;0
red christmas wreath png;0
christmas wreath blue png;0
christmas wreath drawing png;0
disney christmas wreath png;0
christmas wreath frame png;0
christmas wreath garland png;0
winter branches png;0
holly berry png crk;0
holly berry cookie png;0
holly berry crk png;0
mistletoe drawing clipart;0
watercolor pine tree background;0
pine trees watercolor background;0
watercolor pine tree illustration;0
pine tree silhouette watercolor;0
snowy tree branch png;0
christmas garland png aesthetic;0
christmas garland png circle;0
christmas garland png hd;0
christmas garland png drawing;0
green christmas garland png;0
white christmas garland png;0
paper garland christmas png;0
christmas pink garland png;0
christmas circle garland png;0
christmas garland drawing png;0
christmas garland background png;0
black garland christmas png;0
christmas decor garland png;0
christmas garland design png;0
long christmas garland png;0
christmas garland round png;0
vintage christmas garland png;0
christmas garland watercolor png;0
christmas bells pngs;0
bells christmas png;0
christmas bells decorations png;0
blue christmas bells png;0
christmas bells hd png;0
christmas stocking images clipart;0
sleigh santa png;0
filipino christmas lantern png;0
nutcracker png aesthetic;0
nutcracker png pink;0
nutcracker png icon;0
the nutcracker ballet png;0
cute nutcracker png;0
nutcracker shirt png;0
nutcracker clara png;0
ballet nutcracker png;0
pink nutcracker christmas png;0
vintage nutcracker png;0
nutcracker images png;0
the nutcracker aesthetic png;0
nutcracker and ballerina png;0
nutcracker ballet aesthetic png;0
nutcracker ballerina png;0
blue nutcracker png;0
gingerbread nutcracker png;0
nutcracker illustration png;0
red nutcracker png;0
nutcracker soldier png;0
the nutcracker png;0
nutcracker watercolor png;0
white nutcracker png;0
candy cane png aesthetic;0
candy cane png icon;0
candy cane png drawing;0
candy cane png pink;0
candy cane png christmas;0
candy cane png black;0
candy cane png shirt;0
purple candy cane png;0
candy cane crew png;0
xmas png candy cane;0
candy cane lane png;0
red candy cane png;0
candy cane tree png;0
candy cane 3d png;0
christmas bow png aesthetic;0
christmas bow pngs;0
christmas bow png pink;0
bow christmas png;0
christmas ribbon bow png;0
christmas bow frame png;0
christmas bow icon png;0
white christmas bow png;0
pink bow christmas background;0
pink bow christmas party;0
pink christmas bow art;0
pink bow christmas drawing;0
pink christmas bow graphic;0
pink christmas bow illustration;0
pink bow christmas pattern;0
pink christmas bow svg;0
pink bow christmas wrapping;0
gingerbread house clipart cute;0
christmas lettering png;0
winter quotes png;0
santa claus funny png;0
happy xmas text png;0
xmas text png;0
holiday mug sublimation;0
christmas digital graphics;0
groovy christmas png;0
holiday printable art;0
minimalist christmas png;0
plaid tree clipart;0
christmas libbey wrap;0
winter coffee wrap;0
holiday cup wrap;0
christmas plate wrap;0
vintage sled clipart;0
holiday sayings png;0
christmas mug sublimation;0
sublimation mug wraps christmas;0
