elegant serif;590
elegant serif fonts;590
elegant serif typeface;590
old money fonts;480
luxury script font;480
editorial fonts;390
sophisticated fonts;390
luxury script fonts;390
glamour fonts;320
vogue magazine fonts;320
stylish fonts for instagram;320
timeless fonts;260
elegant fonts alphabet;260
elegant fonts free;260
elegant fonts style;260
boho chic fonts;260
fonts for magazine covers;260
elegant calligraphy fonts;260
fonts for luxury brands;210
luxury branding fonts;210
premium fonts;210
elegant typeface free;210
chic fonts;170
elegant modern fonts;170
modern elegant fonts;170
magazine fonts canva;170
magazine fonts in canva;170
luxurious serif fonts;170
stylish fonts keyboard;170
luxury serif font;170
elegant wedding fonts;140
elite fonts;140
elegant fonts for tattoos;140
elegant fonts google;140
elegant fonts on canva;140
classy google fonts;140
elegant fonts for wedding;140
boutique fonts;110
fancy elegant fonts;110
instagram highlight fonts;110
most elegant fonts;110
best fonts for magazine;110
best magazine fonts;110
elegant fancy fonts;110
stylish fonts for names;110
stylish fonts name;110
elegant calligraphy;90
high end fonts;90
high-end fonts;90
classy modern fonts;90
elegant classy fonts;90
stylish calligraphy fonts;90
stylish fonts in english;90
beautiful serif fonts;70
elegant typography;70
gorgeous fonts;70
high fashion fonts;70
luxury canva fonts;70
luxury typeface;70
luxury typography;70
elegant fonts canva;70
elegant fonts names;70
luxury fonts on canva;70
most expensive fonts;70
elle magazine fonts;70
magazine fonts free;70
magazine text fonts;70
magazine title fonts;70
luxurious google fonts;70
stylish fonts copy paste;70
stylish fonts download;70
stylish fonts for logo;70
stylish fonts logo;70
higuen elegant serif font;70
elegant script fonts free;70
free elegant script fonts;70
editorial typography;50
elegant logo fonts;50
expensive fonts;50
luxury fonts canva;50
luxury fonts free;50
elegant fonts in canva;50
elegant fonts free download;50
elegant fonts in word;50
classy fonts on canva;50
classy script fonts;50
magazine headline fonts;50
old money fonts canva;50
luxurious fonts canva;50
luxurious fonts free;50
stylish fonts app;50
stylish fonts text;50
higuen elegant serif;50
classy script font;50
elegant wedding invitation fonts;50
elegant display fonts;40
expensive looking fonts;40
posh fonts;40
refined fonts;40
upscale fonts;40
elegant fonts dafont;40
high end luxury fonts;40
luxury fonts free download;40
elegant fonts download;40
free elegant serif fonts;40
classy fonts free;40
shabby chic fonts;40
2000s magazine fonts;40
best fonts for magazine covers;40
magazine fonts on canva;40
beautiful sans serif fonts;40
stylish fonts a to z;40
stylish fonts in hindi;40
elegant serif fonts free;40
serif luxury font;40
elegant signature fonts;30
fashion typography;30
luxury fonts for logo;30
luxury logo fonts;30
prestigious fonts;30
wine label fonts;30
elegant fonts on google docs;30
editorial fonts free;30
old magazine fonts;30
serif fonts for magazine;30
stylish fonts free;30
elegant minimalist fonts;30
elegant script font generator;30
elegant font combinations;20
fine art fonts;20
luxury fonts in canva;20
elegant fonts adobe;20
fonts used by luxury brands;20
luxury fonts dafont;20
classy fonts canva;20
different elegant fonts;20
elegant serif fonts canva;20
free elegant wedding fonts;20
professional elegant fonts;20
chic fonts on canva;20
best editorial fonts;20
editorial fonts on canva;20
magazine article fonts;20
magazine fonts dafont;20
magazine logo fonts;20
premium fonts free download;20
stylish fonts free download;20
stylish fonts letters;20
timeless serif fonts;20
stylish fonts writing;20
telugu stylish fonts;20
elegant calligraphy alphabet;20
elegant modern serif fonts;20
elegant script font alphabet;20
elegant script fonts alphabet;20
modern elegant serif font;20
beautiful elegant fonts;10
beautiful font pairings;10
chic serif fonts;10
classy fonts for instagram;10
elegant aesthetic fonts;10
elegant instagram fonts;10
elegant typography design;10
fine art typography;10
google luxury fonts;10
high fashion typography;10
luxury calligraphy;10
luxury display fonts;10
luxury fonts adobe;10
luxury fonts name;10
luxury hotel fonts;10
luxury lettering;10
luxury perfume fonts;10
luxury wedding fonts;10
minimalist elegant fonts;10
minimalist luxury fonts;10
modern chic fonts;10
skincare brand fonts;10
best luxury fonts on canva;10
best luxury google fonts;10
elegant fonts for logo;10
fonts of luxury brands;10
free luxury fonts download;10
free luxury fonts on canva;10
free luxury serif fonts;10
luxury fonts 2025;10
luxury fonts download;10
luxury fonts figma;10
luxury fonts for brands;10
luxury fonts for jewellery brand;10
luxury fonts for real estate;10
luxury fonts for website;10
luxury fonts google;10
luxury fonts in figma;10
luxury fonts sans serif;10
luxury handwriting fonts;10
luxury italic fonts;10
luxury real estate fonts;10
elegant fonts 2025;10
elegant fonts figma;10
elegant fonts for website;10
elegant fonts free commercial use;10
elegant fonts in figma;10
elegant fonts on word;10
elegant fonts photoshop;10
elegant fonts sans serif;10
elegant fonts serif;10
elegant fonts word;10
elegant readable fonts;10
elegant rounded fonts;10
elegant wedding fonts canva;10
free elegant fonts for commercial use;10
high end brand fonts;10
high end logo fonts;10
high end sans serif fonts;10
high end serif fonts;10
royal elegant fonts;10
best classy fonts;10
chic fonts free;10
chic google fonts;10
classy fonts dafont;10
classy fonts for logo;10
classy fonts free download;10
classy fonts in canva;10
classy handwritten fonts;10
classy serif fonts free;10
classy simple fonts;10
classy wedding fonts;10
country chic fonts;10
expensive fonts canva;10
free sophisticated fonts;10
luxury typography logo;10
modern sophisticated fonts;10
sophisticated fonts for logos;10
sophisticated fonts free;10
sophisticated fonts on canva;10
sophisticated google fonts;10
elegant typography logo;10
elegant typography fonts;10
elegant typography free;10
editorial cartoon fonts;10
editorial fonts adobe;10
editorial fonts canva;10
editorial fonts in canva;10
editorial magazine fonts;10
fonts for editorial design;10
free editorial fonts;10
typography in fashion;10
fonts for magazine design;10
magazine design fonts;10
magazine fonts adobe;10
80s magazine fonts;10
best old money fonts;10
elegant ligature font;10
free old money fonts;10
magazine fonts indesign;10
old money fonts dafont;10
old money fonts in canva;10
old money google fonts;10
sports magazine fonts;10
travel magazine fonts;10
fonts for premium brands;10
luxurious fonts in canva;10
luxury premium fonts;10
luxury stylish fonts;10
premium brand fonts;10
premium cursive fonts;10
premium display fonts;10
premium fonts dafont;10
premium fonts for logo;10
premium fonts for logos;10
premium fonts in canva;10
premium fonts name;10
premium handwritten fonts;10
premium hindi fonts;10
premium looking fonts;10
premium malayalam fonts;10
alphabets in stylish fonts;10
beautiful serif fonts free;10
eid mubarak stylish fonts;10
elegant font combinations canva;10
happy birthday in stylish fonts;10
kannada stylish fonts;10
most beautiful serif fonts;10
name fonts stylish;10
premium signature fonts;10
premium text fonts;10
premium web fonts;10
premium wedding fonts;10
stylish fonts alphabet;10
stylish fonts bio;10
stylish fonts bold;10
stylish fonts calligraphy;10
stylish fonts cursive;10
stylish fonts dafont;10
stylish fonts design;10
stylish fonts emoji;10
stylish fonts english;10
stylish fonts for editing;10
stylish fonts for instagram bio;10
stylish fonts for logo design;10
stylish fonts for pixellab;10
stylish fonts for project;10
stylish fonts google;10
stylish fonts gujarati;10
stylish fonts handwriting;10
stylish fonts happy birthday;10
stylish fonts hindi;10
stylish fonts in canva;10
stylish fonts urdu;10
stylish fonts with names;10
stylish marathi fonts;10
stylish marathi fonts download;10
stylish urdu fonts download;10
stylish urdu fonts for android;10
timeless logo fonts;10
timeless script fonts;10
best fonts for skincare brand;10
elegant fonts for instagram;10
fonts for skincare brand canva;10
gorgeous in different fonts;10
happy new year stylish fonts;10
luxury brand fonts canva;10
luxury canva fonts free;10
most stylish fonts;10
motivational quotes in stylish fonts;10
new stylish fonts;10
pashto stylish fonts;10
quotes in stylish fonts;10
stylish fonts malayalam;10
stylish fonts numbers;10
stylish fonts on canva;10
stylish fonts png;10
stylish fonts quotes;10
stylish fonts style;10
stylish fonts symbols;10
stylish fonts tattoo;10
stylish fonts to write;10
stylish fonts website;10
stylish modern fonts;10
stylish punjabi fonts;10
classic elegant serif font;10
elegant luxury serif font;10
elegant serif font google;10
elegant serif google fonts;10
elegant serif italic font;10
healing elegant serif typeface font;10
higuen elegant serif font pairing;10
klaristha elegant serif font;10
luxury serif font free;10
luxury serif font free download;10
serif font elegant;10
elegant calligraphy fonts free;10
elegant calligraphy letters;10
elegant canva fonts for wedding;10
elegant cursive script font;10
elegant script font canva;10
elegant script logo;10
elegant wedding script fonts;10
font script elegant;10
luxury calligraphy font;10
luxury calligraphy set;10
luxury script font free;10
stay classy script;10
fashion typography design;10
fashion typography logo;10
fashion typography poster;10
high end fashion fonts;10
luxury brands logo fonts;10
elegant fonts;5
elegant typeface;5
elegant typefaces;5
magazine fonts;2
luxurious fonts;1
luxury fonts;1
stylish fonts;1
elegant fonts cursive;1
elegant script;1
classy fonts;1
classy serif fonts;1
stylish number fonts;1
elegant script fonts;1
elegant script typeface;1
candle label fonts;0
chic font pairings;0
cosmetic packaging fonts;0
elegant magazine fonts;0
elegant and feminine fonts;0
luxury fonts shopify;0
luxury jewelry fonts;0
elegant fonts for real estate;0
elegant google fonts combinations;0
playful elegant fonts;0
modern elegant typography;0
elegant display typography;0
elegant script typography;0
luxury typography inspiration;0
luxury font aesthetic;0
beautiful typography inspiration;0
elegant alphabet fonts;0
classy aesthetic fonts;0
gorgeous typography;0
chic instagram story fonts;0
aesthetic quote fonts;0
luxury social media fonts;0
elegant typography instagram;0
fashion aesthetic fonts;0
elegant canva typography;0
sophisticated social media fonts;0
luxury typography for quotes;0
aesthetic magazine fonts;0
instagram feed fonts;0
elegant blog fonts;0
chic pinterest fonts;0
stylish quote fonts;0
luxury aesthetic typography;0
high end social media design;0
classy typography design;0
fashion blogger fonts;0
vogue style fonts;0
luxury aesthetic fonts;0
elegant quote typography;0
luxury packaging fonts;0
elegant packaging typography;0
high end packaging fonts;0
perfume packaging fonts;0
chic label fonts;0
elegant product fonts;0
luxury box typography;0
artisan packaging fonts;0
premium packaging typography;0
elegant label design fonts;0
sophisticated product fonts;0
luxury label typography;0
chic packaging design fonts;0
apothecary label fonts;0
elegant soap labels fonts;0
minimalist luxury packaging fonts;0
high end label fonts;0
fashion packaging fonts;0
luxury cosmetics fonts;0
elegant branding mockups typography;0
premium label fonts;0
boutique packaging fonts;0
chic skincare fonts;0
luxury product typography;0
elegant bottle fonts;0
sophisticated packaging fonts;0
aesthetic luxury fonts;0
classy typography;0
chic typography;0
high end typography;0
sophisticated typography;0
luxury serif;0
classy serif;0
modern elegant serif;0
classic luxury serif;0
romantic elegant serif;0
luxury script;0
classy script;0
high end calligraphy;0
elegant branding fonts;0
premium elegance fonts;0
deluxe fonts;0
luxury ligature;0
elegant ligature;0
classy display fonts;0
old money typography;0
luxury signature fonts;0
beautiful luxury fonts;0
stylish luxury fonts;0
stylish elegant typography;0
haute couture fonts;0
timeless elegant fonts;0
timeless luxury typography;0
glamorous typography;0
luxurious typography;0
clean elegant typography;0
graceful fonts;0
refined typography;0
classy minimalist fonts;0
luxury fonts branding;0
luxury fonts typography;0
luxury fonts alphabet;0
luxury fonts canva free;0
luxury fonts branding typography;0
luxury fonts pairing;0
luxury fonts logo;0
luxury brand fonts typography;0
canva fonts luxury brands;0
luxury and bold fonts;0
luxury perfume brand fonts;0
fonts for logo luxury;0
premium luxury bold fonts;0
types of luxury fonts;0
luxury fonts arabic;0
luxury fonts and colors;0
luxury fonts a to z;0
luxury fonts abc;0
luxury fonts adobe illustrator;0
luxury fonts aesthetic;0
luxury fonts and their names;0
luxury font adobe fonts;0
luxury and premium fonts;0
luxury fonts branding canva;0
luxury fonts branding canva templates;0
luxury fonts branding adobe;0
luxury fonts bold;0
luxury fonts branding free;0
luxury fonts branding ideas;0
luxury fonts brand;0
luxury fonts combination;0
luxury fonts canva pro;0
luxury fonts canva pairing;0
luxury fonts combo;0
luxury fonts capcut;0
luxury fonts cursive;0
luxury fonts collection;0
luxury fonts combination canva;0
luxury fonts canva bold;0
luxury fonts design;0
luxury interior design fonts;0
luxury branding design fonts;0
logo luxury design fonts;0
luxury designer fonts;0
luxury in different fonts;0
luxury logo design inspiration fonts;0
luxury logo design branding fonts typography;0
luxury fonts envato;0
luxury fonts elementor;0
luxury and elegant fonts;0
adobe express luxury fonts;0
luxury elegant canva fonts;0
fonts elegant luxury;0
luxury fonts typography real estate;0
luxury elite fonts;0
elegant fonts luxury modern;0
luxury fonts for branding;0
luxury fonts for salon;0
luxury fonts for hotels;0
luxury fonts for fashion brand;0
luxury fonts gold;0
google fonts luxury pairing;0
luxury google fonts combinations;0
luxury free google fonts;0
luxury geometric fonts;0
luxury font pairing google fonts;0
golden luxury fonts;0
luxury brand google fonts;0
luxury graphic design fonts;0
luxury gold foil canva fonts;0
hindi luxury fonts;0
luxury fonts for hotel;0
handwritten luxury fonts;0
luxury heading fonts;0
luxury fonts for high-end brands;0
luxury hospitality fonts;0
high luxury fonts;0
luxury heritage fonts;0
luxury fonts ideas;0
luxury fonts indian;0
luxury fonts in adobe;0
luxury fonts in google fonts;0
adobe illustrator fonts luxury;0
luxury wedding invitation fonts;0
free luxury fonts in canva;0
luxury jewellery brand fonts;0
luxury japanese fonts;0
luxury fonts for jewellery;0
luxury fonts letters;0
luxury fonts list;0
luxury fonts minimal;0
luxury fonts modern;0
luxury fonts masculine;0
luxury magazine fonts;0
luxury minimalist fonts;0
minimal luxury fonts canva;0
most luxury fonts;0
minimalistic luxury fonts;0
modern luxury fonts canva;0
luxury fonts old money;0
new luxury modern unique serif ligature fonts;0
luxury fonts new;0
luxury brand fonts name;0
luxury nature fonts;0
luxury fonts with names;0
luxury number fonts;0
new luxury modern unique ligature fonts;0
luxury fonts on dafont;0
luxury fonts on adobe;0
organic luxury fonts;0
old luxury fonts;0
luxury fonts pair;0
luxury fonts photoshop;0
luxury fonts pairing canva;0
luxury fonts poster;0
luxury canva fonts pairings;0
professional luxury canva fonts;0
quiet luxury brand fonts;0
quite luxury fonts;0
quiet luxury serif fonts;0
quiet luxury branding fonts;0
quiet luxury fonts canva;0
luxury fonts real estate;0
luxury restaurant fonts;0
luxury rich fonts;0
luxury retro fonts;0
luxury fonts for real estate logo;0
luxury resort fonts;0
royal luxury fonts;0
luxury realestate fonts;0
luxury real estate free fonts;0
luxury fonts serif;0
luxury fonts squarespace;0
luxury fonts style;0
luxury fonts sans;0
luxury fonts script;0
san serif fonts luxury;0
luxury serif fonts canva;0
strong luxury fonts;0
luxury fonts typography logos;0
luxury fonts typography canva;0
luxury fonts typography serif;0
luxury fonts typography free;0
luxury fonts type;0
luxury fonts text;0
luxury fonts title;0
luxury fonts that look like logos;0
luxury unique fonts;0
ultra luxury fonts;0
luxury vintage fonts;0
vintage luxury canva fonts;0
luxury branding villa fonts;0
luxury fonts with name;0
luxury fonts website;0
luxury fonts word;0
luxury fonts wedding;0
luxury fonts wordpress;0
luxury fonts for wedding;0
free luxury wedding fonts;0
luxury fonts for websites;0
fonts for luxury website;0
luxury fonts for wedding invitation;0
luxury watch fonts;0
luxury fonts a-z;0
luxury serif fonts 2025;0
2026 luxury fonts;0
luxury canva fonts 2026;0
luxury fonts 3d;0
elegant fonts alphabet calligraphy;0
elegant fonts alphabet simple;0
elegant fonts canva free;0
elegant fonts logo;0
elegant fonts numbers;0
elegant fonts letter m;0
soft elegant fonts;0
capcut fonts elegant;0
elegant bold fonts free;0
elegant name fonts;0
elegant retro fonts;0
elegant sans fonts;0
round elegant fonts;0
new elegant fonts;0
elegant fonts alphabet beautiful;0
elegant fonts alphabet canva;0
elegant fonts abc;0
elegant fonts aesthetic;0
elegant fonts alphabet style;0
elegant fonts alphabet bold;0
elegant fonts alphabet and numbers;0
elegant fonts a to z;0
elegant fonts bold;0
elegant fonts branding;0
elegant fonts blue;0
elegant fonts brand;0
elegant fonts for branding;0
elegant beauty fonts;0
beautiful and elegant fonts;0
playful but elegant fonts;0
elegant book cover fonts;0
elegant happy birthday fonts;0
elegant serif fonts branding;0
elegant fonts combinations;0
elegant fonts canva pairing;0
elegant fonts combo;0
elegant fonts canva combination;0
elegant fonts capcut;0
elegant fonts calligraphy;0
elegant fonts canva pro;0
elegant fonts canva logo;0
elegant fonts canva elements;0
elegant fonts design;0
elegant fonts dafont cursive;0
da font elegant fonts;0
free elegant fonts dafont;0
elegant decorative fonts;0
elegant google docs fonts;0
da fonts elegant;0
elegant fonts easy;0
elegant fonts envato;0
elegant fonts excel;0
elegant fonts free canva;0
elegant fonts for beauty salon;0
elegant fonts for wedding invitation;0
elegant fonts for numbers;0
elegant fonts for canva;0
elegant fonts google docs;0
elegant fonts gold;0
elegant minimal google fonts;0
elegant grotesk fonts;0
elegant google fonts pairing;0
google fonts pairings elegant;0
elegant font pairings google fonts;0
elegant graffiti fonts;0
elegant fonts letter g;0
elegant fonts handwriting;0
elegant fonts handwritten;0
heading fonts elegant;0
elegant holiday fonts;0
elegant handwriting canva fonts;0
elegant hand drawn fonts;0
elegant horror fonts;0
elegant headline fonts;0
elegant script fonts handwriting;0
elegant fonts letter h;0
elegant hand lettering fonts;0
elegant fonts ibis paint;0
elegant fonts in canva free;0
elegant fonts ideas;0
elegant fonts in dafont;0
elegant fonts in capcut;0
elegant fonts instagram;0
elegant fonts in adobe;0
elegant fonts in adobe illustrator;0
elegant fonts italic;0
elegant fonts letter j;0
elegant fonts for jewellery brand;0
elegant jewellery fonts;0
japanese elegant fonts;0
elegant fonts for jewellery;0
elegant k fonts;0
elegant fonts letter k;0
keyword fonts canva elegant;0
elegant fonts letter c;0
elegant fonts lowercase;0
elegant fonts lettering;0
elegant fonts luxury;0
elegant wedding logo fonts;0
elegant letter s fonts;0
lettering fonts alphabet elegant;0
elegant logotype fonts;0
elegant fonts modern;0
modern elegant fonts canva;0
elegant fonts old money;0
elegant minimal fonts canva;0
modern elegant fonts free;0
minimalist and elegant fonts;0
minimalistic elegant fonts;0
minimal elegant fonts;0
modern elegant serif fonts;0
elegant fonts name;0
nice elegant fonts;0
elegant fonts with name;0
number fonts elegant;0
elegant canva fonts name;0
elegant fonts and their names;0
canva elegant number fonts;0
elegant nature fonts;0
elegant number tattoo fonts;0
elegant canva fonts for numbers;0
elegant fonts on canva free;0
elegant fonts on dafont;0
elegant fonts on figma;0
elegant fonts on adobe;0
organic elegant fonts;0
old elegant fonts;0
elegant cursive fonts on canva;0
types of elegant fonts;0
elegant fonts pairing;0
elegant fonts pairing canva;0
elegant fonts pair;0
elegant fonts poster;0
elegant fonts for project;0
popular elegant fonts;0
elegant powerpoint fonts;0
elegant rich fonts;0
elegant rustic fonts;0
royal and elegant fonts;0
elegant romantic fonts;0
elegant fonts letter r;0
elegant real estate fonts;0
elegant fonts script;0
elegant fonts simple;0
elegant fonts squarespace;0
simple elegant fonts alphabet;0
elegant simple fonts canva;0
elegant fonts tattoo;0
elegant fonts typography;0
elegant fonts to write;0
elegant fonts to use;0
elegant fonts to draw;0
elegant fonts to use in canva;0
easy fonts to write elegant;0
elegant and timeless fonts;0
elegant fonts for titles;0
thin fonts elegant;0
simple elegant fonts typography;0
elegant fonts letter t;0
elegant fonts in use;0
elegant unique fonts;0
elegant fonts vintage;0
elegant fonts letter v;0
elegant vintage fonts canva;0
elegant fonts for videos;0
elegant fonts wedding;0
elegant fonts website;0
elegant fonts writing;0
elegant fonts with names;0
elegant fonts wordpress;0
elegant serif fonts wedding;0
elegant yet bold fonts;0
simple yet elegant fonts;0
elegant fonts letter z;0
elegant fonts a-z;0
21 stunning free elegant fonts;0
elegant fonts 3d;0
high end fonts canva;0
high end branding fonts;0
high end script fonts;0
high end google fonts;0
fonts high end;0
fonts for high end brands;0
high end adobe fonts;0
chic script fonts;0
classy fonts adobe;0
playful sophisticated fonts;0
sophisticated fonts canva;0
elegant typography animation;0
classy fonts alphabet;0
classy fonts alphabet letters;0
classy fonts for tattoos;0
classy fonts handwriting;0
classy fonts capcut;0
classy fonts name;0
classy editorial fonts;0
cute fonts classy;0
classy italic fonts;0
fancy classy fonts;0
classy word fonts;0
classy fonts cursive;0
classy fonts logo;0
classy old money fonts;0
classy fonts combo;0
classy fonts abc;0
aesthetic classy fonts canva;0
cute and classy fonts;0
simple and classy fonts;0
arabic classy fonts;0
unique and classy fonts;0
elegant and classy fonts;0
free all caps classy fonts;0
classy fonts bold;0
classy business fonts;0
best classy canva fonts;0
fun but classy fonts;0
classy branding fonts;0
classy brand fonts;0
bold classy canva fonts;0
bold and classy fonts;0
simple but classy fonts;0
classy fonts combination;0
classy fonts canva free;0
classy fonts design;0
different fonts classy;0
elegant logo design classy fonts;0
easy classy fonts;0
classy english fonts;0
elegant fonts classy alphabet;0
classy fonts for website;0
classy fonts for numbers;0
classy fonts for canva;0
classy girl fonts;0
classy gold fonts;0
classy heading fonts;0
classy fonts ideas;0
classy indian fonts;0
letter fonts classy;0
classy logo fonts canva;0
classy letters fonts;0
classy lettering fonts;0
classy luxury fonts;0
classy menu fonts;0
classy monogram fonts;0
classy minimal fonts;0
classy fonts numbers;0
classy number fonts;0
old classy fonts;0
classy fonts pairing;0
classy premium fonts;0
classy retro fonts;0
classy restaurant fonts;0
classy fonts serif;0
classy spooky fonts;0
classy serif fonts canva;0
classy san serif fonts;0
classy stylish fonts;0
classy fonts tattoo;0
thick classy fonts;0
classy timeless fonts;0
classy typography fonts;0
classy title fonts;0
text fonts classy;0
unique classy fonts;0
classy vintage fonts;0
classy vintage canva fonts;0
classy fonts word;0
classy fonts wedding;0
classy writing fonts;0
classy website fonts;0
sophisticated fonts alphabet;0
sophisticated fonts typography;0
sophisticated fonts in canva;0
sophisticated fonts for web;0
sophisticated brand fonts;0
sophisticated branding fonts;0
fun sophisticated fonts;0
fonts sophisticated;0
sophisticated logo fonts;0
canva fonts sophisticated;0
elegant and sophisticated fonts;0
sophisticated adobe fonts;0
bold sophisticated fonts;0
fun but sophisticated fonts;0
cool sophisticated fonts;0
sophisticated elegant fonts;0
hindi sophisticated fonts;0
chic fonts canva;0
chic fonts alphabet;0
chic fonts dafont;0
chic fonts for logo;0
chic fonts adobe;0
chic fonts numbers;0
chic fonts word;0
chic aesthetic fonts;0
cool fonts chic;0
retro chic fonts;0
chic luxury fonts;0
chic word fonts;0
minimal chic fonts;0
chic elegant fonts;0
chic modern fonts;0
chic arabic fonts;0
chic and elegant fonts;0
boho chic fonts canva;0
chic bold fonts;0
chic branding fonts;0
chic business fonts;0
chic brand fonts;0
chic girl fonts;0
chic handwritten fonts;0
fonts handwriting chic;0
chic fonts in canva;0
chic lettering fonts;0
chic letter fonts;0
chic logo fonts;0
modern chic canva fonts;0
chic number fonts;0
rock chic fonts;0
chic simple fonts;0
shabby chic fonts canva;0
chic san serif fonts;0
chic summer fonts;0
chic tattoo fonts;0
chic title fonts;0
chic text fonts;0
vintage chic fonts;0
chic western fonts;0
chic wedding fonts;0
expensive fonts alphabet;0
expensive fonts in canva;0
expensive fonts dafont;0
expensive brand fonts;0
fonts that look expensive;0
fonts expensive;0
lettering fonts expensive;0
expensive looking fonts canva;0
canva fonts that look expensive;0
canva expensive fonts;0
canva fonts aesthetic luxury;0
luxury typography design;0
luxury typography poster;0
luxury typography layout;0
luxury typography branding;0
luxury typography t-shirt designs;0
luxury typography design tshirt;0
luxury typography design poster;0
luxury typography logo design;0
luxury typography graphic design;0
luxury typography clothing;0
luxury typography ads;0
luxury serif typography minimal;0
arabic typography luxury;0
thank you typography design luxury;0
luxury wellness brand typography;0
luxury typography text;0
luxury fashion typography editorial;0
masculine luxury typography;0
luxury brand typography pairings;0
luxury typography green;0
luxury hotel typography poster;0
luxury typography animation;0
luxury typography alphabet;0
luxury typography aesthetic;0
luxury typography arabic;0
luxury typography advertising;0
luxury typography adobe;0
luxury condiments arabic typography logo;0
luxury typography creative ads;0
african luxury typography;0
typography luxury ad;0
luxury arabic typography logo;0
luxury typography banner;0
luxury typography blue;0
luxury typography background;0
luxury typography brand;0
luxury typography book cover;0
luxury typography business card;0
luxury typography bold;0
luxury bold typography logo;0
luxury typography canva;0
luxury typography combination;0
luxury typography campaign;0
luxury typography cover;0
luxury typography combo;0
luxury typography cursive;0
luxury typography creative;0
luxury typography card;0
luxury typography composition;0
luxury chrome typography;0
luxury typography design layout;0
luxury typography design canva;0
luxury typography design ideas;0
luxury typography design style;0
luxury typography design logo;0
luxury typography design clothing;0
luxury typography design chinese;0
luxury typography motion design;0
luxury typography effect;0
luxury typography editorial design;0
luxury typography editorial;0
elegant luxury typography logo;0
editorial luxury typography layout;0
luxury elegant typography;0
english luxury typography;0
editorial typography minimal luxury;0
editorial luxury typography poster;0
luxury real estate branding typography;0
luxury typography font;0
luxury typography font pairing;0
luxury typography fashion;0
luxury typography fashion magazine;0
luxury typography free;0
luxury typography flyer;0
luxury fashion logo typography;0
feminine luxury typography;0
french luxury typography;0
luxury typography graphic design poster;0
luxury typography grid;0
luxury gold typography;0
luxury black gold typography poster;0
luxury gold typography poster;0
luxury gothic typography;0
luxury brand guidelines typography;0
luxury typography motion graphics;0
g typography luxury;0
luxury gold logo typography;0
luxury typography hoarding;0
luxury typography hierarchy;0
luxury typography headline;0
luxury house builder typography logo;0
hindi luxury typography;0
luxury hotel branding typography;0
luxury hotel typography;0
luxury hospitality typography;0
happy birthday typography luxury;0
heritage luxury typography;0
luxury house typography;0
luxury typography ideas;0
luxury typography instagram;0
luxury typography instagram post;0
luxury typography instagram story;0
luxury invitation typography;0
luxury indian typography;0
luxury brand typography inspiration;0
luxury interior typography;0
luxury wedding invitation typography;0
luxury event invitation typography;0
luxury journal typography;0
luxury jewelry logo typography;0
japanese luxury typography;0
luxury jewelry typography;0
luxury kinetic typography;0
luxury typography layout design;0
luxury typography logo ideas;0
luxury typography logo minimal;0
luxury typography logo animation;0
luxury typography layout minimal;0
luxury typography motion;0
luxury typography minimal;0
luxury typography minimalist desain;0
luxury typography moodboard;0
luxury typography magazine;0
luxury typography minimal layout;0
luxury typography mockup;0
minimal luxury poster typography;0
luxury typography name;0
number typography luxury;0
happy new year typography luxury;0
font [niche]typography [niche]branding typography [niche]luxury [niche] brandingeditorial [niche] 👇;0
font [niche]typography [niche]branding typography [niche]luxury [niche] brandingeditorial [niche];0
natural luxury typography;0
luxury typography on the photos;0
organic luxury typography;0
luxury typography poster design;0
luxury typography pairing;0
luxury typography packaging;0
luxury typography poster minimal;0
luxury typography presentation;0
luxury typography placement;0
luxury typography print;0
luxury typography perfume;0
luxury post typography;0
luxury typography quotes;0
quiet luxury typography layout;0
quiet luxury typography design;0
quiet luxury typography branding;0
quiet luxury typography poster;0
quiet luxury typography logo;0
quite luxury typography;0
quiet luxury brand typography;0
luxury quote typography;0
luxury typography real estate;0
luxury restaurant menu typography;0
luxury restaurant typography;0
royal luxury typography;0
red luxury typography;0
retro luxury typography;0
luxury real estate typography logo;0
luxury resort typography;0
luxury real estate typography ads;0
luxury restaurant logo typography;0
luxury typography style;0
luxury typography sans serif;0
luxury typography social media;0
luxury typography shirt;0
luxury typography serif;0
luxury typography sportclub;0
luxury typography system;0
luxury typography streetwear;0
luxury typography social media post;0
luxury typography shirt design;0
luxury typography slide;0
luxury typography summer;0
luxury typography tshirt;0
luxury typography title;0
luxury typography treatment;0
luxury typography unit;0
ultra luxury typography;0
urban luxury typography;0
understated luxury typography;0
luxury typography video;0
vintage luxury typography;0
luxury typography website;0
luxury typography web design;0
luxury typography wall art;0
luxury typography website design;0
luxury typography web;0
luxury wellness typography;0
luxury word typography;0
warm luxury typography;0
luxury wedding typography;0
luxury word typography design;0
luxury typography 3d;0
90s luxury typography;0
elegant typography poster;0
elegant typography layout;0
elegant typography logo design;0
elegant typography design poster;0
elegant typography alphabet;0
elegant typography combination;0
elegant typography canva;0
elegant typography branding;0
elegant typography layout design;0
serif typography elegant;0
elegant classy typography;0
hindi typography elegant;0
elegant typography restaurant;0
expressive typography elegant;0
typography design elegant;0
elegant premium typography;0
elegant typography website;0
free elegant typography;0
elegant typography tshirt;0
elegant typography aesthetic;0
elegant typography abc;0
elegant typography adobe;0
elegant typography arabic;0
elegant and bold typography;0
typography art elegant;0
elegant black and white typography;0
elegant animated typography;0
elegant arabic typography logo;0
simple and elegant typography;0
elegant typography book cover;0
elegant typography brand;0
elegant typography book;0
elegant typography blue;0
elegant typography banner;0
elegant typography background;0
elegant typography brochure;0
elegant book cover design typography;0
box packaging elegant typography script design;0
elegant bold typography logo;0
elegant typography composition;0
elegant typography christmas;0
elegant typography creative;0
elegant typography cover;0
elegant typography combo;0
elegant typography colorful;0
elegant typography cursive;0
elegant calm typography;0
elegant typography design graphics;0
elegant typography design ideas;0
elegant typography design layout;0
elegant typography design logo;0
elegant typography dafont;0
elegant typography design canva;0
elegant typography graphic design;0
tshirt design elegant modern typography;0
elegant typography effect;0
elegant typography editorial;0
elegant typography event poster;0
elegant typography examples;0
elegant typography food;0
elegant typography flyer;0
elegant typography fashion;0
elegant typography for branding;0
elegant serif typography fashion;0
fun elegant typography;0
elegant logo font typography;0
typography elegant font;0
elegant serif fonts typography;0
elegant typography google fonts;0
elegant typography gold;0
elegant faucet graphic design typography;0
elegant gothic typography;0
elegant grotesk typography;0
elegant geometric typography;0
elegant typography motion graphics;0
elegant typography hierarchy;0
elegant h typography;0
happy birthday typography elegant;0
elegant halloween typography;0
elegant handwritten typography;0
happy new year typography elegant;0
elegant hand typography;0
elegant typography ideas;0
elegant typography inspiration;0
elegant typography instagram post;0
elegant typography invitation;0
elegant typography invite;0
elegant typography logo inspiration;0
elegant italian typography;0
elegant logo ideas typography;0
elegant serif typography inspiration;0
logo elegant luxury brand identity typography;0
modern elegant circle typography initials logo;0
japanese typography elegant;0
elegant kinetic typography;0
elegant k typography;0
ramadan kareem elegant typography;0
elegant typography luxury;0
elegant typography logo ideas;0
elegant typography lockup;0
logotype elegant typography;0
minimal elegant typography logo;0
elegant typography numbers;0
elegant typography names;0
number elegant typography;0
elegant nature typography;0
elegant name typography;0
elegant organic typography;0
art deco typography (1920s-30s): elegant, ornamental, sharp;0
elegant typography poster design;0
elegant typography publication;0
elegant typography pairing;0
elegant typography packaging;0
elegant typography pair;0
elegant typography photoshop;0
elegant typography pattern;0
elegant typography social media post;0
elegant modern typography poster;0
elegant typography quotes;0
elegant typography reference;0
elegant rounded typography;0
romantic elegant typography;0
elegant ramadan typography;0
elegant red typography;0
rustic elegant typography;0
elegant retro typography;0
elegant restaurant typography logo;0
elegant typography shirt design;0
elegant typography sans serif;0
elegant typography serif;0
elegant typography style;0
elegant typography samples;0
elegant typography social media;0
elegant typography story;0
elegant typography system;0
elegant typography signage;0
elegant typography script;0
elegant typography title;0
elegant typography tattoo;0
elegant typography text;0
elegant typography treatment;0
elegant typography unit;0
elegant typography video;0
vintage typography elegant;0
vintage typography elegant calligraphy;0
elegant typography wedding;0
elegant typography wallpaper;0
elegant typography web;0
elegant word typography;0
elegant serif typography website;0
elegant water typography;0
wordmark logo typography elegant;0
2026 typography elegant;0
elegant typography 3d;0
classy typography logo;0
classy typography poster;0
classy typography layout;0
classy typography animation;0
classy typography alphabet;0
classy typography logo design;0
classy typography canva;0
stay classy typography;0
classy serif typography;0
typography logo classy;0
classy vintage typography;0
classy creative typography;0
simple classy typography;0
keep it classy typography;0
typography classy;0
restaurant posters with classy typography;0
classy arabic typography;0
classy birthday typography;0
bold classy typography;0
graphic design typography classy;0
classy font typography;0
classy minimal typography;0
modern classy typography;0
chic typography design;0
chic typography logo;0
chic typography poster;0
chic typography alphabet;0
chic typography canva;0
modern chic typography;0
shabby chic typography;0
bold chic typography;0
french chic typography;0
vintage chic typography;0
chic editorial typography;0
minimalist chic typography;0
typography logo chic;0
typography design chic;0
typography chic;0
industrial chic typography;0
chic logo design typography;0
edgy chic typography;0
funky chic typography;0
minimal chic typography;0
retro chic typography;0
rock chic typography;0
high end typography design;0
high-end typography;0
high end typography logo;0
high end typography layout;0
adobe fonts for magazine;0
editorial typography inspiration;0
interior design magazine fonts;0
magazine ad fonts;0
90's magazine fonts;0
fonts for travel magazine;0
magazine number fonts;0
magazine spread fonts;0
serif fonts magazine;0
wedding magazine fonts;0
typography design in fashion;0
logo fashion design ideas typography;0
typography instagram story fashion;0
indian fashion typography;0
fashion brand typography inspiration;0
fashion typography poster ideas;0
japanese fashion typography;0
fashion kinetic typography;0
kinetic typography fashion film;0
korean fashion typography;0
kids fashion typography;0
fashion typography logo design;0
fashion typography logo ideas;0
fashion logo fonts typography;0
fashion luxury typography;0
fashion typography motion;0
fashion typography magazine;0
fashion typography minimal;0
90s fashion magazine typography;0
fashion typography poster minimal;0
modern bold typography fashion posters;0
fashion modern typography;0
fashion typography overlay;0
typography world of fashion;0
fashion editorial typography overlay;0
fashion campaign typography overlay;0
typography of fashion;0
old fashion typography;0
fashion typography poster design;0
fashion typography print;0
fashion typography png;0
fashion typography pairing;0
fashion product typography;0
fashion typography quotes;0
fashion quote typography;0
fashion typography reel;0
retro typography fashion;0
typography references (minimal fashion text);0
fashion related typography;0
typography fashion runway;0
fashion reels typography;0
fashion typography serif;0
fashion typography sans serif;0
fashion typography style;0
fashion sale typography poster;0
sustainable fashion typography;0
swiss typography fashion poster;0
swiss typography fashion;0
fashion social media post typography;0
typography fashion shoot;0
fashion typography ui;0
unisex fashion logo design typography;0
urban fashion typography;0
fashion typography videography;0
vintage fashion typography;0
vintage fashion logo typography;0
paris fashion week typography;0
women fashion typography;0
winter fashion typography;0
fashion photography with typography;0
fashion poster with typography;0
fashion editorial with typography;0
wearable typography fashion;0
typography fashion words;0
y2k fashion typography;0
fashion zine typography;0
3d typography fashion;0
80s fashion typography;0
90s fashion typography;0
editorial fonts pairing;0
editorial fonts combination;0
editorial fonts design;0
editorial fonts dafont;0
editorial fonts sans serif;0
editorial fonts google;0
editorial fonts aesthetic;0
editorial fonts serif;0
editorial fashion fonts;0
fonts editorial canva;0
aesthetic editorial fonts;0
modern editorial serif fonts;0
editorial brand fonts;0
vintage editorial serif fonts;0
adobe fonts editorial;0
magazine fonts typography editorial layout;0
sharp and editorial fonts;0
adobe fonts editorial design;0
editorial branding fonts;0
editorial bold fonts;0
editorial serif fonts branding;0
best editorial canva fonts;0
cool editorial fonts;0
editorial cursive fonts;0
fonts editorial cartooning;0
fonts for editorial cartoon;0
canva fonts for editorial;0
fonts for editorial cartooning;0
editorial typography google fonts;0
high end editorial fonts;0
editorial logo fonts;0
luxury editorial fonts;0
editorial layout fonts;0
modern editorial fonts;0
editorial new fonts;0
retro editorial fonts;0
editorial style fonts;0
editorial script fonts;0
editorial san serif fonts;0
soft editorial fonts;0
editorial typography fonts;0
editorial title fonts;0
unique editorial fonts;0
vintage editorial fonts;0
vogue editorial fonts;0
editorial website fonts;0
wedding editorial fonts;0
80s editorial fonts;0
90s editorial fonts;0
editorial typography layout;0
editorial typography design;0
editorial typography poster;0
editorial typography branding;0
editorial typography poster design;0
editorial typography aesthetic;0
editorial typography logo;0
editorial typography layout minimal;0
editorial typography design layout;0
editorial typography minimal;0
editorial typography instagram;0
editorial typography fashion;0
editorial design book typography;0
brutalist editorial typography;0
playful editorial typography;0
editorial skincare typography;0
dynamic typography editorial;0
premium editorial typography;0
editorial typography black white;0
dark editorial typography poster;0
editorial typography white space;0
arabic typography editorial design;0
swiss design layout editorial typography;0
editorial typography animation;0
editorial typography art;0
editorial typography architecture;0
editorial typography apparel;0
editorial typography ad layout;0
web design agency portfolio editorial off-white navy blue electric typography clean;0
black and white typography editorial;0
arabic editorial typography;0
brutalist editorial black and white typography;0
editorial article typography;0
editorial typography background;0
editorial typography brand identity;0
editorial typography book cover;0
editorial typography book;0
editorial typography beauty;0
editorial typography black;0
editorial typography black and white;0
editorial typography banner;0
editorial typography black background;0
editorial typography brand;0
editorial typography cover;0
editorial typography carousel;0
editorial typography collage;0
editorial typography canva;0
editorial typography clean;0
editorial typography composition;0
editorial typography campaign;0
editorial typography card;0
editorial typography combinations;0
editorial typography cover design;0
editorial typography classic;0
editorial typography contrast;0
editorial typography design magazine;0
editorial typography dark;0
editorial typography dark background;0
editorial typography detail;0
editorial / typography-driven;0
editorial typography dark minimal;0
editorial typography experimental;0
editorial typography examples;0
editorial typography font;0
editorial typography fashion poster;0
editorial typography flyer;0
editorial typography feminine layout;0
editorial typography fashion layout;0
futuristic editorial typography;0
food typography editorial;0
editorial typography grid;0
editorial typography graphic design;0
editorial typography grid design;0
editorial typography grid system;0
glitch typography editorial;0
editorial typography layout grid;0
editorial grotesk typography;0
magazine design inspiration graphic designers editorial layout typography;0
swiss grid typography editorial;0
grunge editorial typography;0
editorial typography brand identity navy blue gold design;0
editorial typography hierarchy;0
handwritten editorial typography;0
typography hierarchy editorial design;0
editorial headline typography;0
modern serif typography editorial heritage;0
editorial hero typography;0
bold minimalism typography-driven design editorial web design high-contrast design modern brutalism;0
high contrast editorial typography;0
horizontal editorial typography;0
editorial highlight typography;0
editorial typography instagram post;0
editorial typography instagram story;0
editorial typography identity;0
editorial typography instagram carousel;0
editorial typography invitation;0
editorial typography ideas;0
editorial typography image;0
editorial typography illustration;0
editorial typography instagram layout;0
editorial infographic typography;0
japanese editorial typography;0
japanese editorial design typography;0
editorial typography korean;0
kinetic typography editorial design;0
kids editorial typography;0
kinetic typography editorial;0
editorial typography layout design;0
editorial typography layout poster;0
editorial typography layout inspiration;0
editorial typography layout instagram;0
editorial typography layout magazine;0
editorial typography luxury;0
editorial typography layout classic;0
editorial typography logo design;0
editorial typography motion;0
editorial typography magazine;0
editorial typography minimal layout;0
editorial typography minimal poster;0
editorial typography moodboard;0
editorial typography motion design;0
editorial typography minimalist;0
editorial typography modern;0
editorial typography magazine layout;0
editorial typography magazine cover;0
editorial typography numbers;0
editorial typography neutral;0
nature editorial typography;0
editorial new typography;0
editorial number typography;0
numbers typography design editorial layout;0
editorial typography overlay;0
editorial typography over photo;0
editorial typography on photography;0
editorial typography over photography;0
editorial typography overlay photography;0
editorial typography over image;0
editorial typography on photo;0
oversized editorial typography;0
oversized typography editorial layout;0
overlapping typography editorial;0
editorial typography poster minimal;0
editorial typography poster layout;0
editorial typography photography;0
editorial typography packaging;0
editorial typography print;0
editorial typography pairing;0
editorial typography portrait;0
editorial typography png;0
editorial typography poster serif;0
editorial typography presentation;0
editorial typography quotes;0
editorial typography quote layout;0
editorial quote typography;0
editorial typography reel;0
editorial typography reference;0
editorial typography restaurant;0
editorial typography resume;0
raw editorial typography;0
rustic editorial typography;0
retro typography editorial;0
romantic editorial typography;0
editorial typography spread;0
editorial typography serif;0
editorial typography system;0
editorial typography social media;0
editorial typography style;0
editorial typography social media design;0
editorial typography serif minimal;0
editorial typography serif layout;0
editorial typography social media post;0
editorial typography specimen;0
editorial typography simple;0
editorial typography t-shirt;0
editorial typography t-shirt layout;0
editorial typography travel;0
editorial typography title;0
editorial typography tech;0
editorial typography ui;0
urban editorial typography;0
editorial typography video;0
editorial typography vogue;0
vintage editorial typography layout;0
vintage editorial poster typography;0
vogue editorial layout typography;0
editorial vintage typography;0
vertical typography editorial design;0
editorial typography web design;0
editorial typography website;0
editorial typography web;0
editorial typography website design;0
editorial typography wedding;0
editorial typography wall art;0
editorial typography warm;0
editorial typography wallpaper;0
editorial typography with images;0
editorial typography wellness;0
y2k editorial typography;0
1970s editorial typography;0
editorial typography 2026;0
3d typography editorial;0
70s editorial typography;0
80s editorial typography;0
90s editorial typography;0
magazine fonts typography;0
magazine fonts alphabet;0
magazine fonts ideas;0
magazine fonts canva free;0
magazine fonts aesthetic;0
magazine fonts a;0
magazine fonts numbers;0
magazine fonts pairing;0
canva fonts magazine style;0
different fonts magazine;0
magazine letter fonts;0
magazine fonts fashion;0
magazine poster fonts;0
magazine fonts hd number 7;0
fashion magazine fonts alphabet;0
canva fonts for a magazine;0
fonts for a magazine;0
art magazine fonts;0
alphabet fonts magazine pink;0
lettering fonts alphabet magazine;0
magazine fonts blue;0
magazine fonts bold;0
magazine fonts brown;0
magazine body fonts;0
best magazine fonts canva;0
big fonts magazine;0
birthday magazine fonts;0
happy birthday magazine fonts;0
bold fonts for magazine;0
magazine fonts cover;0
magazine fonts combination;0
magazine cutouts fonts;0
vogue magazine fonts canva;0
canva fonts for magazine cover;0
fashion magazine fonts canva;0
magazine fonts design;0
dafont fonts for magazine;0
magazine cover design fonts;0
magazine in different fonts;0
digital magazine fonts;0
magazine design layouts creative fonts;0
magazine layout design fonts;0
magazine fonts editorial;0
magazine fonts for canva;0
magazine fonts figma;0
magazine fonts green;0
good magazine fonts;0
google fonts for magazine;0
magazine google fonts;0
home magazine fonts;0
magazine header fonts;0
magazine heading fonts canva;0
magazine fonts ibis paint;0
fonts for magazine in canva;0
fonts used in magazine;0
fonts to use in magazine;0
fonts in magazine;0
fonts for magazine cover in canva;0
fonts ideas for magazine;0
japanese fonts magazine;0
japan magazine fonts;0
kids magazine fonts;0
magazine fonts letter;0
magazine fonts layout;0
letters fonts magazine;0
magazine lettering fonts;0
magazine text layout fonts;0
magazine like fonts;0
magazine fonts name;0
magazine cover fonts name;0
fonts on magazine;0
canva fonts magazine cut out;0
fonts magazine cut out;0
magazine fonts pink;0
magazine fonts printable;0
magazine fonts photoshop;0
magazine paper fonts;0
purple magazine fonts;0
magazine cover page fonts;0
magazine fonts retro;0
magazine fonts red;0
retro magazine fonts canva;0
magazine fonts sans serif;0
magazine style fonts;0
school magazine fonts;0
magazine fonts typography canva;0
fonts for magazine text;0
magazine title fonts canva;0
magazine text fonts canva;0
magazine type fonts;0
teen magazine fonts;0
magazine fonts vintage;0
magazine fonts vogue;0
vintage fashion magazine fonts;0
vintage magazine fonts canva;0
vouge magazine fonts;0
wall magazine fonts;0
magazine writing fonts;0
magazine fonts y2k;0
y2k magazine fonts canva;0
1970s magazine fonts;0
2000s magazine fonts canva;0
50s magazine fonts;0
60s magazine fonts;0
90s fonts magazine;0
upscale canva fonts;0
posh fonts alphabet;0
fonts posh;0
posh writing fonts alphabet;0
posh writing fonts;0
posh canva fonts;0
posh logo design fonts;0
alphabet fonts posh;0
luxury ligature font;0
luxury ligature fonts;0
elegant ligature logo;0
elegant ligature typography;0
elegant ligature serif font;0
elegant ligature fonts;0
display luxury fonts;0
display elegant fonts;0
elegant typeface logo;0
elegant typeface design;0
elegant typeface serif;0
elegant typeface alphabet;0
elegant typeface combinations;0
elegant typeface poster;0
elegant modern typeface;0
elegant serif typefaces;0
elegant wedding typeface;0
logo typeface elegant;0
typefaces elegant;0
classic elegant typeface;0
bold elegant typeface;0
simple elegant typeface;0
elegant arabic typeface;0
display typeface elegant;0
typeface elegant;0
elegant luxury typeface;0
elegant minimalist typeface;0
elegant minimal typeface;0
luxury typefaces;0
luxury typeface logo;0
luxury typeface typography;0
luxury typeface design;0
luxury typeface font;0
luxury typeface free;0
luxury typeface logo design;0
luxury typeface pairing;0
luxury typeface social;0
luxury brand typeface;0
luxury branding typeface;0
luxury modern typeface;0
luxury typeface logos;0
luxury logo typeface;0
luxury display typeface;0
quiet luxury typeface;0
luxury san serif typeface;0
arabic luxury typeface;0
bold luxury typeface;0
old money fonts alphabet;0
old money fonts adobe;0
old money fonts pairing;0
old money fonts combination;0
old money fonts google;0
old money fonts aesthetic;0
old money fonts word;0
old money fonts capcut;0
old money fonts figma;0
old money free fonts canva;0
bold old money fonts;0
fonts old money alphabet;0
old money fonts name;0
old money fonts zola;0
old money fonts a to z;0
old money fonts abc;0
old money aesthetic fonts canva;0
old money font pairing adobe fonts;0
can a old money fonts;0
dafont fonts aesthetic old money;0
aesthetic fonts alphabet old money;0
old money fonts bold;0
old money brand fonts;0
old money branding fonts;0
best canva fonts old money;0
old money fonts cyrillic;0
old money fonts canva pro;0
old money fonts combo;0
old money fonts canva wedding;0
old money cricut fonts;0
fonts in canva old money;0
cool old money fonts;0
old money fonts design;0
da font old money fonts;0
old money fonts google docs;0
old money fonts in dafont;0
old money logo design fonts;0
old money google doc fonts;0
old money fonts envato;0
old money fonts free canva;0
old money fonts for logo;0
old money fonts for canva;0
old money font google fonts;0
handwritten fonts old money;0
fonts handwriting old money;0
old money fonts indesign;0
old money fonts in word;0
old money fonts illustrator;0
old money fonts ibis paint;0
old money fonts instagram;0
old money fonts in figma;0
fonts ideas old money;0
old money italic fonts;0
old money fonts logo;0
premium fonts adobe;0
refined serif fonts;0
long stylish fonts;0
stylish fonts in figma;0
stylish fonts link;0
timeless google fonts;0
old money fonts letters;0
old money lettering fonts;0
letter fonts old money;0
old money fonts microsoft;0
old money fonts numbers;0
old money number fonts;0
old money fonts on canva;0
old money fonts on word;0
old money fonts pairing canva;0
old money fonts photoshop;0
old money fonts pair;0
phonto fonts old money;0
old money canva fonts pairings;0
old money style fonts;0
old money script fonts;0
old money serif fonts;0
old money text fonts;0
vintage old money fonts;0
old money vibe fonts;0
old money fonts wedding;0
old money writing fonts;0
old money wedding fonts canva;0
old money typography design;0
old money typography canva;0
old money typography logo;0
old money typography alphabet;0
old money typography poster;0
old money typography aesthetic;0
old money typography adobe;0
old money style typography;0
old money font typography;0
typography old money;0
typography logo old money;0
old money aesthetic typography;0
high fashion typography poster;0
high fashion typography logo;0
high fashion typography design;0
high-fashion typography;0
typography high fashion;0
elegant timeless fonts;0
glamour fonts canva;0
fonts glamour;0
glamour typography fonts;0
fonts alphabet glamour;0
hysteric glamour fonts;0
elegant and fancy fonts;0
luxurious fonts typography;0
luxurious fonts alphabet;0
luxurious fonts adobe;0
luxurious fonts for logo;0
luxurious fonts for brand;0
luxurious fonts name;0
luxurious fonts pairing;0
luxurious fonts google;0
luxurious cursive fonts;0
luxurious looking fonts;0
luxurious fonts on canva;0
luxurious brand fonts;0
minimal luxurious fonts;0
canva luxurious fonts;0
luxurious logo fonts;0
aesthetic luxurious fonts;0
luxurious arabic fonts;0
elegant and luxurious fonts;0
luxurious bold fonts;0
elegant luxurious fonts;0
modern luxurious fonts;0
luxurious script fonts;0
luxurious sans serif fonts;0
luxurious typography design;0
luxurious typography logo;0
luxurious typography layout;0
luxurious typography poster;0
typography luxurious;0
luxurious white typography;0
typography clean elegant;0
graceful fonts alphabet;0
graceful lettering fonts;0
fonts graceful;0
refined typography branding;0
refined typography design;0
refined typography logo;0
refined typography poster;0
refined typography layout;0
typography refined;0
refined serif typography;0
refined sans serif typography;0
elite motion fonts;0
elite in different fonts;0
fonts elite;0
elite canva fonts;0
aesthetic elegant fonts canva;0
aesthetic and elegant fonts;0
alphabet fonts aesthetic elegant;0
dafont fonts aesthetic elegant;0
premium fonts typography;0
premium fonts canva;0
premium fonts for video editing;0
premium fonts logo;0
premium fonts for website;0
premium fonts pairing;0
premium fonts combination;0
premium fonts alphabet;0
premium fonts design;0
canva fonts no premium;0
premium fonts serif;0
premium perfume fonts;0
premium fonts sans;0
premium fonts minimal;0
simple premium fonts;0
premium fonts on canva;0
premium royal fonts;0
premium fonts for title;0
premium fonts alight motion;0
arabic premium fonts;0
fonts apk premium;0
premium aesthetic fonts;0
canva fonts aesthetic premium;0
bold and premium fonts;0
premium fonts bold;0
best premium canva fonts;0
best premium serif fonts;0
premium fonts for brochure;0
premium clothing brand fonts;0
premium bold fonts free;0
premium branding fonts;0
premium body fonts;0
premium business fonts;0
premium fonts combo;0
premium clothing fonts;0
creative premium fonts;0
canva non premium fonts;0
cool premium fonts;0
premium decorative fonts;0
premium fonts for design;0
premium packaging design fonts;0
premium logo design fonts;0
english premium fonts;0
elegant premium fonts;0
premium real estate fonts;0
premium fonts for real estate;0
premium fonts for clothing brand;0
premium fonts figma;0
premium fonts food;0
premium fonts for brand;0
premium fonts for interior;0
google fonts premium;0
creative fabrica - premium crafting fonts, graphics & more;0
premium hotel fonts;0
premium heading fonts;0
premium indian fonts;0
italic premium fonts;0
premium jewellery fonts;0
fonts for premium logo;0
premium canva logo fonts;0
premium look fonts;0
canva premium luxury fonts;0
premium brand logo fonts;0
premium marathi fonts;0
premium menu fonts;0
most premium fonts;0
premium minimalist fonts;0
premium modern fonts;0
premium number fonts;0
premium number fonts on canva;0
premium fonts pair;0
premium restaurant fonts;0
premium fonts for reels;0
premium reel fonts;0
premium rich fonts;0
premium fonts sans serif;0
san serif premium fonts;0
script fonts premium;0
premium sleek fonts;0
premium style fonts;0
premium streetwear fonts;0
premium sanserif fonts;0
premium fonts typography canva;0
thick premium fonts;0
premium title fonts;0
tech premium fonts;0
premium traditional fonts;0
premium thin fonts;0
tall premium fonts;0
unique premium fonts;0
ultra premium fonts;0
vintage premium fonts;0
premium website fonts;0
premium wellness fonts;0
modern elegant typography logo;0
modern elegant typography design;0
modern elegant typography poster;0
modern elegant typography branding;0
typography elegant modern;0
elegant and modern typography;0
script elegant typography;0
timeless fonts logos design;0
timeless fonts canva;0
timeless fonts adobe;0
timeless fonts alphabet;0
timeless fonts logo;0
timeless branding fonts;0
simple timeless fonts;0
timeless classic fonts and logos;0
timeless brand fonts;0
fonts timeless;0
bold timeless fonts;0
tattoo fonts timeless;0
timeless wedding fonts canva;0
classic and timeless fonts;0
timeless cursive fonts;0
timeless classic fonts;0
timeless in different fonts;0
timeless luxury fonts;0
timeless modern fonts;0
timeless san serif fonts;0
timeless wedding fonts;0
elegant font combinations dafont;0
elegant font combinations capcut;0
elegant font combinations in canva;0
elegant wedding font combinations;0
font combinations elegant;0
elegant adobe font combinations;0
google font combinations elegant;0
free elegant font combinations;0
modern elegant font combinations;0
free canva font combinations elegant;0
luxury logo design inspiration typography;0
beautiful font pairings canva;0
elegant typography designs;0
typography logo design elegant;0
simple elegant typography design;0
elegant title typography design;0
elegant arabic typography design;0
elegant ads design typography;0
elegant minimal typography design;0
stylish fonts alphabet letters;0
stylish fonts alphabet letters design;0
stylish fonts canva;0
tamil fonts stylish design;0
stylish alphabet fonts;0
hindi stylish fonts handwriting;0
stylish fonts e;0
stylish a fonts;0
b in stylish fonts;0
tamil fonts stylish download;0
stylish fonts alphabet letters easy;0
stylish fonts alphabet letters cursive;0
stylish fonts alphabet graphic design;0
stylish fonts app name;0
stylish fonts alphabet letters printable;0
stylish fonts alphabet letters name;0
stylish fonts adobe;0
stylish fonts bengali;0
stylish bio fonts copy paste;0
birthday stylish fonts;0
stylish happy birthday fonts;0
stylish instagram fonts for bio;0
stylish alphabets letters best free fonts png;0
bold and stylish fonts;0
stylish alphabets letters best free fonts design;0
stylish fonts canva free;0
stylish fonts capcut;0
stylish fonts capital;0
stylish fonts combo;0
stylish fonts combination;0
cute and stylish fonts;0
stylish writing fonts hand lettering cursive;0
stylish fonts dp;0
stylish writing fonts hand lettering design;0
stylish number fonts design;0
different stylish fonts;0
stylish fonts easy;0
stylish english fonts name;0
stylish elegant fonts;0
english stylish fonts alphabet;0
e stylish fonts;0
easy and stylish fonts;0
stylish fonts for edits;0
stylish fonts for creative designs;0
stylish fonts for headings;0
stylish fonts good morning flowers;0
stylish gothic fonts;0
good morning stylish fonts;0
stylish alphabets fonts graphic design;0
stylish fonts handwritten;0
heading fonts stylish;0
stylish handwriting alphabet fonts;0
stylish hand letter fonts;0
how to write stylish handwriting fonts;0
stylish fonts ideas;0
index in stylish fonts;0
introduction in stylish fonts;0
name word in stylish fonts;0
stylish fonts for kids;0
stylish fonts alphabet letters k;0
k stylish fonts;0
stylish fonts lower case;0
stylish fonts luxury;0
stylish fonts for logos;0
a to z fonts alphabet letters stylish png;0
m stylish fonts;0
stylish and modern fonts;0
minimal stylish fonts;0
malayalam stylish fonts letters;0
stylish names fonts;0
stylish fonts with name;0
stylish fonts and name;0
stylish fonts and their names;0
stylish fonts odia;0
stylish fonts on dafont;0
names of stylish fonts;0
stylish fonts pairing;0
a to z fonts alphabet letters stylish printable;0
stylish and professional fonts;0
stylish fonts for poster;0
stylish fonts for projects;0
love quotes stylish fonts;0
retro stylish fonts;0
stylish r fonts;0
stylish fonts for reels;0
stylish fonts small letters;0
stylish fonts serif;0
stylish fonts shayri;0
stylish fonts title;0
tall stylish fonts;0
tamil fonts stylish name;0
stylish unique fonts;0
urdu stylish fonts name;0
stylish fonts video;0
stylish fonts vintage;0
stylish alphabets fonts visual arts;0
v stylish fonts;0
stylish fonts with color;0
stylish fonts words;0
stylish fonts wallpaper;0
stylish written fonts;0
stylish writing fonts hand lettering fonts;0
a to z fonts alphabet letters stylish simple;0
a to z stylish fonts alphabet letters;0
a to z fonts alphabet letters stylish design;0
a to z fonts alphabet letters stylish fire;0
stylish fonts a-z;0
stylish fonts from a to z;0
stylish fonts 2026;0
2025 stylish fonts;0
stylish fonts 3d;0
gorgeous fonts writing;0
gorgeous fonts alphabet;0
gorgeous canva fonts;0
fonts gorgeous;0
gorgeous calligraphy fonts;0
gorgeous script fonts;0
gorgeous lettering fonts;0
a mess of gorgeous chaos tattoo fonts;0
40 gorgeous handwritten script fonts;0
hello gorgeous fonts;0
elegant modern fonts canva;0
fonts modern elegant;0
modern, elegant fonts;0
elegant and modern fonts;0
modern elegant sans serif fonts;0
font aesthetic luxury;0
font canva aesthetic luxury;0
chic font pairings canva;0
chic canva font pairings;0
beautiful typography design inspiration;0
alphabet fonts elegant;0
elegant cute fonts alphabet;0
elegant fonts alphabet cursive;0
easy elegant fonts alphabet;0
elegant bold fonts alphabet;0
alphabet fonts handwriting elegant;0
fonts alphabet elegant hand lettering;0
elegant fonts alphabet lowercase;0
luxury lettering logo;0
luxury lettering design;0
luxury lettering fonts;0
luxury lettering tattoo;0
luxury lettering alphabet;0
quiet luxury lettering;0
luxury brand lettering;0
luxury logo design lettering;0
lettering luxury;0
luxury car lettering;0
elegant font | luxury lettering fonts;0
lettering fonts luxury;0
luxury lettering font;0
luxury hand lettering;0
aesthetic fonts classy;0
classy and aesthetic fonts;0
gorgeous lettering typography;0
typography gorgeous;0
hello gorgeous typography;0
packaging mockup, luxury packaging, box front design, label typography;0
fonts for a skincare brand;0
fonts for luxury skincare brand;0
skincare brand logo fonts;0
premium typography packaging design;0
premium typography packaging;0
fonts for wine label;0
luxury canva fonts branding;0
luxury canva fonts logo;0
luxury canva fonts combinations;0
fonts canva luxury;0
free canva luxury fonts;0
luxury cursive fonts canva;0
best canva fonts luxury;0
luxury bold fonts canva;0
canva fonts for luxury brands;0
luxury sans serif fonts canva;0
aesthetic fonts quote;0
fashion fonts aesthetic;0
typography quotes luxury;0
fonts instagram feed;0
fonts for instagram feed;0
aesthetic luxury typography;0
high-end social media design;0
high-end corporate event social media post design;0
social media design high end;0
high end restaurant social media design;0
high end food social media design;0
minimalist elegant canva fonts;0
typography design classy;0
instagram highlight names fonts;0
instagram story highlight fonts;0
instagram highlight covers fonts;0
cute instagram highlight fonts;0
highlight fonts instagram;0
alphabet fonts for instagram highlight;0
vogue style fonts canva;0
vogue style canva fonts;0
elegant typography quote;0
elegant serif fonts dafont;0
classy bold serif;0
classy script font free;0
elegant script google fonts;0
typography in fine art;0
high end typography poster;0
high-end typography branding;0
high end typography design minimal;0
high end branding typography;0
high-end editorial typography;0
high-end minimalist typography;0
high end brand typography layout;0
high-end magazine typography;0
high-end typography logo;0
high-end typography layout;0
typography logo high end;0
high-end serif typography;0
high end brand typography;0
high end brand identity typography;0
high end fashion typography;0
high end fashion typography layout;0
high end packaging typography;0
high end restaurant typography;0
sophisticated typography design;0
sophisticated typography logo;0
sophisticated typography layout;0
sophisticated typography branding;0
sophisticated typography poster;0
sophisticated typography fonts;0
sophisticated typography animation;0
sophisticated modern typography;0
bold sophisticated typography;0
modern, neutral tones sophisticated typography;0
simple sophisticated typography;0
sophisticated serif typography;0
luxury serif logo;0
luxury serif typography;0
luxury serif branding;0
luxury serif logo design;0
luxury serif wordmark;0
luxury serif wordmark logo;0
luxury serif typography branding;0
luxury serif font logo;0
luxury serif logo typography;0
luxury serif typography poster;0
luxury serif font canva;0
luxury san serif font;0
serif logo design luxury;0
luxury sans serif logos;0
modern serif logo luxury;0
luxury serif logo inspiration;0
sans serif luxury brand;0
modern luxury serif font;0
luxury serif logo minimal;0
luxury beauty logo serif;0
luxury serif alphabet;0
luxury serif font adobe;0
luxury serif brand;0
luxury serif brand identity;0
luxury brand serif font;0
modern sans serif luxury branding;0
luxury minimal serif branding;0
luxury bold serif;0
modern serif luxury branding;0
serif logo luxury brand;0
luxury san serif font canva;0
luxury sans-serif font combination;0
high contrast serif luxury;0
luxury serif design;0
luxury serif typography design;0
sans serif luxury graphic design;0
luxury serif poster design;0
luxury serif monogram design;0
luxury sans serif logo design;0
luxury serif font design;0
modern serif logo design luxury;0
editorial luxury serif;0
elegant luxury serif;0
luxury editorial serif font;0
luxury editorial serif typography;0
editorial serif luxury branding;0
editorial serif logo luxury;0
elite serif luxury font;0
luxury serif font pairing;0
luxury serif font branding;0
luxury serif fashion logo;0
luxury serif font poster;0
luxury serif google font;0
geometric sans serif luxury;0
luxury serif logo branding;0
luxury serif logo font;0
luxury serif logotype;0
luxury serif logo fashion;0
luxury serif layout;0
luxury serif monogram logo;0
luxury serif monogram;0
modern serif luxury;0
modern serif typography luxury;0
luxury serif poster;0
luxury serif typography packaging;0
quiet luxury serif logo;0
luxury serif sans branding;0
luxury serif typography logo;0
luxury serif typography editorial;0
luxury serif typeface;0
luxury serif typography layout;0
luxury serif type;0
luxury serif website;0
luxury sans serif wordmark;0
serif wordmark luxury brand;0
elegant serif typography;0
elegant serif logo;0
elegant serif branding;0
elegant serif logo design;0
elegant serif font logo;0
elegant serif fonts alphabet;0
elegant serif wordmark;0
elegant serif typography branding;0
elegant serif typography logo;0
serif font elegant logo;0
elegant serif type;0
elegant serif brand;0
elegant serif monogram logo;0
elegant design serif;0
elegant thin serif;0
elegant sans-serif typeface;0
elegant serif adobe fonts;0
elegant serif and sans serif pairing;0
elegant serif alphabet;0
elegant serif font alphabet;0
elegant sans serif adobe fonts;0
elegant serif font aesthetic;0
elegant serif fonts and their name;0
elegant serif typography aesthetic;0
elegant serif brand identity;0
elegant serif bold font;0
elegant serif book cover;0
elegant serif business card;0
elegant serif bold;0
bold elegant serif fonts;0
sans serif elegant branding;0
elegant serif fonts for branding;0
best serif elegant fonts;0
elegant serif canva;0
elegant serif canva fonts;0
elegant condensed serif font;0
elegant high contrast serif;0
elegant serif font canva;0
elegant sans serif canva;0
elegant sans serif fonts canva;0
elegant serif fonts in canva;0
sans serif elegant font canva;0
elegant condensed sans serif;0
elegant serif design;0
elegant serif display font;0
elegant serif font design;0
elegant sans serif design;0
font serif elegant dafont;0
elegant serif typography design;0
elegant display serif;0
elegant sans serif display font;0
elegant serif poster design;0
elegant serif website design;0
elegant serif editorial layout;0
elegant serif editorial typography;0
elegant serif editorial;0
elegant serif font branding;0
elegant serif font pairing;0
elegant sans serif google font;0
elegant serif headlines;0
elegant serif for headings;0
elegant serif logo inspiration;0
elegant italic serif;0
elegant serif logo branding;0
elegant serif logotype;0
elegant serif logo typography;0
elegant serif logo minimal;0
elegant serif layout;0
elegant serif lettering;0
elegant serif logo fonts;0
elegant serif logo fashion brand;0
elegant serif logo beauty brand;0
elegant serif monogram;0
elegant modern serif;0
elegant minimal serif;0
modern elegant san serif font;0
modern elegant sans serif;0
modern elegant serif typography;0
elegant serif typography fashion magazine;0
modern sans serif elegant font;0
modern elegant sans serif logo;0
elegant non serif font;0
elegant serif poster;0
elegant serif packaging;0
elegant sans serif font pairing;0
elegant serif font pairings;0
elegant serif font preview;0
elegant serif typography packaging;0
elegant serif font poster;0
elegant serif typography poster;0
script font pairing elegant serif branding;0
elegant serif restaurant logo;0
elegant serif skincare font;0
elegant serif typography layout;0
elegant serif typography editorial;0
elegant serif wordmark logo;0
elegant serif website;0
elegant serif wordmark branding;0
elegant sans serif wordmark;0
classy serif logo;0
classy sans serif;0
classy sans serif font;0
serif font classy;0
serif fonts classy;0
classy serif font;0
modern elegant serif logo;0
elegant modern serif font;0
luxury script logo;0
luxury script font logo;0
luxury script typography;0
luxury script font canva;0
luxury script logo design;0
luxury script tattoo;0
luxury script branding;0
luxury script typeface;0
luxury script logotype;0
luxury scriptures;0
luxury life scripting;0
luxury space elegance and calligraphy and modern arabic script style;0
luxury brand script font;0
luxury script design;0
script logo luxury;0
luxury font script;0
luxury brand script logo;0
luxury script canva fonts;0
luxury script font design;0
modern luxury script font;0
script luxury;0
script typography packaging luxury;0
luxury script type;0
elegant script tattoo;0
elegant script fonts canva;0
elegant script tattoo font;0
elegant script font design;0
elegant script logo design;0
elegant script lettering;0
elegant script alphabet;0
script font elegant free;0
elegant script handwriting;0
elegant tattoo script;0
script fonts elegant;0
elegant script monogram;0
elegant script font logo;0
elegant script wordmark logo;0
elegant script branding;0
elegant script brand;0
elegant balloon star logo script;0
happy birthday elegant script;0
elegant brush script;0
elegant bold script fonts;0
elegant bridal script;0
elegant script canva fonts;0
elegant script calligraphy;0
elegant script canva;0
elegant cursive script;0
elegant script design;0
elegant tamil script design;0
elegant script letter designs;0
elegant script font pairing;0
elegant script free font;0
elegant script fonts google;0
elegant script font style;0
elegant script letter g;0
handwritten script font elegant;0
elegant handwritten script;0
elegant script wedding invitation;0
elegant script font for wedding invitations;0
wedding invitations elegant formal script fonts;0
elegant script letters;0
elegant script logo font;0
elegant script logotype;0
elegant script fonts logo;0
modern elegant script font;0
elegant modern script;0
elegant script tattoo men;0
elegant script numbers;0
elegant number script;0
elegant script poster;0
elegant script typography poster;0
elegant script letter r;0
elegant script spine tattoo;0
elegant script signature;0
elegant script style;0
elegant script tattoos for women;0
elegant script type;0
elegant script text;0
elegant tattoos script;0
vintage elegant script;0
elegant script writing;0
elegant script wordmark;0
elegant wedding script;0
classy script tattoo;0
classy scripture;0
classy script tattoos;0
luxury wedding canva fonts;0
wedding fonts combinations elegant;0
elegant wedding logo monogram fonts;0
luxury calligraphy logo;0
luxury calligraphy design;0
luxury calligraphy art;0
luxury calligraphy arabic;0
luxury calligraphy painting;0
luxury calligraphy tattoo;0
luxury calligraphy alphabet;0
luxury calligraphy branding;0
luxury calligraphy wall art;0
luxury calligraphy frame;0
luxury islamic calligraphy;0
arabic luxury calligraphy;0
luxury arabic calligraphy art;0
calligraphy luxury fonts;0
luxury persian calligraphy;0
modern luxury calligraphy workspace;0
luxury arabic calligraphy logo;0
luxury arabic calligraphy background;0
luxury arabic calligraphy painting;0
luxury arabic calligraphy wall art;0
luxury brand calligraphy;0
luxury calligraphy card;0
luxury word calligraphy;0
elegant calligraphy logo;0
elegant calligraphy tattoo;0
elegant calligraphy fonts alphabet;0
elegant calligraphy numbers;0
elegant calligraphy canva font;0
elegant calligraphy handwriting;0
elegant calligraphy fonts collection;0
elegant calligraphy script;0
elegant calligraphy alphabet cursive letters;0
shimmering stars. mirrored reflections. elegant calligraphy.;0
elegant calligraphy practice;0
calligraphy lettering elegant;0
simple elegant calligraphy;0
elegant calligraphy art;0
elegant calligraphy alphabets;0
elegant italic calligraphy;0
elegant calligraphy canva;0
elegant arabic calligraphy wedding certificate frame;0
elegant calligraphy aesthetic;0
elegant calligraphy arabic;0
elegant fonts alphabet calligraphy cursive letters alphabet;0
elegant font alphabet calligraphy;0
calligraphy fonts alphabet elegant;0
simple and elegant arabic calligraphy;0
simple elegant arabic calligraphy;0
elegant arabic calligraphy eid al fitr;0
elegant calligraphy background;0
bismillah calligraphy elegant;0
elegant bold calligraphy;0
simple but elegant calligraphy;0
elegant arabic calligraphy background;0
happy birthday elegant calligraphy;0
elegant background for calligraphy;0
elegant brush calligraphy;0
elegant calligraphy design;0
elegant modern calligraphy white yellow gold save the date ideas card invitation template;0
wedding logo design elegant calligraphy;0
elegant calligraphy easy;0
elegant calligraphy fonts canva;0
elegant islamic golden frame with lanterns & calligraphy;0
elegant french calligraphy;0
calligraphy elegant font;0
elegant gothic calligraphy;0
elegant italic handwriting calligraphy;0
how to write elegant calligraphy;0
elegant hindi calligraphy;0
elegant handwritten calligraphy;0
elegant calligraphy ideas;0
elegant islamic calligraphy;0
ashley in elegant calligraphy;0
elegant word in calligraphy;0
elegant modern wedding invitations calligraphy;0
elegant japanese calligraphy;0
elegant calligraphy lettering;0
elegant arabic calligraphy logo;0
elegant modern calligraphy;0
number calligraphy elegant;0
elegant calligraphy poster;0
elegant writer pen calligraphy;0
elegant calligraphy letter p;0
elegant arabic calligraphy painting;0
elegant calligraphy quotes;0
elegant calligraphy style;0
elegant calligraphy tattoo style;0
simple yet elegant calligraphy;0
elegant s calligraphy;0
simple and elegant calligraphy;0
elegant calligraphy text;0
elegant calligraphy typography;0
elegant vintage calligraphy;0
elegant calligraphy writing;0
elegant calligraphy words;0
elegant wedding calligraphy;0
elegant word calligraphy;0
fine art calligraphy fonts;0
fine art logo design fonts;0
fine art typography graphic design;0
typography fine art;0
fine art logo design typography;0
luxury logo fonts canva;0
luxury logo fonts typography;0
luxury logo fonts free;0
luxury fashion logo fonts;0
modern luxury logo fonts;0
best luxury logo fonts;0
minimal luxury logo fonts;0
elegant luxury logo fonts;0
luxury logo design branding letters fonts;0
logo fashion brand luxury fonts;0
luxury logo design branding fonts;0
modern luxury logo design fonts;0
luxury serif logo fonts;0
elegant logo fonts canva;0
elegant logo fonts free;0
logo fonts elegant;0
elegant canva fonts for logo;0
elegant serif fonts logo;0
best elegant logo fonts;0
fonts for elegant logo;0
elegant logo design fonts;0
logo simple elegant fonts;0
luxury branding fonts canva;0
branding luxury fonts;0
luxury fashion branding fonts;0
luxury serif fonts branding;0
luxury branding design fonts canva;0
branding fonts elegant;0
elegant sans serif fonts for branding;0
boutique fonts designs;0
boutique fonts canva;0
boutique design logo fonts;0
boutique logo fonts;0
fonts boutique;0
fonts for boutique;0
boutique style fonts;0
kids boutique logo fonts;0
boutique name fonts;0
boutique hotel fonts;0
high fashion canva fonts;0
fonts high fashion;0
fashion typography layout;0
fashion typography design fonts;0
fashion typography design poster;0
fashion typography design fonts alphabet;0
fashion typography poster layout design;0
fashion typography ideas;0
fashion typography video;0
fashion typography animation;0
fashion typography ads;0
poster typography design fashion;0
fashion designer typography;0
fashion posters typography;0
fashion title typography;0
fashion magazine typography quotes saying;0
botanical fashion typography;0
fashion typography posts;0
cortis fashion typography;0
fashion typography logo design inspiration;0
fashion typography alphabet;0
fashion typography aesthetic;0
black and white fashion typography;0
typography animation for fashion;0
arabic typography fashion;0
typography fashion ad;0
fashion typography creative ads;0
art direction fashion typography;0
fashion ads with typography;0
fashion article typography design;0
fashion typography banner;0
fashion typography branding;0
fashion typography background;0
fashion typography bold;0
bold typography poster fashion;0
fashion brand typography design;0
fashion brand typography layout;0
fashion brand logo typography;0
fashion basics typography;0
bold typography design fashion;0
fashion typography campaign;0
fashion typography clothes;0
fashion typography creatives;0
fashion typography cover;0
fashion calligraphy typography;0
new collection poster fashion graphic design typography;0
fashion magazine typography cover;0
fashion creative typography;0
fashion campaign typography minimal;0
fashion campaign poster typography;0
fashion typography design poster minimal;0
fashion typography design style;0
fashion typography design video;0
fashion typography design lettering;0
fashion typography design graphics;0
fashion typography design magazine;0
fashion typography editorial;0
editorial typography fashion magazine;0
fashion editorial layout magazine typography;0
editorial fashion typography layout;0
editorial fashion typography poster;0
fashion expressive typography;0
editorial fashion typography logo;0
90s fashion editorial typography;0
high fashion editorial typography;0
fashion typography font;0
fashion typography graphic design;0
fashion typography graphic;0
grunge fashion typography;0
gothic typography fashion;0
fashion graphic design layout typography;0
girls fashion typography;0
fashion poster design graphics typography;0
avant garde typography fashion;0
gen z fashion typography;0
high fashion typography white space;0
high fashion campaign typography;0
high fashion logo typography;0
fashion house typography;0
high fashion serif typography;0
high fashion typography layout;0
heritage fashion typography;0
high fashion poster typography;0
fashion magazine headline typography;0
fashion typography inspiration;0
fashion typography illustration;0
fashion typography identity;0