wedding invitation card fonts;720
wedding invitation fonts;720
wedding stationery fonts;720
elegant serif fonts;590
luxury script fonts;390
best fonts for wedding invitation;320
best wedding invitation fonts;210
wedding signage fonts;210
elegant fonts for wedding;140
elegant wedding fonts;140
fancy fonts for wedding;90
wedding invitation script fonts;90
elegant script fonts free;70
free elegant script fonts;70
wedding monogram fonts;70
beautiful wedding fonts;50
elegant invitation fonts;50
elegant wedding invitation fonts;50
popular wedding invitation fonts;50
wedding invitation fonts free;50
elegant serif fonts free;40
free elegant serif fonts;40
wedding invitation fonts canva;40
wedding invitation typography;40
classic wedding fonts;30
modern wedding invitation fonts;30
wedding invitation envelope fonts;30
classic wedding invitation fonts;20
elegant script fonts alphabet;20
elegant serif fonts canva;20
free elegant wedding fonts;20
romantic wedding fonts;20
wedding menu fonts;20
best wedding invitation fonts canva;10
classy wedding fonts;10
elegant canva fonts for wedding;10
elegant fonts sans serif;10
elegant sans serif google fonts;10
elegant serif fonts adobe;10
elegant serif fonts google;10
elegant wedding fonts canva;10
elegant wedding script fonts;10
formal wedding fonts;10
free elegant sans serif fonts;10
luxury wedding fonts;10
minimalist wedding fonts;10
premium wedding fonts;10
rustic wedding invitation fonts;10
serif fonts elegant;10
tamil wedding invitation fonts;10
typography for wedding invitation;10
wedding invitation fonts dafont;10
wedding invitation fonts in canva;10
wedding invitation fonts style;10
elegant script fonts;1
best elegant sans serif fonts;0
elegant serif fonts dafont;0
fine art wedding fonts;0
fonts for wedding monogram;0
wedding invitation address fonts;0
chic wedding fonts;0
modern wedding typography;0
calligraphy fonts for weddings;0
sophisticated wedding fonts;0
wedding envelope calligraphy fonts;0
timeless wedding fonts;0
high end wedding fonts;0
black tie wedding fonts;0
fancy wedding fonts;0
luxury wedding calligraphy;0
wedding typography inspiration;0
expensive wedding fonts;0
elegant wedding logo fonts;0
elegant serif fonts wedding;0
wedding fonts combinations elegant;0
elegant fonts wedding;0
elegant wedding logo monogram fonts;0
wedding invitations elegant formal script fonts;0
elegant fonts for wedding invitation;0
luxury fonts for wedding;0
luxury wedding invitation fonts;0
free luxury wedding fonts;0
luxury fonts for wedding invitation;0
luxury fonts wedding;0
luxury wedding canva fonts;0
wedding invitation fonts combinations;0
wedding invitation fonts on canva;0
wedding invitation fonts serif;0
wedding invitation fonts canva free;0
wedding invitation fonts adobe;0
wedding invitation fonts alphabet;0
wedding invitation fonts elegant;0
wedding invitation fonts png;0
wedding invitation fonts ideas;0
simple wedding invitation fonts;0
wedding invitation design fonts;0
wedding invitation envelopes address fonts;0
wedding invitation suite fonts;0
free canva fonts for wedding invitation;0
wedding reception invitation fonts;0
wedding invitation fonts cricut;0
invitation card design wedding fonts;0
wedding invitation fonts combinations canva;0
indian wedding invitation cards fonts;0
calligraphy wedding invitation envelope fonts;0
glam wedding invitation fonts;0
wedding invitation google fonts;0
wedding invitation fonts names;0
wedding invitation name fonts;0
wedding invitation fonts pairing;0
modern typography wedding invitation;0
modern typography wedding;0
modern typography wedding invite;0
wedding menu fonts canva;0
menu wedding fonts;0
wedding menu canva fonts;0
wedding signage fonts canva;0
canva fonts for wedding signage;0
fonts for wedding signage;0
romantic fonts wedding;0
classic wedding fonts canva;0
wedding fonts classic;0
wedding monogram fonts canva;0
fonts wedding monogram;0
canva fonts for wedding monogram;0
wedding monogram logo initials letters fonts;0
indian wedding logo monogram fonts;0
wedding monogram logo initials design fonts;0
luxury script fonts canva;0
luxury fonts script;0
luxury script canva fonts;0
formal wedding invite fonts;0
wedding fonts minimalist;0
timeless wedding fonts canva;0
wedding invitation typography design;0
wedding invitation typography layout;0
classic wedding invitation typography;0
minimalist wedding invitation typography;0
editorial wedding invitation typography;0
dreamy wedding invitation typography;0
wedding typography invitation;0
luxury wedding invitation typography;0
minimalist wedding invitation simple typography;0
wedding invitation cards typography;0
minimal wedding invitation typography;0
vintage typography wedding invitation;0
elegant script fonts canva;0
elegant script fonts handwriting;0
elegant script fonts logo;0
elegant script fonts google;0
script fonts elegant;0
elegant bold script fonts;0
elegant canva script fonts;0
elegant serif fonts alphabet;0
elegant serif fonts typography;0
elegant serif fonts and their name;0
elegant serif fonts for branding;0
elegant serif fonts branding;0
elegant serif fonts in canva;0
elegant serif fonts logo;0
san serif fonts elegant;0
elegant sans-serif fonts;0
elegant sans serif adobe fonts;0
elegant sans serif fonts canva;0
bold elegant serif fonts;0
best serif elegant fonts;0
elegant sans serif fonts for branding;0
classic elegant serif fonts;0
modern elegant serif fonts;0
modern elegant sans serif fonts;0
elegant serif fonts poster;0
elegant tall serif fonts;0
wedding beautiful calligraphy fonts;0
beautiful fonts for wedding;0
fancy wedding fonts alphabet;0
fancy letters fonts calligraphy wedding invitations;0
fancy cursive fonts wedding invitations;0
fancy fonts wedding;0
fancy writing styles fonts wedding invitations;0
wedding premium fonts;0
classy fonts wedding;0