black and white teddy bear clipart;480
teddy bear clipart black and white;480
teddy bear clipart free;260
pregnancy test clipart;260
christmas teddy bear clipart;140
teddy bear with balloon clipart;140
valentines teddy bear clipart;140
teddy bear clipart png;110
teddy bear png clipart;110
cute animal clipart black and white;110
moon and stars clipart black and white;110
first birthday clipart;90
teddy bear clipart easy;90
teddy bear picnic clipart;90
sun moon stars clipart;90
teenage pregnancy clipart;90
teddy bear with heart clipart;70
apple pie clipart black and white;70
apple pie slice clipart;70
cute apple pie clipart;70
teddy bear clipart outline;50
valentines day teddy bear clipart;50
cute farm animal clipart;50
cute winter animal clipart;50
free cute animal clipart;50
teddy bear clipart images;50
teddy bear face clipart;50
teddy bear holding heart clipart;50
cute stuffed animal clipart;50
teddy bear valentine clipart;40
teddy bear with blue bow clipart;40
teddy bear with pink bow clipart;40
cute teddy bear clipart black and white;30
teddy bear clipart cute;30
cute animal clipart easy;30
cute animal eyes clipart;30
cute animal face clipart;30
cute pink teddy bear clipart;30
graduation teddy bear clipart;30
teddy bear clipart simple;30
cute sea animal clipart;30
cute spring animal clipart;30
cute summer animal clipart;30
birth announcement clipart;20
gender neutral clipart;20
teddy bear clipart drawing;20
teddy bear day clipart;20
teddy bear doctor clipart;20
teddy bear eyes clipart;20
cute animal clipart simple;20
cute ocean animal clipart;20
sitting teddy bear clipart;20
sleeping teddy bear clipart;20
teddy bear with balloons clipart free;20
teddy bear with blue ribbon clipart;20
cute zoo animal clipart;20
fairy first birthday clipart;20
happy first birthday clipart;20
newborn clipart;18
watercolor animal clipart;10
newborn clipart black and white;10
newborn screening clipart;10
a teddy bear clipart;10
teddy bear face clipart black and white;10
teddy bear with flowers clipart;10
cute animal clipart images;10
cute animal clipart png;10
cute animal family clipart;10
cute animal head clipart;10
cute forest animal clipart;10
cute jungle animal clipart;10
cute kawaii animal clipart;10
cute safari animal clipart;10
cute woodland animal clipart;10
sick teddy bear clipart;10
small teddy bear clipart;10
teddy bear clipart with balloons;10
teddy bear family clipart;10
teddy bear reading clipart;10
teddy bear with balloons clipart png;10
teddy bear with green balloons clipart;10
yellow teddy bear clipart;10
cute animal reading clipart;10
cute valentine animal clipart;10
first birthday cake clipart;10
pregnancy clipart black and white;10
pregnancy test positive clipart;10
teddy bear clipart;8
clipart of a teddy bear;8
cute animal clipart;2
pregnancy clipart;2
cute clipart animal;2
apple pie clipart;1
moon stars clipart;1
clipart apple pie;1
moon and stars clipart;1
moon with stars clipart;1
african american baby boy clipart;0
baby alligator clipart;0
baby animal clipart;0
baby animal png;0
baby bear clipart black and white;0
baby blanket clipart;0
baby bottle clipart;0
baby boy clipart;0
baby boy elephant clipart;0
baby bunny clipart;0
baby captain america clipart;0
baby clipart;0
baby clipart black;0
baby clipart black and white;0
baby clipart boy;0
baby clipart easy;0
baby clipart free;0
baby clipart girl;0
baby clipart images;0
baby clipart png;0
baby clipart transparent;0
baby clipart transparent background;0
baby clothes clipart;0
baby dedication clipart;0
baby deer clipart;0
baby duck clipart;0
baby eating clipart;0
baby elements png;0
baby elephant clipart;0
baby elsa clipart;0
baby farm animals clipart;0
baby feet clipart;0
baby food jar clipart;0
baby fox clipart;0
baby girl clipart;0
baby goose clipart;0
baby hand clipart;0
baby illustration png;0
baby in a blanket clipart;0
baby jaguar clipart;0
baby jesus in manger clipart;0
baby jesus in the manger clipart;0
baby lion king clipart;0
baby milestone clipart;0
baby nursery clipart;0
baby png;0
baby rattle clipart;0
baby rattle clipart black and white;0
baby shark clipart;0
baby shoes clipart;0
baby shower clipart;0
baby stroller clipart;0
baby toys clipart;0
clipart baby jesus;0
cute baby clipart;0
cute baby hippo clipart;0
cute baby png;0
elephant baby shower clipart;0
mary joseph and baby jesus clipart;0
mermaid baby clipart;0
mother and baby clipart;0
mother carrying a baby clipart;0
mother holding baby clipart;0
newborn baby clipart;0
parents holding baby clipart;0
sticker png bundle;0
vintage baby clipart;0
woman holding baby clipart;0
woodland baby clipart;0
baby boy clipart png;0
baby boy things clipart;0
baby boy toys clipart;0
baby boy with crown clipart;0
baby clipart outline;0
baby clipart simple;0
baby dinosaur clipart png;0
baby elephant clipart png;0
baby girl clipart png;0
baby girl onesie clipart;0
baby leopard clipart;0
baby new year clipart;0
baby octopus clipart;0
baby otter clipart;0
baby pooh clipart;0
baby reindeer clipart;0
baby romper clipart;0
baby shark png clipart;0
baby shower png clipart;0
baby turkey clipart;0
baby unicorn clipart;0
baby vest clipart;0
baby walker clipart;0
baby yoda clipart black and white;0
baby yoda clipart png;0
clipart baby yoda;0
cute baby animals clipart;0
cute baby clipart black and white;0
cute baby deer clipart;0
cute baby dragon clipart;0
cute baby face clipart;0
cute baby farm animals clipart;0
cute baby flamingo clipart;0
cute baby giraffe clipart;0
cute baby panda clipart;0
cute baby yoda clipart;0
cute baby zebra clipart;0
new baby girl clipart;0
newborn baby clipart black and white;0
watercolor baby animals png;0
watercolor baby elephant clipart;0
watercolor baby elephant png;0
baby shark transparent png;0
baby yoda transparent png;0
cute baby elephant png;0
cute baby lion clipart;0
cute baby penguin clipart;0
cute baby png text;0
cute baby reindeer clipart;0
cute baby turkey clipart;0
cute baby unicorn png;0
cute baby yoda png;0
baby watercolor clipart;0
baby watercolor png;0
baby digital clipart;0
baby digital graphics;0
baby illustration clipart;0
baby graphics png;0
baby design elements;0
baby clipart bundle;0
baby png bundle;0
baby watercolor illustrations;0
baby transparent png;0
baby printable graphics;0
baby craft clipart;0
baby sticker clipart;0
baby scrapbook clipart;0
baby sublimation clipart;0
newborn watercolor clipart;0
newborn png clipart;0
cute newborn clipart;0
baby themed clipart;0
baby digital download;0
watercolor baby png;0
baby clipart set;0
baby illustrations png;0
safari baby clipart;0
boho baby clipart;0
ocean baby clipart;0
mushroom baby clipart;0
cottagecore baby clipart;0
floral baby clipart;0
pastel baby clipart;0
nursery clipart png;0
stork baby clipart;0
baby shirt clipart;0
baby journal clipart;0
baby printable clipart;0
sublimation baby png;0
winter baby clipart;0
fall baby clipart;0
pumpkin baby clipart;0
christmas baby clipart;0
snowflake baby clipart;0
autumn baby clipart;0
holiday baby clipart;0
baby clipart printables;0
baby cliparts;0
baby clipart cute;0
baby clipart drawing;0
baby clipart for kids;0
sleeping baby boy clipart;0
baby pictures clipart;0
baby clipart aesthetic;0
baby clipart animals;0
afro baby girl clipart;0
clipart safari baby;0
baby clipart blue;0
baby clipart brown;0
baby clipart black and white line art;0
baby clipart background;0
baby clipart black and white clip art;0
baby clipart black white;0
baby clipart cartoon;0
baby clipart design;0
baby drink milk clipart;0
dress baby clipart;0
baby dog clipart;0
cry baby doll clipart;0
baby dummy clipart;0
baby shower decorations clipart;0
dad baby clipart;0
baby girl pink dress clipart;0
baby details clipart;0
safari baby elephant clipart;0
baby elephant blue clipart;0
baby elephant with balloon clipart;0
baby girl clipart easy;0
baby girl eating clipart;0
baby boy eating clipart;0
purple baby elephant clipart;0
baby clipart funny;0
baby pooh and friends clipart;0
cute baby fox clipart;0
clipart for baby girl;0
baby finger clipart;0
baby foot prints clipart;0
cute baby fish clipart;0
baby clipart green;0
baby girl sleeping in moon clipart;0
baby gender reveal clipart;0
baby girl shoe clipart;0
sage green baby clipart;0
baby girl outfit clipart;0
baby girl clipart vintage;0
baby girl toys clipart;0
baby girl cowgirl clipart;0
baby girl cow clipart;0
baby clipart hd;0
baby blue heart clipart;0
horse and baby clipart;0
baby happy clipart;0
couple holding baby clipart;0
baby holding balloons clipart;0
baby legs in hand clipart;0
baby clipart ideas;0
baby shower image clipart;0
indian baby clipart;0
baby bird in nest clipart;0
its a baby girl clipart;0
infant baby boy clipart;0
baby shower indian clipart;0
baby it’s cold outside clipart;0
jungle baby clipart;0
cute baby jungle animals clipart;0
toile de jouy baby shower clipart;0
baby jumper clipart;0
baby jasmine clipart;0
baby japanese clipart;0
baby clipart kids;0
cute baby kitten clipart;0
krishna baby clipart;0
clipart baby koala;0
baby radha krishna clipart;0
baby hello kitty clipart;0
baby shower krishna clipart;0
king cake baby clipart;0
cute baby krishna clipart;0
hello kitty baby shower clipart;0
kangaroo baby clipart;0
baby clipart logo;0
baby lama clipart;0
clipart baby lion;0
little baby clipart;0
lavender baby shower clipart;0
lemon baby shower clipart;0
lion with baby clipart;0
little pumpkin baby shower clipart;0
baby girl clothes line clipart;0
baby shower moon clipart;0
mexican baby shower clipart;0
moon with baby clipart;0
muslim baby clipart;0
mother baby nurse clipart;0
baby mouse clipart;0
baby clipart neutral;0
newborn baby clothes clipart;0
baby girl newborn clipart;0
baby nose clipart;0
nautical baby clipart;0
baby boy nursery clipart;0
baby naming ceremony clipart;0
baby on the way clipart;0
sleeping baby on moon clipart;0
picture of baby clipart;0
baby shower clipart outline;0
baby girl on cloud clipart;0
orange baby clipart;0
baby clipart picture;0
purple baby shoes clipart;0
baby puppy clipart;0
pumpkin baby shower clipart;0
baby powder clipart;0
pink baby crib clipart;0
baby play clipart;0
baby boy prince clipart;0
baby queen clipart;0
baby q clipart;0
baby clipart red;0
baby rumi clipart;0
baby radha rani clipart;0
baby rabbit clipart;0
baby radha clipart;0
rainbow baby clipart;0
baby rooster clipart;0
baby clipart stickers;0
baby clipart standing;0
baby clipart sleeping;0
baby clipart svg;0
boho baby shower clipart;0
baby clipart to color;0
vintage baby toys clipart;0
teddy bear baby clipart;0
baby shower themes clipart;0
baby trolley clipart;0
baby boy clipart teddy;0
baby ultrasound clipart;0
unisex baby clipart;0
unborn baby clipart;0
under the sea baby shower clipart;0
cute baby unicorn clipart;0
baby unicorn watercolor clipart;0
baby clipart vintage;0
baby clipart vector;0
baby boy vintage clipart;0
vintage baby cowboy clipart;0
vintage baby clothes clipart;0
vintage baby stroller clipart;0
vintage baby shoes clipart;0
baby valentine clipart;0
vintage baby doll clipart;0
baby clipart watercolor;0
baby clipart word;0
baby bottle clipart watercolor;0
wonder woman baby clipart;0
winter baby shower clipart;0
baby with a ball clipart;0
baby clipart yellow;0
baby shark yellow clipart;0
baby yoga clipart;0
young baby clipart;0
printable baby yoda clipart;0
1 year baby clipart;0
yashoda and krishna baby clipart;0
new years baby clipart;0
zebra baby clipart;0
cute baby zoo animals clipart;0
boss baby 1 number clipart;0
baby boy 1 year clipart;0
baby boy 1st birthday clipart;0
baby girl 1st birthday clipart;0
baby 1st christmas clipart;0
12 months baby milestone clipart;0
boss baby 2 number clipart;0
6 months baby clipart;0
90s baby clipart;0
baby boss png clipart;0
baby boy and girl shower clipart png;0
baby stroller clipart png;0
baby shoes clipart png;0
cute baby girl clipart png;0
baby boy angel clipart png;0
baby santa clipart merry christmas illustration santa claus png holiday clipart;0
baby lion clipart png;0
baby moana clipart png;0
baby tiana clipart png;0
baby dino watercolor clipart;0
watercolor baby boy clipart;0
baby dinosaur watercolor clipart;0
watercolor baby clipart;0
watercolor baby bear clipart;0
baby dragon watercolor clipart;0
baby girl clipart watercolor;0
watercolor baby animals clipart;0
newborn baby watercolor clipart;0
baby animal watercolor clipart;0
watercolor baby clothes clipart;0
baby lion watercolor clipart;0
baby shower watercolor clipart;0
watercolor baby girl png;0
baby lion watercolor png;0
watercolor baby dinosaur png;0
baby boy watercolor png;0
watercolor baby shower png;0
baby shark watercolor png;0
cute baby clipart png;0
clipart baby cute;0
cute baby shower clipart;0
cute baby chicken clipart;0
cute baby donkey clipart;0
cute baby safari animals clipart;0
cute baby girl and boy clipart;0
cute baby angel clipart;0
cute baby alligator clipart;0
cute baby astronaut clipart;0
cute baby wild animals clipart;0
baby lion clipart cute animals;0
cute baby elephant clipart black and white;0
cute baby dinosaurs clipart;0
cute baby duck clipart;0
cute baby dino clipart;0
cute baby girl elephant clipart;0
cute baby elephants clipart;0
cute baby boy elephant clipart;0
cute clipart for baby girl;0
cute clipart for baby;0
cute baby girl for baby shower clipart set;0
cute baby fairy clipart;0
baby girl cute clipart;0
cute baby grinch clipart;0
cute baby goose clipart;0
cute baby goat clipart;0
cute baby girls clipart;0
cute little baby girl clipart;0
cute baby horse clipart;0
cute baby highland cow clipart;0
baby hippos cute clipart;0
cute baby jesus clipart;0
cute baby lamb clipart;0
cute baby monkey clipart;0
cute baby mermaid clipart;0
cute baby owl clipart;0
cute baby pics clipart;0
cute baby princess clipart;0
cute baby boy clipart png;0
cute baby rhino clipart;0
cute baby rabbit clipart;0
cute rabbit clipart baby bunnies;0
cute baby shark clipart;0
cute baby snake clipart;0
cute baby sleeping clipart;0
cute baby sheep clipart;0
cute baby turtle clipart;0
cute baby tiger clipart;0
baby teddy bear clipart cute;0
cute baby wolf clipart;0
cute baby png images;0
cute baby png photo;0
cute baby png hd;0
cute baby blue png;0
moana baby cute png;0
cute baby sticker png;0
thor baby cute png;0
homem aranha cute baby png;0
baby boy cute png;0
baby looney tunes cute png;0
baby blue pngs cute;0
baby bear cute png;0
frozen baby cute png;0
cute baby animal png;0
pequena sereia cute png ariel baby png;0
cute animals baby png;0
cute baby angel png;0
ariel cute baby png;0
cute baby deer png;0
branca de neve baby cute png;0
cute baby dino png;0
fundo dino baby cute png;0
cute baby dragon png;0
dinossauro baby cute png;0
cute baby dog png;0
princesas disney baby cute png;0
baby duck cute png;0
cute baby dinosaur png;0
cute baby elephant cartoon png;0
cute baby girl elements png;0
cute baby elements png;0
cute baby face png;0
cute baby fox png;0
cute baby girl face png;0
fiona baby cute png;0
flash baby cute png;0
cute baby fairy png;0
cute png for baby;0
baby girl cute png;0
cute baby girls png;0
cute baby girl clothes png;0
baby ganesha cute images png;0
cute baby girl cartoon png;0
cute baby girl text png;0
cute baby giraffe png;0
baby ganesha cute png;0
hulk baby cute png;0
cute baby head png;0
cute baby horse png;0
herois cute baby png;0
cute baby illustration png;0
cute baby image png;0
cute baby boy images png;0
cute baby icon png;0
cute baby murugan images png;0
cute png icons baby;0
baby krishna cute pic png;0
cute baby krishna png;0
cute baby kitten png;0
cute little baby png;0
cute baby lion png;0
cute baby lamb png;0
cute baby logo png;0
cute baby monkey png;0
my cute baby png;0
cute baby murugan png;0
my cute baby text png;0
baby cute natal png;0
cute baby name png;0
cute baby outfit png;0
olaf baby cute png;0
cute baby quotes png;0
cute baby rabbit png;0
cute baby radha png;0
sereia baby cute png;0
cute baby blue stickers png;0
baby shark cute png;0
cute baby stuff png;0
cute baby spiderman png;0
safari baby cute png;0
cute baby shoes png;0
cute baby turtle png;0
cute baby tiger png;0
cute baby things png;0
cute baby tee png;0
cute baby toys png;0
cute baby boy text png;0
tiana baby cute png;0
vingadores baby cute png;0
cry baby wild but cute png;0
cute baby yellow png;0
cute baby zebra png;0
baby boy illustration png;0
baby illustration art newborn png;0
baby shower illustration png;0
baby shower couple illustration png;0
baby girl illustration png;0
baby boy graphics png;0
baby shower mehendi design elements;0
baby shower basic elements mehandi design;0
baby shower elements mehndi design;0
baby shower elements design;0
baby boy design elements;0
baby girl design elements;0
baby blue design elements;0
baby elements design;0
baby boy svg design bundles | svg files, sublimation designs, png cliparts;0
baby bundle png;0
baby girl svg design bundles | svg files, sublimation designs, png cliparts;0
baby pokemon bundle png;0
baby illustrations watercolor;0
baby pinkie pie transparent png;0
baby mlp transparent png;0
baby hair png transparent;0
baby rarity mlp transparent png;0
minnie baby png transparent;0
baby apple jack transparent png;0
baby rarity transparent png;0
baby minnie mouse png transparent;0
baby rainbow dash transparent png;0
baby boss png transparent;0
baby bottle transparent png;0
ash baby transparent png;0
cinderela baby png transparent;0
circus baby transparent png;0
baby shower transparent classic winnie the pooh png;0
baby fluttershy transparent png;0
baby princess luna transparent png;0
baby twilight sparkle png transparent;0
baby clipart sticker;0
baby boy sticker clipart;0
baby boy scrapbook clipart;0
scrapbook clipart baby;0
baby girl scrapbook clipart;0
nursery baby clipart;0
baby girl nursery clipart;0
newborn boy clipart;0
baby boy newborn clipart;0
newborn baby clipart illustrations;0
newborn baby clipart simple;0
mother and newborn clipart;0
clipart newborn;0
newborn girl clipart;0
baby boy themed clipart;0
baby blue elements png;0
baby shower elements png;0
boss baby elements png;0
baby pink elements png;0
baby boy png;0
baby elephant cartoon png;0
baby frame png free;0
baby hat png;0
baby looney tunes png;0
baby penguin;0
baby png background;0
baby png black and white;0
baby png cartoon;0
baby png icon;0
baby png logo;0
baby png picture;0
baby png text;0
baby quotes png;0
baby rainbow dash png;0
baby shark png;0
baby shark png hd;0
baby shower png;0
baby space jam characters png;0
80s baby png;0
90s baby png;0
animal baby clipart;0
baby animal clipart black and white;0
baby animal clipart free;0
baby farm animal clipart;0
baby png transparent;0
baby png vector;0
baby safari animal clipart;0
baby shower animal clipart;0
baby unicorn png;0
baby woodland animal clipart;0
baby yoda birthday png;0
baby yoda ears png;0
baby yoda logo png;0
baby yoda png vector;0
baby zombie minecraft png;0
mom and baby animal clipart;0
baby bunny clipart black and white;0
baby daisy duck clipart;0
baby deer clipart black and white;0
baby duck clipart black and white;0
baby elephant clipart black and white;0
baby elephant face clipart;0
baby girl elephant clipart;0
baby girl teddy bear clipart;0
baby shark birthday clipart;0
baby shark clipart black and white;0
baby shark clipart free;0
baby shark clipart png;0
baby shark doo doo clipart;0
baby shark family clipart;0
baby shark fish clipart;0
blue baby shark clipart;0
cute animal clipart outline;0
elephant and baby clipart;0
mom and baby elephant clipart;0
pink baby elephant clipart;0
pink baby shark clipart;0
watercolor farm animal clipart;0
baby girl elements png;0
baby boy elements png;0
baby shower elements png for invitation card;0
baby girl digital paper free download;0
baby announcement digital download;0
baby shower invitations digital download;0
baby boy digital paper free download;0
baby png image;0
baby png aesthetic;0
baby png clip art;0
baby png girl;0
baby png drawing;0
baby png sticker;0
baby png black;0
baby png cute;0
baby blue png;0
newborn baby png;0
newborn baby girl png;0
minnie baby png;0
baby png art;0
baby png anime;0
baby png animated;0
baby png azul;0
topo de bolo capitao america baby png;0
oso azul baby shower png;0
baby looney tunes aquarela png;0
baby shark azul png;0
pequena sereia ariel baby png;0
sony angel baby png;0
aquaman baby png;0
baby png boy;0
baby png blue;0
baby png black background;0
baby png brown;0
baby png birthday;0
baby png crying;0
baby png clothes;0
baby png cubos;0
baby png cry;0
baby png cha revelação;0
baby png crawling;0
topo master chefe baby png;0
baby png design;0
baby png dourado;0
baby png draw;0
baby png desenho;0
baby png dot;0
baby png dados;0
dino baby png;0
branca de neve png baby;0
png baby doll;0
baby png escrita;0
baby png emoji;0
baby png edit;0
dados escrito baby png;0
tiana baby em png;0
baby emu png;0
sleeping baby elephant png;0
convite dino baby para editar png;0
elefante para baby shower png;0
elefante baby shower png sin fondo;0
topo de bolo moana baby em png;0
baby png funny;0
baby png face;0
baby png fakeland;0
baby png for editing;0
baby png font;0
baby png fnaf;0
safari baby png fundo transparente;0
baby felix the cat png;0
macbook folder icon png baby blue;0
baby shark fundo png;0
baby angel from stitch png;0
baby png green screen;0
baby png gacha;0
baby png green;0
baby boy baby girl png;0
happy birthday baby girl png;0
baby girl dresses png;0
afro baby girl png;0
islamic baby girl png;0
baby girl purple png;0
baby pink glitter png;0
baby png head;0
baby png hair;0
moldura homem aranha baby png;0
logo homem aranha baby png;0
dad holding baby png;0
homem aranha baby png cidade;0
baby boss png no head;0
bó hoa baby png;0
baby hercules and pegasus png;0
baby png imvu;0
baby png items;0
baby png in blanket;0
baby shower image png;0
imagens magali baby png;0
indian baby shower invitations png;0
baby cartoon png image;0
baby lion image png;0
baby yellow icon png;0
palana jhula baby png;0
princesa jasmine png baby;0
baby tom and jerry png;0
baby phat jeans png;0
joker baby png;0
baby joey png;0
baby ganesh ji png;0
baby junino png;0
baby looney tunes space jam png;0
dino baby juntos png;0
jerry baby png;0
baby png kpop demon hunters;0
png kartun baby shark;0
kiko baby png;0
baby kids dress png;0
guerreiras kpop png baby;0
hello kitty baby shower png;0
kiko chaves baby png;0
fundo guerreiras do kpop baby png;0
goku baby kid png;0
baby lee know png;0
baby blue png kpop;0
baby kawaii icons png;0
baby png letras;0
baby png letter;0
topper looney tunes baby png;0
leao baby png;0
personagens lune tunes baby png;0
perna longa baby png;0
baby looney tunes png redondo;0
topo de bolo tema baby looney tunes png;0
logo boss baby png;0
baby png marrom;0
baby png material;0
baby murugan png;0
t shirt roblox png baby metal;0
caixa piramide moana baby png;0
topo monica baby png;0
baby png name;0
baby png no face;0
baby png naming ceremony;0
branca de neve sentada baby png;0
boss baby neck tie png;0
branca de neve baby com coelho png;0
oso para baby shower niña png;0
baby name png image;0
branca de neve baby png deitada;0
baby png overlay;0
olaf baby png;0
oh baby topper png;0
ovelha baby png;0
oh baby png dourado;0
osso dinossauro baby png;0
oxossi baby png;0
oh baby png rosa;0
oso baby shower png niña;0
oh baby vector png;0
baby png photo;0
baby png pink;0
baby png palavra;0
baby png pfp;0
baby png para imprimir;0
branca de neve baby png quadrado;0
queen baby png;0
baby birthday quotes png;0
quadrado escrito baby png;0
quadro baby png;0
baby shower quote png;0
baby quotes girl png;0
baby quotes boy png;0
quadro moranguinho baby png;0
baby quadrado png;0
baby png rosa;0
baby png real;0
dinossauro baby png rosa;0
renjun baby png;0
baby reindeer png;0
png baby shark rosa;0
rotulo dino baby png;0
mickey baby roupa vermelha png;0
baby png sleep;0
baby png stuff;0
baby png sleeping;0
baby png sitting;0
baby png saja boys;0
patito baby shower png;0
baby png things;0
baby png toys;0
baby png topo de bolo;0
thor baby png;0
urso baby chá png;0
bisonho ursinho pooh baby png;0
ursinho baby png azul;0
ursinho baby chá png;0
baby ursinho png;0
ursinho pooh baby em png;0
personagens ursinho pooh baby png;0
usagi baby png;0
baby wrapped up png;0
ursinha baby png;0
tigrao ursinho pooh png baby;0
baby png vintage;0
baby png video;0
baby png verde;0
vectores baby shower png;0
vaca baby png;0
dino baby voador png;0
baby vest png;0
baby vasco png;0
vaqueiro baby png;0
baby png word;0
baby png wigs;0
baby png white background;0
baby png white;0
baby png wrapped;0
family with baby png;0
father with baby png;0
baby weight machine png;0
baby blue and white png;0
classic winnie the pooh baby shower png;0
baby flora winx png;0
boss baby with crown png;0
baby png yellow;0
baby yellow game png;0
baby yoda nave png;0
topo de bolo baby yoda png;0
yellow baby tee png;0
baby yoshi png;0
zapatos baby shower png;0
zootopia baby png;0
baby zu png;0
zebra baby png;0
zoro baby png;0
safari baby zebra png;0
zebra aquarela baby png;0
dragon ball z baby shower png;0
baby zombie png;0
dragon ball z baby png;0
boss baby 1 number png;0
1 aninho moana baby png;0
baby boss png 1;0
1 month baby png;0
boss baby no 1 png;0
numero 1 moranguinho baby png;0
numero 1 moana baby png;0
numero 1 dino baby png;0
baby shark number 1 png;0
1 month baby picture png;0
numero 1 mickey baby png;0
numero 1 moana baby png molde;0
1month baby png;0
1st baby boss png;0
baby minnie mouse 1st birthday png;0
baby moana 2 png;0
numero 2 safari baby png;0
número 2 dinossauro baby png;0
2 month baby png;0
numero 2 moana baby png;0
numero 2 homem aranha baby png;0
numero 2 baby shark rosa png;0
number 2 baby shark png;0
baby shark 2 png;0
dino baby 2 png;0
boss baby number 2 png;0
baby shark numero 2 png;0
2000s baby tee png;0
2000s baby png;0
numero 3 dinossauro baby png;0
baby shark png 3;0
3 palavrinhas baby png;0
numero 3 baby shark png;0
numero 3 dino baby png;0
numero 3 baby shark rosa png;0
3 month baby png;0
3 months baby photography png;0
3 cry baby png;0
baby shark number 3 png;0
numero 3 homem aranha baby png;0
boss baby number 3 png;0
baby shark 3 png;0
baby shark 3rd birthday png;0
numero 4 baby shark png;0
numero 4 homem aranha baby png;0
baby shark png 4;0
4 months baby png;0
4 month baby photoshoot png;0
baby shark number 4 png;0
40 days baby png;0
one piece baby 5 png;0
5 months baby png;0
baby 5 png;0
painel 50x50 homem aranha baby png;0
6 months baby png;0
os 7 anoes baby png;0
os 7 anoes branca de neve baby png;0
7 months baby png;0
branca de neve e os 7 anoes baby png;0
7 anoes branca de neve baby png;0
7 anoes png baby;0
8 month baby photoshoot png;0
8 month baby png;0
9 months baby png;0
baby tees 90s png;0
baby shower clipart set;0
baby boy animal clipart;0
baby girl animal clipart;0
mother and baby animal clipart;0
cute baby farm animal clipart;0
teddy bear clipart free printable;0
teddy bear clipart girl;0
teddy bear clipart blue;0
teddy bear clipart for kids;0
teddy bear clipart boy;0
teddy bear clipart baby boy;0
teddy bear aesthetic clipart;0
teddy bear clipart purple;0
clipart teddy bear clip art;0
watercolor blue teddy bear clipart;0
light brown teddy bear clipart;0
teddy bear clipart beige;0
teddy bear clipart face;0
teddy bear clipart aesthetic;0
teddy bear in hot air balloon clipart;0
teddy bear with hot air balloon clipart;0
pink and blue teddy bear clipart;0
teddy bear aviator clipart;0
boy and girl teddy bear clipart;0
teddy bear clipart baby;0
teddy bear clipart brown;0
teddy bear clipart black white;0
teddy bear clipart background;0
teddy bear clipart christmas;0
teddy bear clipart car;0
dark brown teddy bear clipart;0
dirty teddy bear clipart;0
teddy bear doll clipart;0
easter teddy bear clipart;0
fluffy teddy bear clipart;0
watercolor teddy bear clipart for boy;0
teddy bear holding balloons clipart free;0
teddy bear floating with balloons clipart;0
teddy bear clipart green;0
teddy bear gender reveal clipart;0
mint green teddy bear clipart;0
girl with teddy bear clipart;0
girl holding teddy bear clipart;0
cute girl teddy bear clipart;0
girly teddy bear clipart;0
teddy bear clipart hd;0
cute teddy bear clipart happy birthday;0
teddy bear holding balloon clipart;0
teddy bear holding blue balloons clipart;0
teddy bear holding balloons clipart printable;0
hugging teddy bear clipart;0
cute teddy bear clipart illustrations;0
injured teddy bear clipart;0
teddy bear in basket clipart;0
teddy bear in car clipart;0
ralph lauren teddy bear clipart;0
little teddy bear clipart;0
teddy bear on the moon clipart;0
teddy bear on moon clipart;0
my teddy bear clipart;0
teddy bear with moon clipart;0
neutral teddy bear clipart;0
orange teddy bear clipart;0
black and white clipart of a teddy bear;0
teddy bear party clipart;0
preppy teddy bear clipart;0
teddy bear parachute clipart;0
clipart pink teddy bear;0
teddy bear clipart red;0
teddy bear clipart standing;0
baby shower teddy bear clipart;0
sailor teddy bear clipart;0
teddy bear baby shower theme clipart;0
teddy bear sketch clipart;0
soft teddy bear clipart;0
teddy bear clipart vintage;0
teddy bear clipart watercolor;0
teddy bear clipart without background;0
2 teddy bear clipart;0
teddy bear clipart 3d;0
baby deer clipart free printable;0
deer baby clipart;0
fawn clipart baby deer;0
baby shower bunny clipart;0
baby girl bunny clipart;0
baby boy bunny clipart;0
bunny baby clipart;0
cute baby bunny clipart;0
white baby duck clipart;0
duck baby clipart;0
mommy duck and baby ducks clipart;0
duck baby shower clipart;0
donald duck baby clipart;0
goose baby shower clipart;0
silly goose baby shower clipart;0
silly goose baby shower theme clipart;0
mama and baby goose clipart;0
baby shark clipart birthday;0
baby shark cliparts;0
baby shark clipart pinkfong;0
baby shark boy clipart;0
baby shark face clipart;0
baby shark girl clipart;0
baby shark theme clipart;0
baby fox clipart free printable;0
elephant with baby clipart;0
baby safari animal png;0
minecraft baby animal png;0
baby farm animal png;0
animal baby shower png;0
animal baby png;0
mom and baby animal png;0
cute animal watercolor clipart;0
woodland animal watercolor clipart;0
watercolor sea animal clipart;0
animal watercolor clipart;0
watercolor safari animal clipart;0
cute animal clipart free printable;0
cute animal clipart couple cartoon;0
cute animal clipart bunny;0
cute animal clipart video;0
cute animal clipart wolf;0
cute animal clipart wallpaper;0
cute animal clipart free printable cat;0
cute animal clipart tiger;0
cute animal clipart couple cartoon video;0
cute animal clipart dog;0
cute animal clipart wallpaper hd;0
cute animal clipart koala;0
cute animal clipart horse;0
cute animal clipart black and white aesthetic;0
cute animal clipart video animation;0
cute animal clipart butterfly;0
cute animal clipart bear;0
cute animal clipart bunny video;0
cute animal clipart blue;0
cute animal clipart happy birthday;0
cute animal clipart black and white cartoon;0
cute animal birthday clipart;0
cute animal clipart black and white wallpaper;0
cute animal clipart cat;0
cute animal clipart couple drawing;0
cute animal clipart couple aesthetic;0
cute animal clipart drawing;0
cute animal clipart deer;0
cute animal clipart duck;0
cute animal drawings clipart;0
cute animal clipart video dance;0
cute animal clipart elephant;0
cute easter animal clipart;0
cute animal clipart for kids;0
funny cute animal clipart;0
cute animal clipart free printable templates;0
cute animal clipart free printable stickers;0
cute animal clipart goat;0
cute animal clipart lion;0
cute animal clipart wallpaper laptop;0
cute animal clipart monkey;0
cute animal clipart penguin;0
cute animal clipart panda;0
cute animal picture clipart;0
cute pink animal clipart;0
cute animal clipart free printable animal;0
cute animal clipart rabbit;0
baby bottle clipart black and white;0
baby boy bottle clipart;0
baby boy clipart black and white;0
baby boy clipart free;0
baby boy clothes clipart;0
baby boy shoes clipart;0
baby clothes clipart black and white;0
baby clothes hanging clipart;0
baby girl bottle clipart;0
baby girl clothes clipart;0
baby girl shoes clipart;0
baby mermaid clipart;0
baby milk bottle clipart;0
baby shoes clipart black and white;0
baby shower clipart black and white;0
baby shower clipart boy;0
baby shower clipart free;0
baby shower clipart girl;0
baby shower clipart images;0
baby shower clipart png;0
baby shower invitation clipart;0
baby stork clipart;0
baby toys clipart black and white;0
baby with bottle clipart;0
baby woodland animals clipart;0
blue baby rattle clipart;0
blue baby shoes clipart;0
boss baby bottle clipart;0
clipart baby shoes;0
pink baby rattle clipart;0
safari baby animals clipart;0
stork and baby clipart;0
stork carrying baby clipart;0
stork with baby clipart;0
winnie the pooh baby shower clipart;0
woodland baby shower clipart;0
baby boy clipart images;0
baby boy frame clipart;0
baby boy onesie clipart;0
baby girl angel clipart;0
baby girl clipart black and white;0
baby girl face clipart;0
baby girl items clipart;0
baby girl sleeping clipart;0
baby pumpkin clipart;0
first birthday clipart black and white;0
new baby boy clipart;0
twin baby boy clipart;0
welcome baby boy clipart;0
cute animal clipart sheep;0
cute animal clipart snake;0
cute animal sticker clipart;0
cute animal at school clipart;0
cute animal clipart turtle;0
cute animal clipart unicorn;0
cute animal clipart wallpaper aesthetic;0
cute wild animal clipart;0
cute animal waving clipart;0
baby woodland clipart;0
baby woodland animals clipart free printable;0
safari baby shower boy clipart;0
safari baby shower clipart;0
boho baby boy clipart;0
boho baby girl clipart;0
baby boho clipart;0
boho baby watercolor clipart;0
boho baby crib clipart;0
boho baby toys clipart;0
baby vintage clipart;0
vintage baby carriage clipart;0
baby blue vintage race car clipart;0
baby clothes clipart free printable;0
baby clothes clipart clip art;0
baby clothes cliparts;0
baby clothes clipart brown;0
pink baby clothes clipart;0
baby cowboy clothes clipart;0
western baby clothes clipart;0
baby clothes on clothesline clipart;0
baby clothes line clipart;0
baby boy clothes line clipart;0
baby shower clothes clipart;0
baby toys clipart clip art;0
baby with toys clipart;0
baby playing toys clipart;0
baby shower toys clipart;0
pink baby toys clipart;0
baby girl playing with toys clipart;0
baby hanging toys clipart;0
baby playing with toys clipart;0
baby girl stroller clipart;0
clipart baby stroller;0
blue baby stroller clipart;0
pink baby stroller clipart;0
baby boy stroller clipart;0
baby in stroller clipart;0
baby bottle clipart free printables;0
baby bottle clipart outline;0
baby bottle blue clipart;0
baby with milk bottle clipart;0
baby bottle with bow clipart;0
bottle baby clipart;0
pink and blue baby bottle clipart;0
boss baby milk bottle clipart;0
baby feeding bottle clipart;0
green baby bottle clipart;0
baby girl milk bottle clipart;0
baby bottle pink clipart;0
red baby bottle clipart;0
baby shoes clipart blue;0
baby shoes cliparts;0
green baby shoes clipart;0
baby shoes pink clipart;0
brown baby shoes clipart;0
baby girl pink shoes clipart;0
16 png dog clipart, funny puppy floral pet kids sublimation cartoon nursery illustration;0
baby boy rattle clipart;0
stork baby girl clipart;0
baby boy stork clipart;0
moon and stars clipart clip art;0
baby moon and stars clipart;0
sun and moon and stars clipart;0
sun, moon, and stars clipart;0
cute moon and stars clipart;0
baby t shirt clipart;0
baby boy shirt clipart;0
boss baby shirt clipart;0
baby shower clipart printable;0
clipart baby girl free printable;0
baby angel clipart free printable;0
baby boss clipart printable;0
baby face clipart free printable;0
baby dinosaur clipart free printable;0
baby girl clipart printable;0
baby shower clipart free printable;0
clipart baby boy free printable;0
baby shower clipart free printable templates;0
sticker bundle png;0
baby shower clipart clip art;0
baby shower clipart marathi;0
baby shower clipart background;0
baby shower clipart green;0
baby shower clipart for girl;0
baby boy baby shower clipart;0
baby shower boy girl clipart;0
baby shower airplane theme clipart;0
hot air balloon baby shower theme clipart;0
baby shower boy and girl clipart;0
baby shower clipart blue;0
baby shower dress clipart;0
dinosaur baby shower clipart;0
baby shower mom dad clipart;0
baby shower elements clipart;0
fall baby shower clipart;0
baby shower boy clipart free printables;0
girl baby shower clipart purple;0
baby shower boy or girl clipart;0
golf baby shower clipart;0
locally grown baby shower clipart;0
baby shower clipart hd;0
baby shower he or she clipart;0
here comes the son baby shower clipart;0
honey bee baby shower clipart;0
halloween baby shower clipart;0
baby shower clipart indian;0
baby shower ideas clipart;0
cielito lindo baby shower clipart;0
baby shower lady clipart;0
baby shower clipart mom to be;0
baby shower mother clipart;0
baby shower niño clipart;0
gender neutral baby shower clipart;0
neutral baby shower clipart;0
orange baby shower clipart;0
baby shower clipart purple;0
baby shower props clipart;0
baby shower pink clipart;0
pooh baby shower clipart;0
baby shower rainbow clipart;0
peter rabbit baby shower clipart;0
baby shower round clipart;0
red baby shower clipart;0
baby shower clipart twins;0
toy story baby shower clipart;0
baby shower teddy clipart;0
vintage baby shower clipart;0
western baby shower clipart;0
baby shower women clipart;0
winnie pooh baby shower clipart;0
we can bearly wait baby shower clipart;0
yellow baby shower clipart;0
baby newborn clipart;0
baby boy clipart printable;0
baby boy clipart watercolor;0
baby boy clipart cute;0
baby boy clipart blue;0
baby boy clipart sticker;0
baby boy clipart background;0
baby boy clipart drawing;0
baby boy cradle clipart;0
baby boy parachute clipart;0
baby girl and boy clipart;0
arab baby boy clipart;0
mother and baby boy clipart;0
baby boy announcement clipart;0
baby boy accessories clipart;0
angel baby boy clipart;0
mom dad and baby boy clipart;0
baby boy design clipart;0
baby boy dress clipart;0
baby boy dino clipart;0
clipart for baby boy;0
baby boy first birthday clipart;0
baby boy clipart green;0
baby boy girl clipart;0
baby girl or boy clipart;0
boy baby shower clipart green;0
baby boy giraffe clipart;0
baby twins boy and girl clipart;0
welcome home baby boy clipart;0
baby boy with horse clipart;0
baby boy items clipart;0
its a baby boy clipart;0
indian baby boy clipart;0
little baby boy clipart;0
baby boy mundan clipart;0
baby boy sleeping on moon clipart;0
mom and baby boy clipart;0
baby boy on moon clipart;0
muslim baby boy clipart;0
precious moments baby boy clipart;0
baby boy on cloud clipart;0
baby boy outfit clipart;0
clipart of baby boy;0
baby boy pram clipart;0
parents with baby boy clipart;0
baby boy room clipart;0
baby boy romper clipart;0
baby boy sitting clipart;0
baby boy theme clipart;0
couple with baby boy clipart;0
winter baby boy clipart;0
baby boy with pacifier clipart;0
baby girl clipart cute;0
baby girl clipart drawing;0
baby girl clipart frame;0
baby girl clipart purple;0
baby girl clipart for cake;0
baby girl clipart dress;0
baby girl accessories clipart;0
father and baby girl clipart;0
a baby girl clipart;0
dad and baby girl clipart;0
baby girl face clipart black and white;0
baby girl doll clipart;0
dad holding baby girl clipart;0
mom dad baby girl clipart;0
baby girl dresses clipart;0
baby girl elements clipart;0
baby girl first birthday clipart;0
baby girl first christmas clipart;0
baby girl flower clipart;0
curly hair baby girl clipart;0
happy baby girl clipart;0
baby girl rocking horse clipart;0
welcome home baby girl clipart;0
baby girl holding balloon clipart;0
baby girl head clipart;0
baby girl sleeping in clouds clipart;0
indian baby girl clipart;0
baby girl in cradle clipart;0
little baby girl clipart;0
ralph lauren baby girl clipart;0
muslim baby girl clipart;0
baby girl mundan clipart;0
mom with baby girl clipart;0
baby girl on moon clipart;0
new borned baby girl clipart;0
baby girl naming ceremony clipart;0
baby girl sleeping on cloud clipart;0
baby girl sleeping on moon clipart;0
baby girl with pacifier clipart;0
baby girl panda clipart;0
baby girl praying clipart;0
winnie the pooh baby girl clipart;0
red baby girl clipart;0
baby girl romper clipart;0
baby girl stuff clipart;0
school baby girl clipart;0
strawberry baby girl clipart;0
baby girl things clipart;0
twin baby girl clipart;0
baby girl teddy clipart;0
baby girl theme clipart;0
girl with baby clipart;0
couple with baby girl clipart;0
baby girl with crown clipart;0
parents with baby girl clipart;0
gender neutral baby clipart;0
blueberry berry first birthday clipart;0
first birthday girl clipart;0
first rodeo birthday clipart;0
beary first birthday clipart;0
happy first birthday girl clipart;0
my first birthday clipart;0
pregnancy clipart illustrations;0
pregnancy clipart clip art;0
pregnancy photos clipart;0
pregnancy couple clipart;0
pregnancy ultrasound clipart;0
ectopic pregnancy clipart;0
clipart pregnancy;0
twin pregnancy clipart;0
pregnancy announcement clipart;0
pregnancy journal clipart;0
pregnancy kit clipart;0
pregnancy lady clipart;0
pregnancy women clipart;0
winter baby girl clipart;0
baby christmas clipart;0
baby boy christmas clipart;0
baby girl christmas clipart;0
christmas clipart baby jesus;0
baby shark christmas clipart;0
baby first christmas clipart;0
christmas baby clothes clipart;0
christmas baby shower clipart;0
apple pie recipe clipart;0