teddy bear clipart free;260
christmas teddy bear clipart;140
valentines teddy bear clipart;140
teddy bear clipart png;110
teddy bear png clipart;110
first birthday clipart;90
teddy bear clipart easy;90
teddy bear picnic clipart;90
sun moon stars clipart;90
cute apple pie clipart;70
teddy bear clipart outline;50
cute farm animal clipart;50
cute winter animal clipart;50
free cute animal clipart;50
teddy bear clipart images;50
teddy bear face clipart;50
cute stuffed animal clipart;50
teddy bear valentine clipart;40
teddy bear clipart cute;30
cute animal face clipart;30
teddy bear clipart simple;30
cute sea animal clipart;30
cute spring animal clipart;30
cute summer animal clipart;30
birth announcement clipart;20
gender neutral clipart;20
teddy bear clipart drawing;20
teddy bear day clipart;20
cute animal clipart simple;20
cute ocean animal clipart;20
sitting teddy bear clipart;20
sleeping teddy bear clipart;20
cute zoo animal clipart;20
fairy first birthday clipart;20
happy first birthday clipart;20
newborn clipart;18
watercolor animal clipart;10
cute animal clipart images;10
cute animal clipart png;10
cute animal family clipart;10
cute animal head clipart;10
cute forest animal clipart;10
cute jungle animal clipart;10
cute safari animal clipart;10
cute woodland animal clipart;10
small teddy bear clipart;10
teddy bear family clipart;10
teddy bear reading clipart;10
yellow teddy bear clipart;10
cute animal reading clipart;10
cute valentine animal clipart;10
first birthday cake clipart;10
teddy bear clipart;8
cute animal clipart;2
pregnancy clipart;2
cute clipart animal;2
apple pie clipart;1
moon stars clipart;1
clipart apple pie;1
moon and stars clipart;1
baby alligator clipart;0
baby animal clipart;0
baby animal png;0
baby blanket clipart;0
baby bottle clipart;0
baby boy clipart;0
baby bunny clipart;0
baby clipart;0
baby clipart boy;0
baby clipart easy;0
baby clipart free;0
baby clipart girl;0
baby clipart images;0
baby clipart png;0
baby clipart transparent;0
baby clothes clipart;0
baby deer clipart;0
baby duck clipart;0
baby eating clipart;0
baby elements png;0
baby elephant clipart;0
baby farm animals clipart;0
baby feet clipart;0
baby food jar clipart;0
baby fox clipart;0
baby girl clipart;0
baby goose clipart;0
baby hand clipart;0
baby illustration png;0
baby nursery clipart;0
baby png;0
baby rattle clipart;0
baby shoes clipart;0
baby shower clipart;0
baby stroller clipart;0
baby toys clipart;0
cute baby clipart;0
mother and baby clipart;0
newborn baby clipart;0
vintage baby clipart;0
woodland baby clipart;0
baby boy clipart png;0
baby boy things clipart;0
baby boy toys clipart;0
baby clipart outline;0
baby clipart simple;0
baby dinosaur clipart png;0
baby elephant clipart png;0
baby girl clipart png;0
baby leopard clipart;0
baby new year clipart;0
baby octopus clipart;0
baby otter clipart;0
baby reindeer clipart;0
baby romper clipart;0
baby shower png clipart;0
baby turkey clipart;0
baby unicorn clipart;0
baby vest clipart;0
baby walker clipart;0
cute baby animals clipart;0
cute baby deer clipart;0
cute baby dragon clipart;0
cute baby face clipart;0
cute baby flamingo clipart;0
cute baby giraffe clipart;0
cute baby panda clipart;0
cute baby zebra clipart;0
new baby girl clipart;0
watercolor baby animals png;0
cute baby elephant png;0
cute baby lion clipart;0
cute baby penguin clipart;0
cute baby reindeer clipart;0
cute baby turkey clipart;0
cute baby unicorn png;0
baby watercolor clipart;0
baby watercolor png;0
baby digital clipart;0
baby digital graphics;0
baby illustration clipart;0
baby graphics png;0
baby design elements;0
baby clipart bundle;0
baby png bundle;0
baby transparent png;0
baby printable graphics;0
baby craft clipart;0
baby sticker clipart;0
baby scrapbook clipart;0
baby sublimation clipart;0
newborn watercolor clipart;0
newborn png clipart;0
cute newborn clipart;0
baby themed clipart;0
baby digital download;0
watercolor baby png;0
baby clipart set;0
safari baby clipart;0
boho baby clipart;0
ocean baby clipart;0
mushroom baby clipart;0
cottagecore baby clipart;0
floral baby clipart;0
pastel baby clipart;0
nursery clipart png;0
stork baby clipart;0
baby shirt clipart;0
baby journal clipart;0
baby printable clipart;0
sublimation baby png;0
winter baby clipart;0
fall baby clipart;0
pumpkin baby clipart;0
christmas baby clipart;0
snowflake baby clipart;0
autumn baby clipart;0
holiday baby clipart;0
baby clipart printables;0
baby cliparts;0
baby clipart cute;0
baby clipart drawing;0
baby clipart aesthetic;0
baby clipart animals;0
clipart safari baby;0
baby clipart blue;0
baby clipart brown;0
baby clipart background;0
baby clipart cartoon;0
baby clipart design;0
dress baby clipart;0
baby dog clipart;0
baby dummy clipart;0
baby shower decorations clipart;0
dad baby clipart;0
baby details clipart;0
safari baby elephant clipart;0
baby girl clipart easy;0
baby boy eating clipart;0
baby clipart funny;0
cute baby fox clipart;0
clipart for baby girl;0
baby finger clipart;0
cute baby fish clipart;0
baby clipart green;0
baby gender reveal clipart;0
baby girl shoe clipart;0
sage green baby clipart;0
baby girl outfit clipart;0
baby girl clipart vintage;0
baby girl toys clipart;0
baby girl cow clipart;0
baby clipart hd;0
baby happy clipart;0
baby clipart ideas;0
baby shower image clipart;0
indian baby clipart;0
infant baby boy clipart;0
jungle baby clipart;0
baby jumper clipart;0
baby japanese clipart;0
baby clipart kids;0
cute baby kitten clipart;0
clipart baby koala;0
kangaroo baby clipart;0
baby clipart logo;0
baby lama clipart;0
clipart baby lion;0
little baby clipart;0
lavender baby shower clipart;0
lemon baby shower clipart;0
baby shower moon clipart;0
mexican baby shower clipart;0
muslim baby clipart;0
baby mouse clipart;0
baby clipart neutral;0
baby girl newborn clipart;0
baby nose clipart;0
nautical baby clipart;0
baby boy nursery clipart;0
picture of baby clipart;0
baby shower clipart outline;0
orange baby clipart;0
baby clipart picture;0
baby puppy clipart;0
pumpkin baby shower clipart;0
baby powder clipart;0
pink baby crib clipart;0
baby play clipart;0
baby q clipart;0
baby clipart red;0
baby rabbit clipart;0
rainbow baby clipart;0
baby rooster clipart;0
baby clipart stickers;0
baby clipart standing;0
baby clipart sleeping;0
baby clipart svg;0
boho baby shower clipart;0
baby clipart to color;0
vintage baby toys clipart;0
teddy bear baby clipart;0
baby shower themes clipart;0
baby trolley clipart;0
baby ultrasound clipart;0
unisex baby clipart;0
unborn baby clipart;0
cute baby unicorn clipart;0
baby clipart vintage;0
baby clipart vector;0
baby boy vintage clipart;0
vintage baby clothes clipart;0
vintage baby stroller clipart;0
vintage baby shoes clipart;0
baby valentine clipart;0
vintage baby doll clipart;0
baby clipart watercolor;0
baby clipart word;0
winter baby shower clipart;0
baby clipart yellow;0
baby yoga clipart;0
young baby clipart;0
1 year baby clipart;0
new years baby clipart;0
zebra baby clipart;0
6 months baby clipart;0
90s baby clipart;0
baby stroller clipart png;0
baby shoes clipart png;0
baby dino watercolor clipart;0
watercolor baby boy clipart;0
watercolor baby clipart;0
watercolor baby bear clipart;0
baby dragon watercolor clipart;0
baby girl clipart watercolor;0
watercolor baby clothes clipart;0
baby lion watercolor clipart;0
baby shower watercolor clipart;0
watercolor baby girl png;0
baby boy watercolor png;0
watercolor baby shower png;0
cute baby clipart png;0
clipart baby cute;0
cute baby shower clipart;0
cute baby chicken clipart;0
cute baby donkey clipart;0
cute baby angel clipart;0
cute baby alligator clipart;0
cute baby astronaut clipart;0
cute baby duck clipart;0
cute baby dino clipart;0
cute clipart for baby;0
cute baby fairy clipart;0
baby girl cute clipart;0
cute baby goose clipart;0
cute baby goat clipart;0
cute baby girls clipart;0
cute baby horse clipart;0
cute baby lamb clipart;0
cute baby monkey clipart;0
cute baby mermaid clipart;0
cute baby owl clipart;0
cute baby pics clipart;0
cute baby princess clipart;0
cute baby rhino clipart;0
cute baby rabbit clipart;0
cute baby snake clipart;0
cute baby sleeping clipart;0
cute baby sheep clipart;0
cute baby turtle clipart;0
cute baby tiger clipart;0
cute baby wolf clipart;0
cute baby png images;0
cute baby png photo;0
cute baby png hd;0
cute baby blue png;0
cute baby sticker png;0
baby boy cute png;0
baby blue pngs cute;0
baby bear cute png;0
cute baby animal png;0
cute animals baby png;0
cute baby angel png;0
cute baby deer png;0
cute baby dino png;0
cute baby dragon png;0
cute baby dog png;0
baby duck cute png;0
cute baby dinosaur png;0
cute baby elements png;0
cute baby face png;0
cute baby fox png;0
cute baby fairy png;0
cute png for baby;0
baby girl cute png;0
cute baby girls png;0
cute baby giraffe png;0
cute baby head png;0
cute baby horse png;0
cute baby illustration png;0
cute baby image png;0
cute baby icon png;0
cute png icons baby;0
cute baby kitten png;0
cute little baby png;0
cute baby lion png;0
cute baby lamb png;0
cute baby logo png;0
cute baby monkey png;0
my cute baby png;0
cute baby name png;0
cute baby outfit png;0
cute baby quotes png;0
cute baby rabbit png;0
cute baby stuff png;0
safari baby cute png;0
cute baby shoes png;0
cute baby turtle png;0
cute baby tiger png;0
cute baby things png;0
cute baby tee png;0
cute baby toys png;0
cute baby yellow png;0
cute baby zebra png;0
baby boy illustration png;0
baby shower illustration png;0
baby girl illustration png;0
baby boy graphics png;0
baby shower elements design;0
baby boy design elements;0
baby girl design elements;0
baby blue design elements;0
baby elements design;0
baby bundle png;0
baby illustrations watercolor;0
baby bottle transparent png;0
baby clipart sticker;0
baby boy sticker clipart;0
baby boy scrapbook clipart;0
scrapbook clipart baby;0
baby girl scrapbook clipart;0
nursery baby clipart;0
baby girl nursery clipart;0
newborn boy clipart;0
baby boy newborn clipart;0
clipart newborn;0
newborn girl clipart;0
baby boy themed clipart;0
baby blue elements png;0
baby shower elements png;0
baby pink elements png;0
baby boy png;0
baby frame png free;0
baby hat png;0
baby penguin;0
baby png background;0
baby png cartoon;0
baby png icon;0
baby png logo;0
baby png picture;0
baby png text;0
baby quotes png;0
baby shower png;0
80s baby png;0
90s baby png;0
animal baby clipart;0
baby farm animal clipart;0
baby png transparent;0
baby png vector;0
baby safari animal clipart;0
baby shower animal clipart;0
baby unicorn png;0
baby woodland animal clipart;0
baby elephant face clipart;0
elephant and baby clipart;0
pink baby elephant clipart;0
watercolor farm animal clipart;0
baby girl elements png;0
baby boy elements png;0
baby png image;0
baby png aesthetic;0
baby png clip art;0
baby png girl;0
baby png drawing;0
baby png sticker;0
baby png black;0
baby png cute;0
baby blue png;0
newborn baby png;0
newborn baby girl png;0
baby png art;0
baby png anime;0
baby png animated;0
baby png boy;0
baby png blue;0
baby png brown;0
baby png birthday;0
baby png crying;0
baby png clothes;0
baby png cry;0
baby png crawling;0
baby png design;0
baby png draw;0
baby png desenho;0
baby png dot;0
dino baby png;0
png baby doll;0
baby png emoji;0
baby png edit;0
baby emu png;0
sleeping baby elephant png;0
baby png funny;0
baby png face;0
baby png font;0
baby png green;0
baby girl dresses png;0
afro baby girl png;0
islamic baby girl png;0
baby girl purple png;0
baby pink glitter png;0
baby png head;0
baby png hair;0
dad holding baby png;0
baby png items;0
baby shower image png;0
baby cartoon png image;0
baby lion image png;0
baby yellow icon png;0
baby kids dress png;0
baby kawaii icons png;0
baby png letras;0
baby png letter;0
leao baby png;0
baby png material;0
baby png name;0
baby name png image;0
baby png overlay;0
oh baby topper png;0
ovelha baby png;0
oh baby vector png;0
baby png photo;0
baby png pink;0
baby png pfp;0
queen baby png;0
baby birthday quotes png;0
quadro baby png;0
baby shower quote png;0
baby quotes girl png;0
baby quotes boy png;0
baby quadrado png;0
baby png real;0
baby reindeer png;0
baby png sleep;0
baby png stuff;0
baby png sleeping;0
baby png sitting;0
baby png things;0
baby png toys;0
baby wrapped up png;0
ursinha baby png;0
baby png vintage;0
baby png video;0
vaca baby png;0
baby vest png;0
baby png word;0
baby png white;0
baby png wrapped;0
family with baby png;0
father with baby png;0
baby png yellow;0
zebra baby png;0
1 month baby png;0
1month baby png;0
2 month baby png;0
dino baby 2 png;0
2000s baby tee png;0
2000s baby png;0
3 month baby png;0
4 months baby png;0
40 days baby png;0
5 months baby png;0
6 months baby png;0
7 months baby png;0
8 month baby png;0
9 months baby png;0
baby tees 90s png;0
baby shower clipart set;0
baby boy animal clipart;0
baby girl animal clipart;0
teddy bear clipart girl;0
teddy bear clipart blue;0
teddy bear clipart boy;0
teddy bear aesthetic clipart;0
teddy bear clipart purple;0
teddy bear clipart beige;0
teddy bear clipart face;0
teddy bear clipart aesthetic;0
teddy bear aviator clipart;0
teddy bear clipart baby;0
teddy bear clipart brown;0
teddy bear clipart christmas;0
teddy bear clipart car;0
teddy bear doll clipart;0
easter teddy bear clipart;0
fluffy teddy bear clipart;0
teddy bear clipart green;0
girly teddy bear clipart;0
teddy bear clipart hd;0
hugging teddy bear clipart;0
little teddy bear clipart;0
my teddy bear clipart;0
neutral teddy bear clipart;0
orange teddy bear clipart;0
teddy bear party clipart;0
preppy teddy bear clipart;0
teddy bear parachute clipart;0
clipart pink teddy bear;0
teddy bear clipart red;0
teddy bear clipart standing;0
sailor teddy bear clipart;0
teddy bear sketch clipart;0
soft teddy bear clipart;0
teddy bear clipart vintage;0
teddy bear clipart watercolor;0
2 teddy bear clipart;0
teddy bear clipart 3d;0
deer baby clipart;0
fawn clipart baby deer;0
baby shower bunny clipart;0
baby girl bunny clipart;0
baby boy bunny clipart;0
bunny baby clipart;0
cute baby bunny clipart;0
white baby duck clipart;0
duck baby clipart;0
duck baby shower clipart;0
goose baby shower clipart;0
baby safari animal png;0
baby farm animal png;0
animal baby shower png;0
animal baby png;0
cute animal watercolor clipart;0
woodland animal watercolor clipart;0
watercolor sea animal clipart;0
animal watercolor clipart;0
watercolor safari animal clipart;0
cute animal clipart bunny;0
cute animal clipart wolf;0
cute animal clipart tiger;0
cute animal clipart dog;0
cute animal clipart koala;0
cute animal clipart horse;0
cute animal clipart butterfly;0
cute animal clipart bear;0
cute animal clipart blue;0
cute animal birthday clipart;0
cute animal clipart cat;0
cute animal clipart drawing;0
cute animal clipart deer;0
cute animal clipart duck;0
cute animal drawings clipart;0
cute animal clipart elephant;0
cute easter animal clipart;0
funny cute animal clipart;0
cute animal clipart goat;0
cute animal clipart lion;0
cute animal clipart monkey;0
cute animal clipart penguin;0
cute animal clipart panda;0
cute animal picture clipart;0
cute pink animal clipart;0
cute animal clipart rabbit;0
baby boy bottle clipart;0
baby boy clothes clipart;0
baby boy shoes clipart;0
baby clothes hanging clipart;0
baby girl bottle clipart;0
baby girl clothes clipart;0
baby girl shoes clipart;0
baby mermaid clipart;0
baby milk bottle clipart;0
baby shower clipart boy;0
baby shower clipart girl;0
baby shower clipart images;0
baby shower clipart png;0
baby shower invitation clipart;0
baby stork clipart;0
baby with bottle clipart;0
baby woodland animals clipart;0
blue baby rattle clipart;0
blue baby shoes clipart;0
clipart baby shoes;0
pink baby rattle clipart;0
safari baby animals clipart;0
stork and baby clipart;0
stork with baby clipart;0
woodland baby shower clipart;0
baby boy frame clipart;0
baby boy onesie clipart;0
baby girl angel clipart;0
baby girl face clipart;0
baby girl items clipart;0
baby girl sleeping clipart;0
baby pumpkin clipart;0
new baby boy clipart;0
twin baby boy clipart;0
welcome baby boy clipart;0
cute animal clipart sheep;0
cute animal clipart snake;0
cute animal sticker clipart;0
cute animal clipart turtle;0
cute animal clipart unicorn;0
cute wild animal clipart;0
cute animal waving clipart;0
baby woodland clipart;0
safari baby shower clipart;0
boho baby boy clipart;0
boho baby girl clipart;0
baby boho clipart;0
boho baby watercolor clipart;0
boho baby crib clipart;0
boho baby toys clipart;0
baby vintage clipart;0
vintage baby carriage clipart;0
baby clothes cliparts;0
baby clothes clipart brown;0
pink baby clothes clipart;0
baby cowboy clothes clipart;0
western baby clothes clipart;0
baby clothes line clipart;0
baby shower clothes clipart;0
baby with toys clipart;0
baby playing toys clipart;0
baby shower toys clipart;0
pink baby toys clipart;0
baby hanging toys clipart;0
baby girl stroller clipart;0
clipart baby stroller;0
blue baby stroller clipart;0
pink baby stroller clipart;0
baby boy stroller clipart;0
baby in stroller clipart;0
baby bottle clipart outline;0
baby bottle blue clipart;0
bottle baby clipart;0
baby feeding bottle clipart;0
green baby bottle clipart;0
baby bottle pink clipart;0
red baby bottle clipart;0
baby shoes clipart blue;0
baby shoes cliparts;0
green baby shoes clipart;0
baby shoes pink clipart;0
brown baby shoes clipart;0
baby boy rattle clipart;0
stork baby girl clipart;0
baby boy stork clipart;0
baby t shirt clipart;0
baby boy shirt clipart;0
baby shower clipart printable;0
baby girl clipart printable;0
sticker bundle png;0
baby shower clipart background;0
baby shower clipart green;0
baby shower clipart blue;0
baby shower dress clipart;0
dinosaur baby shower clipart;0
baby shower elements clipart;0
fall baby shower clipart;0
golf baby shower clipart;0
baby shower clipart hd;0
halloween baby shower clipart;0
baby shower ideas clipart;0
baby shower lady clipart;0
baby shower mother clipart;0
neutral baby shower clipart;0
orange baby shower clipart;0
baby shower clipart purple;0
baby shower props clipart;0
baby shower pink clipart;0
baby shower rainbow clipart;0
baby shower round clipart;0
red baby shower clipart;0
baby shower clipart twins;0
baby shower teddy clipart;0
vintage baby shower clipart;0
western baby shower clipart;0
baby shower women clipart;0
yellow baby shower clipart;0
baby newborn clipart;0
baby boy clipart printable;0
baby boy clipart watercolor;0
baby boy clipart cute;0
baby boy clipart blue;0
baby boy clipart sticker;0
baby boy clipart background;0
baby boy clipart drawing;0
baby boy cradle clipart;0
baby boy parachute clipart;0
arab baby boy clipart;0
baby boy announcement clipart;0
baby boy accessories clipart;0
angel baby boy clipart;0
baby boy design clipart;0
baby boy dress clipart;0
baby boy dino clipart;0
clipart for baby boy;0
baby boy clipart green;0
baby boy girl clipart;0
baby boy giraffe clipart;0
baby boy items clipart;0
indian baby boy clipart;0
little baby boy clipart;0
muslim baby boy clipart;0
baby boy outfit clipart;0
clipart of baby boy;0
baby boy pram clipart;0
baby boy room clipart;0
baby boy romper clipart;0
baby boy sitting clipart;0
baby boy theme clipart;0
winter baby boy clipart;0
baby girl clipart cute;0
baby girl clipart drawing;0
baby girl clipart frame;0
baby girl clipart purple;0
baby girl clipart dress;0
baby girl accessories clipart;0
a baby girl clipart;0
baby girl doll clipart;0
baby girl dresses clipart;0
baby girl elements clipart;0
baby girl flower clipart;0
happy baby girl clipart;0
baby girl head clipart;0
indian baby girl clipart;0
little baby girl clipart;0
muslim baby girl clipart;0
baby girl panda clipart;0
baby girl praying clipart;0
red baby girl clipart;0
baby girl romper clipart;0
baby girl stuff clipart;0
school baby girl clipart;0
strawberry baby girl clipart;0
baby girl things clipart;0
twin baby girl clipart;0
baby girl teddy clipart;0
baby girl theme clipart;0
girl with baby clipart;0
gender neutral baby clipart;0
first birthday girl clipart;0
first rodeo birthday clipart;0
beary first birthday clipart;0
my first birthday clipart;0
pregnancy clipart illustrations;0
pregnancy photos clipart;0
pregnancy couple clipart;0
pregnancy ultrasound clipart;0
clipart pregnancy;0
twin pregnancy clipart;0
pregnancy announcement clipart;0
pregnancy journal clipart;0
pregnancy lady clipart;0
pregnancy women clipart;0
winter baby girl clipart;0
baby christmas clipart;0
baby boy christmas clipart;0
baby girl christmas clipart;0
baby first christmas clipart;0
christmas baby clothes clipart;0
christmas baby shower clipart;0