shabby chic shower curtain;880
cottagecore shower curtain;390
woodland animal theme;140
woodland party theme;90
woodland theme party;90
teddy bear shower curtain;70
woodland animal shower curtain;50
baby shower invitations;49
dark cottagecore shower curtain;40
forest animal shower curtain;40
teddy bear shower;30
gender neutral shower;30
woodland theme party decor;30
baby shower decorations;27
baby shower themes;27
woodland theme shower;20
forest animal theme;20
woodland shower theme;20
shabby chic floral shower curtain;20
teddy bear shower favors;20
baby shower ideas;18
shabby chic shower;10
cutie pie theme;10
little pumpkin shower;10
teddy bear shower ideas;10
teddy bear shower invitations;10
woodland animal shower ideas;10
diy shower decorations;10
gender neutral shower gifts;10
gender neutral shower ideas;10
gender neutral shower invitations;10
woodland animal theme cake;10
woodland animal theme party;10
woodland animals party theme;10
woodland party theme decorations;10
woodland theme party bags;10
woodland theme party ideas;10
forest animal themed snacks;10
cutie pie first birthday theme;10
little pumpkin shower cake;10
little pumpkin shower ideas;10
little pumpkin shower invitations;10
baby shower thank you cards;8
baby shower invitations girl;6
baby shower invitations boy;5
animal baby shower;0
baby boy party;0
baby boy safari;0
baby boy shower;0
baby boy shower ideas;0
baby boy themes;0
baby boy vintage;0
baby girl floral;0
baby girl party;0
baby girl shower;0
baby girl shower ideas;0
baby girl themes;0
baby girl vintage;0
baby girl woodland;0
baby shower art;0
baby shower celebration;0
baby shower centerpiece;0
baby shower clipart;0
baby shower clipart png;0
baby shower decor;0
baby shower decor ideas;0
baby shower decoration ideas;0
baby shower decorations diy;0
baby shower design;0
baby shower details;0
baby shower diy;0
baby shower graphics;0
baby shower illustrations;0
baby shower inspiration;0
baby shower invitation clipart;0
baby shower labels;0
baby shower party;0
baby shower party ideas;0
baby shower party themes;0
baby shower planning;0
baby shower planning ideas;0
baby shower png;0
baby shower printables;0
baby shower setup;0
baby shower stickers;0
baby shower styling;0
baby shower table decor;0
baby shower templates;0
baby shower theme;0
baby shower theme ideas;0
bear baby shower;0
bee baby shower;0
beige baby shower;0
bird baby shower;0
blue baby shower;0
boho baby shower;0
boy baby shower;0
bunny baby shower;0
butterfly baby shower;0
chic baby shower;0
classic baby shower;0
cloud baby shower;0
country baby shower;0
deer baby shower;0
duck baby shower;0
elegant baby shower;0
elephant baby shower;0
fairy baby shower;0
farm baby shower;0
fishing baby shower;0
floral baby shower;0
flower baby shower;0
forest baby shower;0
fox baby shower;0
garden baby shower;0
gender neutral baby shower;0
girl baby shower;0
lavender baby shower;0
little cutie baby shower;0
mermaid baby shower;0
minimalist baby shower;0
modern baby shower;0
moon baby shower;0
natural baby shower;0
nature baby shower;0
neutral baby shower;0
ocean baby shower;0
pastel baby shower;0
picnic baby shower theme;0
pink baby shower;0
pretty baby shower;0
princess baby shower;0
rainbow baby shower;0
retro baby shower;0
rustic baby shower;0
safari baby shower;0
safari baby shower theme;0
shark baby shower;0
simple baby shower;0
star baby shower;0
stork baby shower;0
stork baby shower theme;0
storybook baby shower;0
sunshine baby shower;0
teddy bear baby shower;0
twin baby shower;0
unicorn baby shower;0
vintage baby shower;0
watercolor baby shower;0
whimsical baby shower;0
winter wonderland baby shower;0
woodland animals baby shower;0
woodland baby shower;0
apple baby shower;0
baby girl butterfly;0
baby girl deer;0
baby girl teddy bear;0
baby girl unicorn;0
baby shower cards;0
baby shower centerpieces;0
baby shower crafts;0
baby shower designs;0
baby shower elements;0
baby shower printable;0
baby shower scrapbook;0
baby shower signs;0
baby shower stationery;0
baby shower themes boy;0
baby shower themes girl;0
baby shower themes ideas;0
baby shower themes neutral;0
baby shower watercolor;0
boy baby shower themes;0
fruit baby shower;0
gingerbread baby theme;0
neutral baby shower themes;0
neutral baby theme;0
pumpkin baby shower;0
summer baby shower themes;0
sweet baby shower;0
unique baby shower themes;0
apple pie baby shower;0
gingerbread baby shower;0
fall pumpkin baby shower;0
cottagecore baby shower;0
baby shower watercolor theme;0
mushroom baby shower theme;0
baby shower watercolor clipart;0
baby shower watercolor png;0
watercolor baby shower graphics;0
baby shower digital clipart;0
baby shower digital graphics;0
baby shower png elements;0
baby shower watercolor elements;0
baby shower design elements;0
baby shower invitation graphics;0
baby shower printable clipart;0
baby shower printable graphics;0
baby shower party clipart;0
baby shower decoration clipart;0
baby shower floral clipart;0
cute baby shower clipart;0
neutral baby shower clipart;0
baby shower digital download;0
baby shower craft graphics;0
baby shower decorative elements;0
baby shower png bundle;0
goose baby shower;0
woodland animal shower;0
safari animal shower;0
shower invitation diy;0
shower welcome sign;0
shower card diy;0
shower signs diy;0
diy shower decor;0
baby shower crafting;0
shower digital paper;0
baby shower aesthetic;0
baby shower party decor;0
romantic baby shower;0
undersea baby shower;0
earthy baby shower;0
soft baby shower;0
dreamy baby shower;0
cozy baby shower;0
sage baby shower;0
neutral shower theme;0
boho shower theme;0
vintage shower theme;0
rustic shower theme;0
cottagecore shower;0
baby boy shower theme;0
baby boy shower decor;0
baby boy woodland;0
baby boy animals;0
baby boy ocean;0
baby boy duck;0
baby boy forest;0
baby boy adventure;0
baby boy camping;0
baby boy outdoors;0
blueberry baby shower;0
baby girl shower theme;0
woodland girl shower;0
baby girl boho;0
baby girl cottagecore;0
baby girl bunny;0
baby girl garden;0
baby girl rainbow;0
neutral baby themes;0
neutral shower ideas;0
neutral baby party;0
neutral baby decor;0
boho neutral shower;0
neutral woodland shower;0
neutral teddy bear;0
neutral safari shower;0
neutral animal shower;0
neutral rainbow shower;0
neutral nature shower;0
neutral forest shower;0
neutral baby animals;0
cream baby shower;0
beige shower theme;0
sage shower theme;0
neutral nursery shower;0
minimal baby shower;0
woodland shower ideas;0
woodland baby themes;0
woodland animals shower;0
forest shower theme;0
forest baby themes;0
forest animal shower;0
woodland nursery shower;0
woodland boy shower;0
woodland bunny shower;0
woodland fox shower;0
woodland deer shower;0
woodland bear shower;0
woodland mushroom shower;0
mushroom baby shower;0
mushroom shower theme;0
mushroom baby theme;0
forest mushroom shower;0
woodland floral shower;0
woodland nature shower;0
woodland cottage shower;0
rustic woodland shower;0
cutie pie shower;0
apple pie shower;0
apple pie theme;0
apple themed shower;0
blueberry shower theme;0
berry baby shower;0
pumpkin shower theme;0
pumpkin baby theme;0
gingerbread shower theme;0
christmas cookie shower;0
cookie baby shower;0
cookie shower theme;0
baby shower artwork;0
baby shower themes fall;0
baby shower themes winter;0
baby shower themes summer;0
baby shower themes autumn;0
baby shower themes aesthetic;0
baby shower themes animals;0
baby shower themes adventure;0
baby shower themes alternative;0
baby shower themes bear;0
baby shower themes brunch;0
baby shower themes blue;0
baby shower themes books;0
baby shower themes butterfly;0
baby shower themes brown;0
baby shower themes country;0
baby shower themes cowboy;0
baby shower themes cherry;0
baby shower themes cow;0
baby shower themes cowgirl;0
baby shower themes classy;0
baby shower themes characters;0
baby shower themes duck;0
baby shower themes decoration;0
baby shower themes dinosaur;0
baby shower themes diy;0
baby shower themes decor;0
baby shower themes dumpling;0
baby shower themes dragon;0
baby shower themes different;0
baby shower themes easy;0
baby shower themes elephant;0
baby shower themes earthy;0
baby shower themes enchanted;0
baby shower themes green;0
baby shower themes honey;0
baby shower themes hunting;0
baby shower themes heaven;0
baby shower themes invitations;0
baby shower themes lemon;0
baby shower themes list;0
baby shower themes ladybug;0
baby shower themes lavender;0
baby shower themes lamb;0
baby shower themes mexican;0
baby shower themes mushroom;0
baby shower themes moon;0
baby shower themes minimalist;0
baby shower themes music;0
baby shower themes nature;0
baby shower themes outdoor;0
baby shower themes ocean;0
baby shower themes orange;0
baby shower themes outside;0
baby shower themes olive;0
baby shower themes pink;0
baby shower themes pizza;0
baby shower themes purple;0
baby shower themes princess;0
baby shower themes pumpkin;0
baby shower themes pasta;0
baby shower themes pop;0
baby shower themes quirky;0
quick baby shower themes;0
baby shower themes red;0
baby shower themes rainbow;0
baby shower themes rustic;0
baby shower themes retro;0
baby shower themes rave;0
baby shower themes racing;0
baby shower themes rodeo;0
baby shower themes simple;0
baby shower themes spring;0
baby shower themes strawberry;0
baby shower themes spanish;0
baby shower themes sunshine;0
baby shower themes safari;0
baby shower themes twins;0
baby shower themes traditional;0
baby shower themes travel;0
baby shower themes taco;0
baby shower themes topper;0
baby shower themes unique;0
baby shower themes uncommon;0
baby shower themes umbrella;0
baby shower themes vintage;0
baby shower themes videos;0
baby shower themes victorian;0
baby shower themes violet;0
baby shower themes western;0
baby shower themes woodland;0
baby shower themes whimsical;0
baby shower themes wildflower;0
baby shower themes white;0
baby shower themes yellow;0
top 10 baby shower themes;0
boho baby shower backdrop;0
boho baby shower background;0
boho baby shower balloons;0
boho baby shower banner;0
boho baby shower boy;0
boho baby shower cake;0
boho baby shower centerpieces;0
boho baby shower cookies;0
boho baby shower cupcakes;0
boho baby shower decor;0
boho baby shower decorations;0
boho baby shower dress;0
boho baby shower favors;0
boho baby shower flowers;0
boho baby shower food;0
boho baby shower games;0
boho baby shower gifts;0
boho baby shower ideas;0
boho baby shower invitations;0
boho baby shower outfit;0
boho baby shower theme;0
lavender baby shower cake;0
lavender baby shower centerpieces;0
lavender baby shower decorations;0
lavender baby shower dress;0
lavender baby shower ideas;0
lavender baby shower invitations;0
mermaid baby shower backdrop;0
mermaid baby shower background;0
mermaid baby shower banner;0
mermaid baby shower cake;0
mermaid baby shower centerpieces;0
mermaid baby shower cookies;0
mermaid baby shower cupcakes;0
mermaid baby shower decor;0
mermaid baby shower decorations;0
mermaid baby shower desserts;0
mermaid baby shower dress;0
mermaid baby shower favors;0
mermaid baby shower games;0
mermaid baby shower ideas;0
mermaid baby shower invitations;0
mermaid baby shower outfit;0
mermaid baby shower shirts;0
mermaid baby shower theme;0
mermaid baby shower treats;0
shark baby shower cake;0
shark baby shower decorations;0
shark baby shower ideas;0
shark baby shower invitations;0
shark baby shower theme;0
vintage baby shower cake;0
vintage baby shower decorations;0
vintage baby shower girl;0
vintage baby shower ideas;0
vintage baby shower theme;0
duck baby shower cake;0
duck baby shower centerpieces;0
duck baby shower decorations;0
duck baby shower favors;0
duck baby shower games;0
duck baby shower girl;0
duck baby shower ideas;0
duck baby shower invitations;0
duck baby shower theme;0
baby shower printables boy;0
baby shower printables free;0
baby shower printables games;0
baby shower printables girl;0
baby shower clipart boy;0
baby shower clipart girl;0
cottagecore baby shower ideas;0
cottagecore baby shower theme;0
cottagecore baby shower decorations;0
baby shower templates free;0
safari baby shower themes;0
safari baby shower boy;0
safari baby shower girl;0
safari baby shower decorations;0
safari baby shower ideas;0
safari baby shower invitations;0
blue teddy bear baby;0
christmas baby shower themes;0
baby shower clipart free;0
baby shower boy clipart;0
baby shower girl clipart;0
watercolor baby shower clipart;0
baby shower boy illustrations;0
baby shower girl illustrations;0
baby shower ideas boy;0
baby shower ideas girl;0
baby shower ideas neutral;0
baby shower decor boy;0
baby shower decor girl;0
baby shower decor neutral;0
baby shower decor floral;0
baby shower decor fall;0
baby shower decor summer;0
baby shower decor spring;0
baby shower decor winter;0
baby shower decoration ideas;0
baby shower invitations templates;0